-- phpMyAdmin SQL Dump
-- version 4.8.4
-- https://www.phpmyadmin.net/
--
-- Host: 127.0.0.1
-- Generation Time: Feb 15, 2019 at 03:11 PM
-- Server version: 10.1.37-MariaDB
-- PHP Version: 5.6.39

SET SQL_MODE = "NO_AUTO_VALUE_ON_ZERO";
SET AUTOCOMMIT = 0;
START TRANSACTION;
SET time_zone = "+00:00";


/*!40101 SET @OLD_CHARACTER_SET_CLIENT=@@CHARACTER_SET_CLIENT */;
/*!40101 SET @OLD_CHARACTER_SET_RESULTS=@@CHARACTER_SET_RESULTS */;
/*!40101 SET @OLD_COLLATION_CONNECTION=@@COLLATION_CONNECTION */;
/*!40101 SET NAMES utf8mb4 */;

--
-- Database: `testdb5`
--

-- --------------------------------------------------------

--
-- Table structure for table `coupons`
--

CREATE TABLE `coupons` (
  `id` int(11) NOT NULL,
  `type` enum('prepaid','partiallypaid','discount') NOT NULL,
  `code` varchar(255) NOT NULL,
  `discount` int(11) NOT NULL,
  `expDate` datetime NOT NULL,
  `status` enum('generated','expired','used') NOT NULL,
  `userId` int(11) NOT NULL,
  `createdAt` datetime NOT NULL,
  `updatedAt` datetime NOT NULL
) ENGINE=InnoDB DEFAULT CHARSET=latin1;

-- --------------------------------------------------------

--
-- Table structure for table `domain`
--

CREATE TABLE `domain` (
  `id` int(11) NOT NULL,
  `domainName` varchar(255) NOT NULL,
  `createdAt` datetime NOT NULL,
  `updatedAt` datetime NOT NULL,
  `status` enum('active','inactive') NOT NULL
) ENGINE=InnoDB DEFAULT CHARSET=latin1;

--
-- Dumping data for table `domain`
--

INSERT INTO `domain` (`id`, `domainName`, `createdAt`, `updatedAt`, `status`) VALUES
(1, 'Information Technology', '2019-02-13 05:52:31', '2019-02-13 05:52:31', 'active');

-- --------------------------------------------------------

--
-- Table structure for table `exp_level`
--

CREATE TABLE `exp_level` (
  `id` int(11) NOT NULL,
  `experiance` varchar(255) NOT NULL COMMENT '1-2 Years,2-4 Years ',
  `createdAt` datetime NOT NULL,
  `updatedAt` datetime NOT NULL,
  `organizationId` int(11) DEFAULT NULL,
  `userId` int(11) NOT NULL
) ENGINE=InnoDB DEFAULT CHARSET=latin1;

--
-- Dumping data for table `exp_level`
--

INSERT INTO `exp_level` (`id`, `experiance`, `createdAt`, `updatedAt`, `organizationId`, `userId`) VALUES
(1, '0-2', '2019-02-13 05:52:46', '2019-02-13 05:52:46', NULL, 1),
(2, '2-4', '2019-02-13 05:52:55', '2019-02-13 05:52:55', NULL, 1);

-- --------------------------------------------------------

--
-- Table structure for table `interview`
--

CREATE TABLE `interview` (
  `id` int(11) NOT NULL,
  `type` enum('async','ff') NOT NULL COMMENT 'ff-face to face',
  `domainId` int(11) NOT NULL,
  `subDomainId` int(11) NOT NULL,
  `expLevelId` int(11) NOT NULL,
  `interviewId` varchar(255) NOT NULL,
  `start_date` datetime NOT NULL,
  `end_date` datetime NOT NULL,
  `duration` int(11) NOT NULL COMMENT 'duration in minutes',
  `questionCount` int(11) NOT NULL,
  `organizationId` int(11) DEFAULT NULL,
  `userId` int(11) NOT NULL,
  `createdAt` datetime NOT NULL,
  `updatedAt` datetime NOT NULL
) ENGINE=InnoDB DEFAULT CHARSET=latin1;

--
-- Dumping data for table `interview`
--

INSERT INTO `interview` (`id`, `type`, `domainId`, `subDomainId`, `expLevelId`, `interviewId`, `start_date`, `end_date`, `duration`, `questionCount`, `organizationId`, `userId`, `createdAt`, `updatedAt`) VALUES
(1, 'async', 1, 1, 1, 'AI01001-000001', '2019-02-13 00:00:00', '2019-02-28 00:00:00', 30, 4, 1, 5, '2019-02-13 07:06:41', '2019-02-13 07:06:41');

-- --------------------------------------------------------

--
-- Table structure for table `interview_experts`
--

CREATE TABLE `interview_experts` (
  `id` int(11) NOT NULL,
  `interviewUserId` int(11) NOT NULL,
  `expertId` int(11) NOT NULL,
  `feedback` text,
  `status` enum('open','inprogress','completed') NOT NULL,
  `createdAt` datetime NOT NULL,
  `updatedAt` datetime NOT NULL
) ENGINE=InnoDB DEFAULT CHARSET=latin1;

--
-- Dumping data for table `interview_experts`
--

INSERT INTO `interview_experts` (`id`, `interviewUserId`, `expertId`, `feedback`, `status`, `createdAt`, `updatedAt`) VALUES
(1, 3, 3, 'df gdfgdfgd dfg dfg', 'completed', '2019-02-13 08:04:57', '2019-02-15 12:09:56'),
(2, 4, 3, NULL, 'open', '2019-02-13 12:13:32', '2019-02-13 12:13:32');

-- --------------------------------------------------------

--
-- Table structure for table `interview_experts_feedback`
--

CREATE TABLE `interview_experts_feedback` (
  `id` int(11) NOT NULL,
  `interviewExpertId` int(11) NOT NULL,
  `interviewUserQuestionId` int(11) NOT NULL,
  `review` text,
  `rating` enum('1','2','3','4','5') DEFAULT NULL,
  `createdAt` datetime NOT NULL,
  `updatedAt` datetime NOT NULL
) ENGINE=InnoDB DEFAULT CHARSET=latin1;

--
-- Dumping data for table `interview_experts_feedback`
--

INSERT INTO `interview_experts_feedback` (`id`, `interviewExpertId`, `interviewUserQuestionId`, `review`, `rating`, `createdAt`, `updatedAt`) VALUES
(1, 1, 9, 'hello new test', '3', '2019-02-13 08:04:57', '2019-02-15 11:52:06'),
(2, 1, 10, 'this is sample test', '2', '2019-02-13 08:04:57', '2019-02-15 07:22:24'),
(3, 1, 11, 'hello test', '2', '2019-02-13 08:04:57', '2019-02-15 07:23:39'),
(4, 1, 12, 'dfgdfg', '2', '2019-02-13 08:04:57', '2019-02-14 13:58:33'),
(5, 2, 13, 'dfgdfg', '1', '2019-02-13 12:13:32', '2019-02-15 11:49:59'),
(6, 2, 14, NULL, NULL, '2019-02-13 12:13:32', '2019-02-13 12:13:32'),
(7, 2, 15, NULL, NULL, '2019-02-13 12:13:32', '2019-02-13 12:13:32'),
(8, 2, 16, 'dfccfb', '1', '2019-02-13 12:13:32', '2019-02-15 11:51:45');

-- --------------------------------------------------------

--
-- Table structure for table `interview_expert_overall_feedback`
--

CREATE TABLE `interview_expert_overall_feedback` (
  `id` int(11) NOT NULL,
  `reportPerameterId` int(11) NOT NULL,
  `interviewExpertId` int(11) NOT NULL,
  `review` text NOT NULL,
  `rating` int(11) NOT NULL COMMENT 'scale 1-10',
  `createdAt` datetime NOT NULL,
  `updatedAt` datetime NOT NULL
) ENGINE=InnoDB DEFAULT CHARSET=latin1;

--
-- Dumping data for table `interview_expert_overall_feedback`
--

INSERT INTO `interview_expert_overall_feedback` (`id`, `reportPerameterId`, `interviewExpertId`, `review`, `rating`, `createdAt`, `updatedAt`) VALUES
(1, 1, 1, 'dfgdfg', 1, '2019-02-15 12:02:19', '2019-02-15 12:02:19'),
(2, 2, 1, 'gdfg', 5, '2019-02-15 12:02:19', '2019-02-15 12:02:19'),
(3, 3, 1, 'dfgdf', 4, '2019-02-15 12:02:19', '2019-02-15 12:02:19'),
(4, 1, 1, 'gdfgd', 2, '2019-02-15 12:08:03', '2019-02-15 12:08:03'),
(5, 2, 1, 'dgdfg', 1, '2019-02-15 12:08:03', '2019-02-15 12:08:03'),
(6, 3, 1, 'dfg dfgdfg', 3, '2019-02-15 12:08:03', '2019-02-15 12:08:03'),
(7, 1, 1, 'gdfgd', 2, '2019-02-15 12:08:12', '2019-02-15 12:08:12'),
(8, 2, 1, 'dgdfg', 1, '2019-02-15 12:08:12', '2019-02-15 12:08:12'),
(9, 3, 1, 'dfg dfgdfg', 3, '2019-02-15 12:08:12', '2019-02-15 12:08:12'),
(10, 1, 1, 'hi1', 5, '2019-02-15 12:08:44', '2019-02-15 12:08:44'),
(11, 2, 1, 'hi2', 2, '2019-02-15 12:08:44', '2019-02-15 12:08:44'),
(12, 3, 1, 'hi3', 7, '2019-02-15 12:08:44', '2019-02-15 12:08:44'),
(13, 1, 1, 'dfgdfg', 0, '2019-02-15 12:09:55', '2019-02-15 12:09:55'),
(14, 2, 1, 'dfgdf ', 0, '2019-02-15 12:09:55', '2019-02-15 12:09:55'),
(15, 3, 1, 'gdfg dfg', 0, '2019-02-15 12:09:55', '2019-02-15 12:09:55');

-- --------------------------------------------------------

--
-- Table structure for table `interview_fixed_questions`
--

CREATE TABLE `interview_fixed_questions` (
  `id` int(11) NOT NULL,
  `interviewId` int(11) NOT NULL,
  `questionId` int(11) NOT NULL,
  `createdAt` datetime(1) NOT NULL,
  `updatedAt` datetime(1) NOT NULL
) ENGINE=InnoDB DEFAULT CHARSET=latin1;

--
-- Dumping data for table `interview_fixed_questions`
--

INSERT INTO `interview_fixed_questions` (`id`, `interviewId`, `questionId`, `createdAt`, `updatedAt`) VALUES
(1, 1, 1, '2019-02-13 07:06:41.0', '2019-02-13 07:06:41.0');

-- --------------------------------------------------------

--
-- Table structure for table `interview_question_template`
--

CREATE TABLE `interview_question_template` (
  `id` int(11) NOT NULL,
  `domainId` int(11) NOT NULL,
  `subDomainId` int(11) NOT NULL,
  `name` varchar(255) NOT NULL,
  `expertLevelId` int(11) NOT NULL,
  `duration` int(11) NOT NULL COMMENT 'in mins',
  `questionCount` int(11) NOT NULL,
  `organizationId` int(11) NOT NULL,
  `status` enum('active','inactive') NOT NULL,
  `userId` int(11) NOT NULL,
  `createdAt` datetime NOT NULL,
  `updatedAt` datetime NOT NULL
) ENGINE=InnoDB DEFAULT CHARSET=latin1;

-- --------------------------------------------------------

--
-- Table structure for table `interview_question_template_fixed_questions`
--

CREATE TABLE `interview_question_template_fixed_questions` (
  `id` int(11) NOT NULL,
  `interviewQuestionTemplateId` int(11) NOT NULL,
  `questionId` int(11) NOT NULL,
  `createdAt` datetime NOT NULL,
  `updatedAt` datetime NOT NULL
) ENGINE=InnoDB DEFAULT CHARSET=latin1;

-- --------------------------------------------------------

--
-- Table structure for table `interview_types`
--

CREATE TABLE `interview_types` (
  `id` int(11) NOT NULL,
  `name` varchar(255) NOT NULL,
  `price` decimal(10,2) NOT NULL,
  `status` enum('active','inactive') NOT NULL,
  `createdAt` datetime NOT NULL,
  `updatedAt` datetime NOT NULL
) ENGINE=InnoDB DEFAULT CHARSET=latin1;

--
-- Dumping data for table `interview_types`
--

INSERT INTO `interview_types` (`id`, `name`, `price`, `status`, `createdAt`, `updatedAt`) VALUES
(1, 'Async', '1.00', 'active', '0000-00-00 00:00:00', '0000-00-00 00:00:00'),
(2, 'Expert Review', '1.00', 'active', '0000-00-00 00:00:00', '0000-00-00 00:00:00');

-- --------------------------------------------------------

--
-- Table structure for table `interview_type_map`
--

CREATE TABLE `interview_type_map` (
  `id` int(11) NOT NULL,
  `organizationId` int(11) DEFAULT NULL,
  `userId` int(11) DEFAULT NULL,
  `interviews` int(11) NOT NULL,
  `days` int(11) NOT NULL,
  `startDate` date NOT NULL,
  `expDate` date NOT NULL,
  `maxInterviews` int(11) NOT NULL COMMENT 'Max Interviews per person',
  `paymentMode` enum('cc','dc','paypal','cheque') NOT NULL,
  `paymentStatus` enum('open','inprogress','sucess','failed') NOT NULL,
  `paymentId` int(11) DEFAULT NULL,
  `couponCode` int(11) DEFAULT NULL,
  `cost` decimal(10,2) NOT NULL,
  `total` decimal(10,2) NOT NULL,
  `status` enum('pending','active','expired') NOT NULL,
  `createdAt` datetime NOT NULL,
  `updatedAt` datetime NOT NULL
) ENGINE=InnoDB DEFAULT CHARSET=latin1;

--
-- Dumping data for table `interview_type_map`
--

INSERT INTO `interview_type_map` (`id`, `organizationId`, `userId`, `interviews`, `days`, `startDate`, `expDate`, `maxInterviews`, `paymentMode`, `paymentStatus`, `paymentId`, `couponCode`, `cost`, `total`, `status`, `createdAt`, `updatedAt`) VALUES
(1, 1, 6, 2, 30, '2019-02-12', '2019-03-15', 2, 'paypal', 'sucess', 1, NULL, '2.00', '2.00', 'active', '2019-02-13 07:52:09', '2019-02-13 07:53:07');

-- --------------------------------------------------------

--
-- Table structure for table `interview_type_map_child`
--

CREATE TABLE `interview_type_map_child` (
  `id` int(11) NOT NULL,
  `interviewTypeMapId` int(11) NOT NULL,
  `interviewTypeId` int(11) NOT NULL,
  `createdAt` datetime NOT NULL,
  `updatedAt` datetime NOT NULL
) ENGINE=InnoDB DEFAULT CHARSET=latin1;

--
-- Dumping data for table `interview_type_map_child`
--

INSERT INTO `interview_type_map_child` (`id`, `interviewTypeMapId`, `interviewTypeId`, `createdAt`, `updatedAt`) VALUES
(1, 1, 1, '2019-02-13 07:52:09', '2019-02-13 07:52:09');

-- --------------------------------------------------------

--
-- Table structure for table `interview_users`
--

CREATE TABLE `interview_users` (
  `id` int(11) NOT NULL,
  `interviewId` int(11) NOT NULL,
  `email` varchar(255) NOT NULL,
  `status` enum('Available','Verified','Submitted','Completed','Reviewed','expertreview') NOT NULL,
  `paymentstatus` varchar(25) NOT NULL DEFAULT 'Success',
  `link` text NOT NULL,
  `pin` int(11) NOT NULL,
  `createdAt` datetime NOT NULL,
  `updatedAt` datetime NOT NULL
) ENGINE=InnoDB DEFAULT CHARSET=latin1;

--
-- Dumping data for table `interview_users`
--

INSERT INTO `interview_users` (`id`, `interviewId`, `email`, `status`, `paymentstatus`, `link`, `pin`, `createdAt`, `updatedAt`) VALUES
(1, 1, 'palikala.suryakumari5@gmail.com', 'Completed', 'Success', 'none', 79551, '2019-02-13 07:14:54', '2019-02-13 07:14:54'),
(2, 1, 'iamchandu.1992@gmail.com ', 'Available', 'Success', 'none', 42085, '2019-02-13 07:14:54', '2019-02-13 07:14:54'),
(3, 1, 'sudheerkumar121@gmail.com', 'Reviewed', 'Success', 'none', 96358, '2019-02-13 07:16:33', '2019-02-15 12:09:56'),
(4, 1, 'muralytechnos1226@gmail.com', 'expertreview', 'Success', 'none', 44871, '2019-02-13 10:34:11', '2019-02-13 12:13:32');

-- --------------------------------------------------------

--
-- Table structure for table `interview_user_questions`
--

CREATE TABLE `interview_user_questions` (
  `id` int(11) NOT NULL,
  `type` enum('fixed','random') NOT NULL,
  `interviewUserId` int(11) NOT NULL,
  `questionId` int(11) NOT NULL,
  `questionTitle` text,
  `answerLink` text NOT NULL COMMENT 'Path to video link',
  `answerText` text NOT NULL COMMENT 'Converted text from audio',
  `ano` int(11) NOT NULL,
  `uid` text NOT NULL,
  `qTime` int(11) NOT NULL,
  `status` int(11) NOT NULL DEFAULT '0' COMMENT '0-open,1-submited',
  `maxCount` int(11) NOT NULL,
  `timeTaken` varchar(50) NOT NULL,
  `createdAt` datetime NOT NULL,
  `updatedAt` datetime NOT NULL
) ENGINE=InnoDB DEFAULT CHARSET=latin1;

--
-- Dumping data for table `interview_user_questions`
--

INSERT INTO `interview_user_questions` (`id`, `type`, `interviewUserId`, `questionId`, `questionTitle`, `answerLink`, `answerText`, `ano`, `uid`, `qTime`, `status`, `maxCount`, `timeTaken`, `createdAt`, `updatedAt`) VALUES
(1, 'fixed', 1, 1, 'Can you tell me a little about your  yourself?', '', '', 1, '', 30, 0, 4, '', '2019-02-13 07:14:54', '2019-02-13 07:14:54'),
(2, 'random', 1, 5, 'what are angular js expression?', '', '', 2, '', 30, 0, 4, '', '2019-02-13 07:14:54', '2019-02-13 07:14:54'),
(3, 'random', 1, 6, 'Expalian ng-init directive', '', '', 3, '', 30, 0, 4, '', '2019-02-13 07:14:54', '2019-02-13 07:14:54'),
(4, 'random', 1, 11, 'what is view encapsulation?', '', '', 4, '', 30, 0, 4, '', '2019-02-13 07:14:54', '2019-02-13 07:14:54'),
(5, 'fixed', 2, 1, 'Can you tell me a little about your  yourself?', '', '', 1, '', 30, 0, 4, '', '2019-02-13 07:14:54', '2019-02-13 07:14:54'),
(6, 'random', 2, 8, 'what is angular and why angular?', '', '', 2, '', 30, 0, 4, '', '2019-02-13 07:14:54', '2019-02-13 07:14:54'),
(7, 'random', 2, 15, 'what is polymorphism?', '', '', 3, '', 30, 0, 4, '', '2019-02-13 07:14:54', '2019-02-13 07:14:54'),
(8, 'random', 2, 21, 'explain threads?', '', '', 4, '', 30, 0, 4, '', '2019-02-13 07:14:54', '2019-02-13 07:14:54'),
(9, 'fixed', 3, 1, 'Can you tell me a little about your  yourself?', '//www.cameratag.com/assets/v-ca62c333-9152-4587-b870-a4e15f52e3f4/mp4.mp4', 'hello', 1, 'v-ca62c333-9152-4587-b870-a4e15f52e3f4', 30, 1, 4, ' (32)', '2019-02-13 07:16:33', '2019-02-13 07:23:08'),
(10, 'random', 3, 13, 'what is jdk?', '//www.cameratag.com/assets/v-3ad7a198-0b93-4b4b-a4f2-60f20366e934/mp4.mp4', '', 2, 'v-3ad7a198-0b93-4b4b-a4f2-60f20366e934', 30, 1, 4, ' (17)', '2019-02-13 07:16:33', '2019-02-13 07:23:50'),
(11, 'random', 3, 14, 'what is constructors?', '//www.cameratag.com/assets/v-048f3858-6cfc-4b9c-bee7-3cbcbf83393e/mp4.mp4', '', 3, 'v-048f3858-6cfc-4b9c-bee7-3cbcbf83393e', 30, 1, 4, ' (37)', '2019-02-13 07:16:33', '2019-02-13 07:24:06'),
(12, 'random', 3, 7, 'How to validate data in angular js?', '//www.cameratag.com/assets/v-9c4703e9-8f39-49c3-bbcc-adc6677054cb/mp4.mp4', '', 4, 'v-9c4703e9-8f39-49c3-bbcc-adc6677054cb', 30, 1, 4, ' (33)', '2019-02-13 07:16:33', '2019-02-13 07:24:25'),
(13, 'fixed', 4, 1, 'Can you tell me a little about your  yourself?', '//www.cameratag.com/assets/v-282f0ead-b877-49e8-8086-8e1f38f76d6a/mp4.mp4', 'interview with example interview with example image', 1, 'v-282f0ead-b877-49e8-8086-8e1f38f76d6a', 30, 1, 4, ' (19)', '2019-02-13 10:34:11', '2019-02-13 10:41:16'),
(14, 'random', 4, 9, 'name the buildindg blocks of angular', '//www.cameratag.com/assets/v-3fafef6c-a8b7-47fc-a816-5f37fb76867c/mp4.mp4', '', 2, 'v-3fafef6c-a8b7-47fc-a816-5f37fb76867c', 30, 1, 4, ' (0)', '2019-02-13 10:34:11', '2019-02-13 10:42:13'),
(15, 'random', 4, 6, 'Expalian ng-init directive', '//www.cameratag.com/assets/v-22e3e1a0-dc22-42cf-bc0f-9da53331cffe/mp4.mp4', '', 3, 'v-22e3e1a0-dc22-42cf-bc0f-9da53331cffe', 30, 1, 4, ' (35)', '2019-02-13 10:34:11', '2019-02-13 10:42:56'),
(16, 'random', 4, 7, 'How to validate data in angular js?', '//www.cameratag.com/assets/v-f7203521-842c-44b4-8de4-618294f59d1e/mp4.mp4', '', 4, 'v-f7203521-842c-44b4-8de4-618294f59d1e', 30, 1, 4, ' (9)', '2019-02-13 10:34:11', '2019-02-13 10:43:48');

-- --------------------------------------------------------

--
-- Table structure for table `logs`
--

CREATE TABLE `logs` (
  `id` int(11) NOT NULL,
  `tableName` varchar(255) NOT NULL,
  `action` enum('insert','update','delete') NOT NULL,
  `remarks` text NOT NULL,
  `respectiveId` varchar(255) NOT NULL,
  `userId` int(11) NOT NULL,
  `createdAt` datetime NOT NULL,
  `updatedAt` datetime NOT NULL
) ENGINE=InnoDB DEFAULT CHARSET=latin1;

--
-- Dumping data for table `logs`
--

INSERT INTO `logs` (`id`, `tableName`, `action`, `remarks`, `respectiveId`, `userId`, `createdAt`, `updatedAt`) VALUES
(1, 'organization', 'insert', '{\"id\":1,\"name\":\"Andhra University\",\"type\":\"university\",\"url\":\"www.au.org\",\"email\":\"iamchandu.1992@gmail.com\",\"updatedAt\":\"2019-02-13T05:51:18.172Z\",\"createdAt\":\"2019-02-13T05:51:18.172Z\"}', '1', 1, '2019-02-13 05:51:18', '2019-02-13 05:51:18'),
(2, 'organization_campus', 'insert', '{\"id\":1,\"branchName\":\"ANITS\",\"organizationId\":1,\"address\":\"Vizag\",\"city\":\"Vizag\",\"pincode\":\"530002\",\"url\":\"www.anits.org\",\"contactPerson\":\"Chandu\",\"contactPersonEmail\":\"iamchandu.1992@gmail.com\",\"contactPersonPhone\":\"9533104866\",\"contactPersonDesgination\":\"Principal\",\"status\":\"active\",\"updatedAt\":\"2019-02-13T05:51:18.177Z\",\"createdAt\":\"2019-02-13T05:51:18.177Z\"}', '1', 1, '2019-02-13 05:51:18', '2019-02-13 05:51:18'),
(3, 'organization_campus', 'insert', '{\"id\":2,\"branchName\":\"SANKETIKA\",\"organizationId\":1,\"address\":\"Vizag\",\"city\":\"Vizag\",\"pincode\":\"530002\",\"url\":\"www.sanketika.org\",\"contactPerson\":\"Chandu\",\"contactPersonEmail\":\"sudheer@hmail.com\",\"contactPersonPhone\":\"7894652130\",\"contactPersonDesgination\":\"Principal\",\"status\":\"active\",\"updatedAt\":\"2019-02-13T05:51:18.180Z\",\"createdAt\":\"2019-02-13T05:51:18.180Z\"}', '2', 1, '2019-02-13 05:51:18', '2019-02-13 05:51:18'),
(4, 'domain', 'insert', '{\"id\":1,\"domainName\":\"Information Technology\",\"status\":\"active\",\"updatedAt\":\"2019-02-13T05:52:31.512Z\",\"createdAt\":\"2019-02-13T05:52:31.512Z\"}', '1', 1, '2019-02-13 05:52:31', '2019-02-13 05:52:31'),
(5, 'sub_domains', 'insert', '{\"id\":1,\"subDomainName\":\"Angular\",\"domainId\":1,\"status\":\"active\",\"updatedAt\":\"2019-02-13T05:52:31.516Z\",\"createdAt\":\"2019-02-13T05:52:31.516Z\"}', '1', 1, '2019-02-13 05:52:31', '2019-02-13 05:52:31'),
(6, 'sub_domains', 'insert', '{\"id\":2,\"subDomainName\":\"Node\",\"domainId\":1,\"status\":\"active\",\"updatedAt\":\"2019-02-13T05:52:31.516Z\",\"createdAt\":\"2019-02-13T05:52:31.516Z\"}', '2', 1, '2019-02-13 05:52:31', '2019-02-13 05:52:31'),
(7, 'sub_domains', 'insert', '{\"id\":3,\"subDomainName\":\"C\",\"domainId\":1,\"status\":\"active\",\"updatedAt\":\"2019-02-13T05:52:31.516Z\",\"createdAt\":\"2019-02-13T05:52:31.516Z\"}', '3', 1, '2019-02-13 05:52:31', '2019-02-13 05:52:31'),
(8, 'sub_domains', 'insert', '{\"id\":4,\"subDomainName\":\"JAVA\",\"domainId\":1,\"status\":\"active\",\"updatedAt\":\"2019-02-13T05:52:31.516Z\",\"createdAt\":\"2019-02-13T05:52:31.516Z\"}', '4', 1, '2019-02-13 05:52:31', '2019-02-13 05:52:31'),
(9, 'exp_level', 'insert', '{\"id\":1,\"experiance\":\"0-2\",\"organizationId\":null,\"userId\":1,\"updatedAt\":\"2019-02-13T05:52:46.439Z\",\"createdAt\":\"2019-02-13T05:52:46.439Z\"}', '1', 1, '2019-02-13 05:52:46', '2019-02-13 05:52:46'),
(10, 'exp_level', 'insert', '{\"id\":2,\"experiance\":\"2-4\",\"organizationId\":null,\"userId\":1,\"updatedAt\":\"2019-02-13T05:52:55.287Z\",\"createdAt\":\"2019-02-13T05:52:55.287Z\"}', '2', 1, '2019-02-13 05:52:55', '2019-02-13 05:52:55'),
(11, 'questions', 'insert', '{\"validate\":false,\"hooks\":true,\"individualHooks\":false,\"ignoreDuplicates\":false,\"fields\":[\"id\",\"question\",\"answer\",\"expLevelId\",\"difficulty\",\"mandatory\",\"global\",\"domainId\",\"subDomainId\",\"keywords\",\"status\",\"organizationId\",\"userId\",\"createdAt\",\"updatedAt\"],\"auth\":1}', '[1,2,3,4,5,6,7,8,9,10,11,12,13,14,15,16,17,18,19,20,21,22,23,24,25,26,27,28,29,30,31]', 1, '2019-02-13 06:54:22', '2019-02-13 06:54:22'),
(12, 'users', 'insert', '{\"id\":5,\"fname\":\"Prasanth\",\"mname\":\"Kumar\",\"lname\":\"P\",\"email\":\"prasanthsai27@gmail.com\",\"password\":\"a6b3ef604b2c6e6cf9a02b2d35486fb9\",\"phone\":\"8500641681\",\"gender\":\"male\",\"status\":\"active\",\"roleId\":4,\"organizationId\":1,\"updatedAt\":\"2019-02-13T06:56:38.508Z\",\"createdAt\":\"2019-02-13T06:56:38.508Z\"}', '5', 1, '2019-02-13 06:56:38', '2019-02-13 06:56:38'),
(13, 'report_perameters', 'insert', '{\"id\":1,\"name\":\"Communication\",\"organizationId\":1,\"status\":\"active\",\"updatedAt\":\"2019-02-13T06:59:54.609Z\",\"createdAt\":\"2019-02-13T06:59:54.609Z\"}', '1', 5, '2019-02-13 06:59:54', '2019-02-13 06:59:54'),
(14, 'report_perameters', 'insert', '{\"id\":2,\"name\":\"Attitude\",\"organizationId\":1,\"status\":\"active\",\"updatedAt\":\"2019-02-13T07:00:05.364Z\",\"createdAt\":\"2019-02-13T07:00:05.364Z\"}', '2', 5, '2019-02-13 07:00:05', '2019-02-13 07:00:05'),
(15, 'report_perameters', 'insert', '{\"id\":3,\"name\":\"Soft Skills\",\"organizationId\":1,\"status\":\"active\",\"updatedAt\":\"2019-02-13T07:00:14.970Z\",\"createdAt\":\"2019-02-13T07:00:14.970Z\"}', '3', 5, '2019-02-13 07:00:14', '2019-02-13 07:00:14'),
(16, 'user_groups', 'insert', '{\"id\":1,\"groupName\":\"CSE\",\"organizationId\":1,\"updatedAt\":\"2019-02-13T07:03:27.295Z\",\"createdAt\":\"2019-02-13T07:03:27.295Z\"}', '1', 5, '2019-02-13 07:03:27', '2019-02-13 07:03:27'),
(17, 'user_groups', 'insert', '{\"id\":2,\"groupName\":\"IT\",\"organizationId\":1,\"updatedAt\":\"2019-02-13T07:03:39.858Z\",\"createdAt\":\"2019-02-13T07:03:39.858Z\"}', '2', 5, '2019-02-13 07:03:39', '2019-02-13 07:03:39'),
(18, 'interview', 'insert', '{\"id\":1,\"type\":\"async\",\"domainId\":1,\"interviewId\":\"AI01001-000001\",\"subDomainId\":1,\"expLevelId\":1,\"start_date\":\"2019-02-13T00:00:00.000Z\",\"end_date\":\"2019-02-28T00:00:00.000Z\",\"duration\":\"30\",\"questionCount\":\"10\",\"organizationId\":1,\"userId\":5,\"updatedAt\":\"2019-02-13T07:06:41.625Z\",\"createdAt\":\"2019-02-13T07:06:41.625Z\"}', '1', 5, '2019-02-13 07:06:41', '2019-02-13 07:06:41'),
(19, 'interview_fixed_questions', 'insert', '{\"validate\":false,\"hooks\":true,\"individualHooks\":false,\"ignoreDuplicates\":false,\"transaction\":{\"sequelize\":{\"options\":{\"dialect\":\"mysql\",\"dialectModulePath\":null,\"host\":\"127.0.0.1\",\"protocol\":\"tcp\",\"define\":{},\"query\":{},\"sync\":{},\"timezone\":\"+00:00\",\"omitNull\":false,\"native\":false,\"replication\":false,\"pool\":{},\"quoteIdentifiers\":true,\"hooks\":{\"afterCreate\":[null],\"afterUpdate\":[null],\"afterBulkUpdate\":[null],\"afterBulkCreate\":[null]},\"retry\":{\"max\":5,\"match\":[\"SQLITE_BUSY: database is locked\"]},\"transactionType\":\"DEFERRED\",\"isolationLevel\":null,\"databaseVersion\":\"10.1.37-MariaDB\",\"typeValidation\":false,\"benchmark\":false,\"operatorsAliases\":false,\"username\":\"root\",\"password\":null,\"database\":\"interview_buddy\"},\"config\":{\"database\":\"interview_buddy\",\"username\":\"root\",\"password\":null,\"host\":\"127.0.0.1\",\"port\":3306,\"pool\":\"~transaction~sequelize~options~pool\",\"protocol\":\"tcp\",\"native\":false,\"replication\":false,\"dialectModulePath\":null},\"dialect\":{\"sequelize\":\"~transaction~sequelize\",\"connectionManager\":{\"sequelize\":\"~transaction~sequelize\",\"config\":{\"database\":\"interview_buddy\",\"username\":\"root\",\"password\":null,\"host\":\"127.0.0.1\",\"pool\":{\"max\":5,\"min\":0,\"idle\":10000,\"acquire\":10000,\"evict\":10000,\"handleDisconnects\":true},\"protocol\":\"tcp\",\"native\":false,\"replication\":false,\"dialectModulePath\":null},\"dialect\":\"~transaction~sequelize~dialect\",\"versionPromise\":null,\"dialectName\":\"mysql\",\"pool\":{\"_events\":{},\"_eventsCount\":0,\"_config\":{\"fifo\":true,\"priorityRange\":1,\"testOnBorrow\":true,\"testOnReturn\":false,\"autostart\":false,\"acquireTimeoutMillis\":10000,\"max\":5,\"min\":0,\"evictionRunIntervalMillis\":10000,\"numTestsPerEvictionRun\":3,\"softIdleTimeoutMillis\":-1,\"idleTimeoutMillis\":10000},\"_factory\":{},\"_draining\":false,\"_started\":true,\"_waitingClientsQueue\":{\"_size\":1,\"_slots\":[{\"_list\":{\"head\":null,\"tail\":null,\"length\":0}}]},\"_factoryCreateOperations\":{},\"_factoryDestroyOperations\":{},\"_availableObjects\":{\"_list\":{\"head\":{\"prev\":null,\"next\":null,\"data\":{\"creationTime\":1550041601623,\"lastReturnTime\":1550041601639,\"lastBorrowTime\":1550041601633,\"lastIdleTime\":1550041601639,\"obj\":{\"_events\":{},\"_eventsCount\":1,\"config\":{\"host\":\"127.0.0.1\",\"port\":3306,\"user\":\"root\",\"database\":\"interview_buddy\",\"connectTimeout\":10000,\"insecureAuth\":false,\"supportBigNumbers\":true,\"bigNumberStrings\":false,\"decimalNumbers\":false,\"dateStrings\":false,\"trace\":true,\"stringifyObjects\":false,\"timezone\":\"+00:00\",\"ssl\":false,\"multipleStatements\":false,\"rowsAsArray\":false,\"namedPlaceholders\":false,\"maxPacketSize\":0,\"charsetNumber\":224,\"compress\":false,\"clientFlags\":8582093,\"maxPreparedStatements\":16000},\"stream\":{\"connecting\":false,\"_hadError\":false,\"_handle\":{\"reading\":true,\"onconnection\":null},\"_parent\":null,\"_host\":null,\"_readableState\":{\"objectMode\":false,\"highWaterMark\":16384,\"buffer\":{\"head\":null,\"tail\":null,\"length\":0},\"length\":0,\"pipes\":null,\"pipesCount\":0,\"flowing\":true,\"ended\":false,\"endEmitted\":false,\"reading\":true,\"sync\":false,\"needReadable\":true,\"emittedReadable\":false,\"readableListening\":false,\"resumeScheduled\":false,\"paused\":false,\"emitClose\":false,\"autoDestroy\":false,\"destroyed\":false,\"defaultEncoding\":\"utf8\",\"awaitDrain\":0,\"readingMore\":false,\"decoder\":null,\"encoding\":null},\"readable\":true,\"_events\":{},\"_eventsCount\":4,\"_writableState\":{\"objectMode\":false,\"highWaterMark\":16384,\"finalCalled\":false,\"needDrain\":false,\"ending\":false,\"ended\":false,\"finished\":false,\"destroyed\":false,\"decodeStrings\":false,\"defaultEncoding\":\"utf8\",\"length\":0,\"writing\":false,\"corked\":0,\"sync\":false,\"bufferProcessing\":false,\"writecb\":null,\"writelen\":0,\"bufferedRequest\":null,\"lastBufferedRequest\":null,\"pendingcb\":0,\"prefinished\":false,\"errorEmitted\":false,\"emitClose\":false,\"autoDestroy\":false,\"bufferedRequestCount\":0,\"corkedRequestsFree\":{\"next\":null,\"entry\":null}},\"writable\":true,\"allowHalfOpen\":false,\"_sockname\":null,\"_pendingData\":null,\"_pendingEncoding\":\"\",\"server\":null,\"_server\":null},\"_internalId\":14,\"_commands\":{\"_head\":0,\"_tail\":0,\"_capacityMask\":3,\"_list\":[null,null,null,null]},\"_paused\":false,\"_paused_packets\":{\"_head\":0,\"_tail\":0,\"_capacityMask\":3,\"_list\":[null,null,null,null]},\"_statements\":{},\"serverCapabilityFlags\":2688546815,\"authorized\":true,\"sequenceId\":2,\"compressedSequenceId\":0,\"threadId\":167,\"_handshakePacket\":{\"protocolVersion\":10,\"serverVersion\":\"5.5.5-10.1.37-MariaDB\",\"capabilityFlags\":2688546815,\"connectionId\":167,\"authPluginData1\":{\"type\":\"Buffer\",\"data\":[86,64,124,112,64,42,82,63]},\"authPluginData2\":{\"type\":\"Buffer\",\"data\":[36,51,115,107,62,54,49,53,83,36,86,103]},\"characterSet\":8,\"statusFlags\":2},\"_fatalError\":null,\"_protocolError\":null,\"_outOfOrderPackets\":[],\"clientEncoding\":\"utf8\",\"packetParser\":{\"buffer\":[],\"bufferLength\":0,\"packetHeaderLength\":4,\"headerLen\":0,\"length\":7,\"largePacketParts\":[],\"firstPacketSequenceId\":0},\"serverEncoding\":\"latin1\",\"connectTimeout\":null,\"connectionId\":167},\"state\":\"IDLE\"}},\"tail\":\"~transaction~sequelize~dialect~connectionManager~pool~_availableObjects~_list~head\",\"length\":1}},\"_testOnBorrowResources\":{},\"_testOnReturnResources\":{},\"_validationOperations\":{},\"_allObjects\":{},\"_resourceLoans\":{},\"_evictionIterator\":{\"_list\":\"~transaction~sequelize~dialect~connectionManager~pool~_availableObjects~_list\",\"_direction\":\"next\",\"_startPosition\":\"head\",\"_started\":true,\"_cursor\":{\"prev\":null,\"next\":null,\"data\":{\"creationTime\":1550041551451,\"lastReturnTime\":1550041560563,\"lastBorrowTime\":1550041560561,\"lastIdleTime\":1550041560563,\"obj\":{\"_events\":{},\"_eventsCount\":1,\"config\":{\"host\":\"127.0.0.1\",\"port\":3306,\"user\":\"root\",\"database\":\"interview_buddy\",\"connectTimeout\":10000,\"insecureAuth\":false,\"supportBigNumbers\":true,\"bigNumberStrings\":false,\"decimalNumbers\":false,\"dateStrings\":false,\"trace\":true,\"stringifyObjects\":false,\"timezone\":\"+00:00\",\"ssl\":false,\"multipleStatements\":false,\"rowsAsArray\":false,\"namedPlaceholders\":false,\"maxPacketSize\":0,\"charsetNumber\":224,\"compress\":false,\"clientFlags\":8582093,\"maxPreparedStatements\":16000},\"stream\":{\"connecting\":false,\"_hadError\":false,\"_handle\":null,\"_parent\":null,\"_host\":null,\"_readableState\":{\"objectMode\":false,\"highWaterMark\":16384,\"buffer\":{\"head\":null,\"tail\":null,\"length\":0},\"length\":0,\"pipes\":null,\"pipesCount\":0,\"flowing\":true,\"ended\":true,\"endEmitted\":true,\"reading\":false,\"sync\":false,\"needReadable\":false,\"emittedReadable\":false,\"readableListening\":false,\"resumeScheduled\":false,\"paused\":false,\"emitClose\":false,\"autoDestroy\":false,\"destroyed\":true,\"defaultEncoding\":\"utf8\",\"awaitDrain\":0,\"readingMore\":false,\"decoder\":null,\"encoding\":null},\"readable\":false,\"_events\":{},\"_eventsCount\":5,\"_writableState\":{\"objectMode\":false,\"highWaterMark\":16384,\"finalCalled\":true,\"needDrain\":false,\"ending\":true,\"ended\":true,\"finished\":false,\"destroyed\":true,\"decodeStrings\":false,\"defaultEncoding\":\"utf8\",\"length\":0,\"writing\":false,\"corked\":0,\"sync\":false,\"bufferProcessing\":false,\"writecb\":null,\"writelen\":0,\"bufferedRequest\":null,\"lastBufferedRequest\":null,\"pendingcb\":1,\"prefinished\":false,\"errorEmitted\":false,\"emitClose\":false,\"autoDestroy\":false,\"bufferedRequestCount\":0,\"corkedRequestsFree\":{\"next\":null,\"entry\":null}},\"writable\":false,\"allowHalfOpen\":false,\"_sockname\":null,\"_pendingData\":null,\"_pendingEncoding\":\"\",\"server\":null,\"_server\":null},\"_internalId\":12,\"_commands\":{\"_head\":0,\"_tail\":0,\"_capacityMask\":3,\"_list\":[null,null,null,null]},\"_paused\":false,\"_paused_packets\":{\"_head\":0,\"_tail\":0,\"_capacityMask\":3,\"_list\":[null,null,null,null]},\"_statements\":{},\"serverCapabilityFlags\":2688546815,\"authorized\":true,\"sequenceId\":1,\"compressedSequenceId\":0,\"threadId\":165,\"_handshakePacket\":{\"protocolVersion\":10,\"serverVersion\":\"5.5.5-10.1.37-MariaDB\",\"capabilityFlags\":2688546815,\"connectionId\":165,\"authPluginData1\":{\"type\":\"Buffer\",\"data\":[68,120,79,98,33,121,98,93]},\"authPluginData2\":{\"type\":\"Buffer\",\"data\":[45,99,49,100,41,59,46,116,33,65,99,81]},\"characterSet\":8,\"statusFlags\":2},\"_fatalError\":null,\"_protocolError\":null,\"_outOfOrderPackets\":[],\"clientEncoding\":\"utf8\",\"packetParser\":{\"buffer\":[],\"bufferLength\":0,\"packetHeaderLength\":4,\"headerLen\":0,\"length\":5,\"largePacketParts\":[],\"firstPacketSequenceId\":0},\"serverEncoding\":\"latin1\",\"connectTimeout\":null,\"connectionId\":165,\"_closing\":true},\"state\":\"INVALID\"}},\"_done\":false},\"_evictor\":{},\"_scheduledEviction\":{\"_idleTimeout\":10000,\"_idlePrev\":{\"_idleNext\":\"~transaction~sequelize~dialect~connectionManager~pool~_scheduledEviction\",\"_idlePrev\":\"~transaction~sequelize~dialect~connectionManager~pool~_scheduledEviction\",\"expiry\":211996,\"id\":-9007199254740923,\"msecs\":10000,\"priorityQueuePosition\":3},\"_idleNext\":\"~transaction~sequelize~dialect~connectionManager~pool~_scheduledEviction~_idlePrev\",\"_idleStart\":201996,\"_repeat\":null,\"_destroyed\":false}},\"lib\":{\"Types\":{\"DECIMAL\":0,\"TINY\":1,\"SHORT\":2,\"LONG\":3,\"FLOAT\":4,\"DOUBLE\":5,\"NULL\":6,\"TIMESTAMP\":7,\"LONGLONG\":8,\"INT24\":9,\"DATE\":10,\"TIME\":11,\"DATETIME\":12,\"YEAR\":13,\"NEWDATE\":14,\"VARCHAR\":15,\"BIT\":16,\"JSON\":245,\"NEWDECIMAL\":246,\"ENUM\":247,\"SET\":248,\"TINY_BLOB\":249,\"MEDIUM_BLOB\":250,\"LONG_BLOB\":251,\"BLOB\":252,\"VAR_STRING\":253,\"STRING\":254,\"GEOMETRY\":255},\"Charsets\":{\"BIG5_CHINESE_CI\":1,\"LATIN2_CZECH_CS\":2,\"DEC8_SWEDISH_CI\":3,\"CP850_GENERAL_CI\":4,\"LATIN1_GERMAN1_CI\":5,\"HP8_ENGLISH_CI\":6,\"KOI8R_GENERAL_CI\":7,\"LATIN1_SWEDISH_CI\":8,\"LATIN2_GENERAL_CI\":9,\"SWE7_SWEDISH_CI\":10,\"ASCII_GENERAL_CI\":11,\"UJIS_JAPANESE_CI\":12,\"SJIS_JAPANESE_CI\":13,\"CP1251_BULGARIAN_CI\":14,\"LATIN1_DANISH_CI\":15,\"HEBREW_GENERAL_CI\":16,\"TIS620_THAI_CI\":18,\"EUCKR_KOREAN_CI\":19,\"LATIN7_ESTONIAN_CS\":20,\"LATIN2_HUNGARIAN_CI\":21,\"KOI8U_GENERAL_CI\":22,\"CP1251_UKRAINIAN_CI\":23,\"GB2312_CHINESE_CI\":24,\"GREEK_GENERAL_CI\":25,\"CP1250_GENERAL_CI\":26,\"LATIN2_CROATIAN_CI\":27,\"GBK_CHINESE_CI\":28,\"CP1257_LITHUANIAN_CI\":29,\"LATIN5_TURKISH_CI\":30,\"LATIN1_GERMAN2_CI\":31,\"ARMSCII8_GENERAL_CI\":32,\"UTF8_GENERAL_CI\":33,\"CP1250_CZECH_CS\":34,\"UCS2_GENERAL_CI\":35,\"CP866_GENERAL_CI\":36,\"KEYBCS2_GENERAL_CI\":37,\"MACCE_GENERAL_CI\":38,\"MACROMAN_GENERAL_CI\":39,\"CP852_GENERAL_CI\":40,\"LATIN7_GENERAL_CI\":41,\"LATIN7_GENERAL_CS\":42,\"MACCE_BIN\":43,\"CP1250_CROATIAN_CI\":44,\"UTF8MB4_GENERAL_CI\":45,\"UTF8MB4_BIN\":46,\"LATIN1_BIN\":47,\"LATIN1_GENERAL_CI\":48,\"LATIN1_GENERAL_CS\":49,\"CP1251_BIN\":50,\"CP1251_GENERAL_CI\":51,\"CP1251_GENERAL_CS\":52,\"MACROMAN_BIN\":53,\"UTF16_GENERAL_CI\":54,\"UTF16_BIN\":55,\"UTF16LE_GENERAL_CI\":56,\"CP1256_GENERAL_CI\":57,\"CP1257_BIN\":58,\"CP1257_GENERAL_CI\":59,\"UTF32_GENERAL_CI\":60,\"UTF32_BIN\":61,\"UTF16LE_BIN\":62,\"BINARY\":63,\"ARMSCII8_BIN\":64,\"ASCII_BIN\":65,\"CP1250_BIN\":66,\"CP1256_BIN\":67,\"CP866_BIN\":68,\"DEC8_BIN\":69,\"GREEK_BIN\":70,\"HEBREW_BIN\":71,\"HP8_BIN\":72,\"KEYBCS2_BIN\":73,\"KOI8R_BIN\":74,\"KOI8U_BIN\":75,\"UTF8_TOLOWER_CI\":76,\"LATIN2_BIN\":77,\"LATIN5_BIN\":78,\"LATIN7_BIN\":79,\"CP850_BIN\":80,\"CP852_BIN\":81,\"SWE7_BIN\":82,\"UTF8_BIN\":83,\"BIG5_BIN\":84,\"EUCKR_BIN\":85,\"GB2312_BIN\":86,\"GBK_BIN\":87,\"SJIS_BIN\":88,\"TIS620_BIN\":89,\"UCS2_BIN\":90,\"UJIS_BIN\":91,\"GEOSTD8_GENERAL_CI\":92,\"GEOSTD8_BIN\":93,\"LATIN1_SPANISH_CI\":94,\"CP932_JAPANESE_CI\":95,\"CP932_BIN\":96,\"EUCJPMS_JAPANESE_CI\":97,\"EUCJPMS_BIN\":98,\"CP1250_POLISH_CI\":99,\"UTF16_UNICODE_CI\":101,\"UTF16_ICELANDIC_CI\":102,\"UTF16_LATVIAN_CI\":103,\"UTF16_ROMANIAN_CI\":104,\"UTF16_SLOVENIAN_CI\":105,\"UTF16_POLISH_CI\":106,\"UTF16_ESTONIAN_CI\":107,\"UTF16_SPANISH_CI\":108,\"UTF16_SWEDISH_CI\":109,\"UTF16_TURKISH_CI\":110,\"UTF16_CZECH_CI\":111,\"UTF16_DANISH_CI\":112,\"UTF16_LITHUANIAN_CI\":113,\"UTF16_SLOVAK_CI\":114,\"UTF16_SPANISH2_CI\":115,\"UTF16_ROMAN_CI\":116,\"UTF16_PERSIAN_CI\":117,\"UTF16_ESPERANTO_CI\":118,\"UTF16_HUNGARIAN_CI\":119,\"UTF16_SINHALA_CI\":120,\"UTF16_GERMAN2_CI\":121,\"UTF16_CROATIAN_CI\":122,\"UTF16_UNICODE_520_CI\":123,\"UTF16_VIETNAMESE_CI\":124,\"UCS2_UNICODE_CI\":128,\"UCS2_ICELANDIC_CI\":129,\"UCS2_LATVIAN_CI\":130,\"UCS2_ROMANIAN_CI\":131,\"UCS2_SLOVENIAN_CI\":132,\"UCS2_POLISH_CI\":133,\"UCS2_ESTONIAN_CI\":134,\"UCS2_SPANISH_CI\":135,\"UCS2_SWEDISH_CI\":136,\"UCS2_TURKISH_CI\":137,\"UCS2_CZECH_CI\":138,\"UCS2_DANISH_CI\":139,\"UCS2_LITHUANIAN_CI\":140,\"UCS2_SLOVAK_CI\":141,\"UCS2_SPANISH2_CI\":142,\"UCS2_ROMAN_CI\":143,\"UCS2_PERSIAN_CI\":144,\"UCS2_ESPERANTO_CI\":145,\"UCS2_HUNGARIAN_CI\":146,\"UCS2_SINHALA_CI\":147,\"UCS2_GERMAN2_CI\":148,\"UCS2_CROATIAN_CI\":149,\"UCS2_UNICODE_520_CI\":150,\"UCS2_VIETNAMESE_CI\":151,\"UCS2_GENERAL_MYSQL500_CI\":159,\"UTF32_UNICODE_CI\":160,\"UTF32_ICELANDIC_CI\":161,\"UTF32_LATVIAN_CI\":162,\"UTF32_ROMANIAN_CI\":163,\"UTF32_SLOVENIAN_CI\":164,\"UTF32_POLISH_CI\":165,\"UTF32_ESTONIAN_CI\":166,\"UTF32_SPANISH_CI\":167,\"UTF32_SWEDISH_CI\":168,\"UTF32_TURKISH_CI\":169,\"UTF32_CZECH_CI\":170,\"UTF32_DANISH_CI\":171,\"UTF32_LITHUANIAN_CI\":172,\"UTF32_SLOVAK_CI\":173,\"UTF32_SPANISH2_CI\":174,\"UTF32_ROMAN_CI\":175,\"UTF32_PERSIAN_CI\":176,\"UTF32_ESPERANTO_CI\":177,\"UTF32_HUNGARIAN_CI\":178,\"UTF32_SINHALA_CI\":179,\"UTF32_GERMAN2_CI\":180,\"UTF32_CROATIAN_CI\":181,\"UTF32_UNICODE_520_CI\":182,\"UTF32_VIETNAMESE_CI\":183,\"UTF8_UNICODE_CI\":192,\"UTF8_ICELANDIC_CI\":193,\"UTF8_LATVIAN_CI\":194,\"UTF8_ROMANIAN_CI\":195,\"UTF8_SLOVENIAN_CI\":196,\"UTF8_POLISH_CI\":197,\"UTF8_ESTONIAN_CI\":198,\"UTF8_SPANISH_CI\":199,\"UTF8_SWEDISH_CI\":200,\"UTF8_TURKISH_CI\":201,\"UTF8_CZECH_CI\":202,\"UTF8_DANISH_CI\":203,\"UTF8_LITHUANIAN_CI\":204,\"UTF8_SLOVAK_CI\":205,\"UTF8_SPANISH2_CI\":206,\"UTF8_ROMAN_CI\":207,\"UTF8_PERSIAN_CI\":208,\"UTF8_ESPERANTO_CI\":209,\"UTF8_HUNGARIAN_CI\":210,\"UTF8_SINHALA_CI\":211,\"UTF8_GERMAN2_CI\":212,\"UTF8_CROATIAN_CI\":213,\"UTF8_UNICODE_520_CI\":214,\"UTF8_VIETNAMESE_CI\":215,\"UTF8_GENERAL_MYSQL500_CI\":223,\"UTF8MB4_UNICODE_CI\":224,\"UTF8MB4_ICELANDIC_CI\":225,\"UTF8MB4_LATVIAN_CI\":226,\"UTF8MB4_ROMANIAN_CI\":227,\"UTF8MB4_SLOVENIAN_CI\":228,\"UTF8MB4_POLISH_CI\":229,\"UTF8MB4_ESTONIAN_CI\":230,\"UTF8MB4_SPANISH_CI\":231,\"UTF8MB4_SWEDISH_CI\":232,\"UTF8MB4_TURKISH_CI\":233,\"UTF8MB4_CZECH_CI\":234,\"UTF8MB4_DANISH_CI\":235,\"UTF8MB4_LITHUANIAN_CI\":236,\"UTF8MB4_SLOVAK_CI\":237,\"UTF8MB4_SPANISH2_CI\":238,\"UTF8MB4_ROMAN_CI\":239,\"UTF8MB4_PERSIAN_CI\":240,\"UTF8MB4_ESPERANTO_CI\":241,\"UTF8MB4_HUNGARIAN_CI\":242,\"UTF8MB4_SINHALA_CI\":243,\"UTF8MB4_GERMAN2_CI\":244,\"UTF8MB4_CROATIAN_CI\":245,\"UTF8MB4_UNICODE_520_CI\":246,\"UTF8MB4_VIETNAMESE_CI\":247,\"GB18030_CHINESE_CI\":248,\"GB18030_BIN\":249,\"GB18030_UNICODE_520_CI\":250,\"UTF8_GENERAL50_CI\":253,\"UTF8MB4_0900_AI_CI\":255,\"UTF8MB4_CS_0900_AI_CI\":266,\"UTF8MB4_DA_0900_AI_CI\":267,\"UTF8MB4_DE_PB_0900_AI_CI\":256,\"UTF8MB4_EO_0900_AI_CI\":273,\"UTF8MB4_ES_0900_AI_CI\":263,\"UTF8MB4_ES_TRAD_0900_AI_CI\":270,\"UTF8MB4_ET_0900_AI_CI\":262,\"UTF8MB4_HR_0900_AI_CI\":275,\"UTF8MB4_HU_0900_AI_CI\":274,\"UTF8MB4_IS_0900_AI_CI\":257,\"UTF8MB4_LA_0900_AI_CI\":271,\"UTF8MB4_LT_0900_AI_CI\":268,\"UTF8MB4_LV_0900_AI_CI\":258,\"UTF8MB4_PL_0900_AI_CI\":261,\"UTF8MB4_RO_0900_AI_CI\":259,\"UTF8MB4_SK_0900_AI_CI\":269,\"UTF8MB4_SL_0900_AI_CI\":260,\"UTF8MB4_SV_0900_AI_CI\":264,\"UTF8MB4_TR_0900_AI_CI\":265,\"UTF8MB4_VI_0900_AI_CI\":277,\"BIG5\":1,\"DEC8\":3,\"CP850\":4,\"HP8\":6,\"KOI8R\":7,\"LATIN1\":8,\"LATIN2\":9,\"SWE7\":10,\"ASCII\":11,\"UJIS\":12,\"SJIS\":13,\"HEBREW\":16,\"TIS620\":18,\"EUCKR\":19,\"KOI8U\":22,\"GB2312\":24,\"GREEK\":25,\"CP1250\":26,\"GBK\":28,\"LATIN5\":30,\"ARMSCII8\":32,\"UTF8\":33,\"UCS2\":35,\"CP866\":36,\"KEYBCS2\":37,\"MACCE\":38,\"MACROMAN\":39,\"CP852\":40,\"LATIN7\":41,\"UTF8MB4\":45,\"CP1251\":51,\"UTF16\":54,\"UTF16LE\":56,\"CP1256\":57,\"CP1257\":59,\"UTF32\":60,\"CP932\":95,\"EUCJPMS\":97,\"GB18030\":248,\"GEOSTD8\":92},\"CharsetToEncoding\":[\"utf8\",\"big5\",\"latin2\",\"dec8\",\"cp850\",\"latin1\",\"hp8\",\"koi8r\",\"latin1\",\"latin2\",\"swe7\",\"ascii\",\"eucjp\",\"sjis\",\"cp1251\",\"latin1\",\"hebrew\",\"utf8\",\"tis620\",\"euckr\",\"latin7\",\"latin2\",\"koi8u\",\"cp1251\",\"gb2312\",\"greek\",\"cp1250\",\"latin2\",\"gbk\",\"cp1257\",\"latin5\",\"latin1\",\"armscii8\",\"cesu8\",\"cp1250\",\"ucs2\",\"cp866\",\"keybcs2\",\"macintosh\",\"macroman\",\"cp852\",\"latin7\",\"latin7\",\"macintosh\",\"cp1250\",\"utf8\",\"utf8\",\"latin1\",\"latin1\",\"latin1\",\"cp1251\",\"cp1251\",\"cp1251\",\"macroman\",\"utf16\",\"utf16\",\"utf16-le\",\"cp1256\",\"cp1257\",\"cp1257\",\"utf32\",\"utf32\",\"utf16-le\",\"binary\",\"armscii8\",\"ascii\",\"cp1250\",\"cp1256\",\"cp866\",\"dec8\",\"greek\",\"hebrew\",\"hp8\",\"keybcs2\",\"koi8r\",\"koi8u\",\"cesu8\",\"latin2\",\"latin5\",\"latin7\",\"cp850\",\"cp852\",\"swe7\",\"cesu8\",\"big5\",\"euckr\",\"gb2312\",\"gbk\",\"sjis\",\"tis620\",\"ucs2\",\"eucjp\",\"geostd8\",\"geostd8\",\"latin1\",\"cp932\",\"cp932\",\"eucjpms\",\"eucjpms\",\"cp1250\",\"utf8\",\"utf16\",\"utf16\",\"utf16\",\"utf16\",\"utf16\",\"utf16\",\"utf16\",\"utf16\",\"utf16\",\"utf16\",\"utf16\",\"utf16\",\"utf16\",\"utf16\",\"utf16\",\"utf16\",\"utf16\",\"utf16\",\"utf16\",\"utf16\",\"utf16\",\"utf16\",\"utf16\",\"utf16\",\"utf8\",\"utf8\",\"utf8\",\"ucs2\",\"ucs2\",\"ucs2\",\"ucs2\",\"ucs2\",\"ucs2\",\"ucs2\",\"ucs2\",\"ucs2\",\"ucs2\",\"ucs2\",\"ucs2\",\"ucs2\",\"ucs2\",\"ucs2\",\"ucs2\",\"ucs2\",\"ucs2\",\"ucs2\",\"ucs2\",\"ucs2\",\"ucs2\",\"ucs2\",\"ucs2\",\"utf8\",\"utf8\",\"utf8\",\"utf8\",\"utf8\",\"utf8\",\"utf8\",\"ucs2\",\"utf32\",\"utf32\",\"utf32\",\"utf32\",\"utf32\",\"utf32\",\"utf32\",\"utf32\",\"utf32\",\"utf32\",\"utf32\",\"utf32\",\"utf32\",\"utf32\",\"utf32\",\"utf32\",\"utf32\",\"utf32\",\"utf32\",\"utf32\",\"utf32\",\"utf32\",\"utf32\",\"utf32\",\"utf8\",\"utf8\",\"utf8\",\"utf8\",\"utf8\",\"utf8\",\"utf8\",\"utf8\",\"cesu8\",\"cesu8\",\"cesu8\",\"cesu8\",\"cesu8\",\"cesu8\",\"cesu8\",\"cesu8\",\"cesu8\",\"cesu8\",\"cesu8\",\"cesu8\",\"cesu8\",\"cesu8\",\"cesu8\",\"cesu8\",\"cesu8\",\"cesu8\",\"cesu8\",\"cesu8\",\"cesu8\",\"cesu8\",\"cesu8\",\"cesu8\",\"utf8\",\"utf8\",\"utf8\",\"utf8\",\"utf8\",\"utf8\",\"utf8\",\"cesu8\",\"utf8\",\"utf8\",\"utf8\",\"utf8\",\"utf8\",\"utf8\",\"utf8\",\"utf8\",\"utf8\",\"utf8\",\"utf8\",\"utf8\",\"utf8\",\"utf8\",\"utf8\",\"utf8\",\"utf8\",\"utf8\",\"utf8\",\"utf8\",\"utf8\",\"utf8\",\"utf8\",\"utf8\",\"gb18030\",\"gb18030\",\"gb18030\",\"utf8\",\"utf8\",\"utf8\",\"utf8\",\"utf8\",\"utf8\",\"utf8\",\"utf8\",\"utf8\",\"utf8\",\"utf8\",\"utf8\",\"utf8\",\"utf8\",\"utf8\",\"utf8\",\"utf8\",\"utf8\",\"utf8\",\"utf8\",\"utf8\",\"utf8\",\"utf8\",\"utf8\",\"utf8\",\"utf8\",\"utf8\",\"utf8\",\"utf8\",\"utf8\",\"utf8\",\"utf8\",\"utf8\",\"utf8\",\"utf8\",\"utf8\",\"utf8\",\"utf8\",\"utf8\",\"utf8\",\"utf8\",\"utf8\",\"utf8\",\"utf8\",\"utf8\",\"utf8\",\"utf8\",\"utf8\",\"utf8\",\"utf8\",\"utf8\",\"utf8\",\"utf8\",\"utf8\",\"utf8\"]}},\"QueryGenerator\":{\"dialect\":\"mysql\",\"OperatorMap\":{},\"_templateSettings\":{\"escape\":{},\"evaluate\":{},\"interpolate\":{},\"variable\":\"\",\"imports\":{}},\"options\":\"~transaction~sequelize~options\",\"OperatorsAliasMap\":false,\"_dialect\":\"~transaction~sequelize~dialect\",\"sequelize\":\"~transaction~sequelize\"}},\"queryInterface\":{\"sequelize\":\"~transaction~sequelize\",\"QueryGenerator\":\"~transaction~sequelize~dialect~QueryGenerator\"},\"models\":{},\"modelManager\":{\"models\":[null,null,null,null,null,null,null,null,null,null,null,null,null,null,null,null,null,null,null,null,null,null,null,null,null,null,null,null,null,null,null,null,null,null,null,null,null],\"sequelize\":\"~transaction~sequelize\"},\"connectionManager\":\"~transaction~sequelize~dialect~connectionManager\",\"importCache\":{},\"test\":{\"_trackRunningQueries\":false,\"_runningQueries\":0}},\"savepoints\":[],\"_afterCommitHooks\":[],\"options\":{\"autocommit\":null,\"type\":\"DEFERRED\",\"isolationLevel\":null,\"readOnly\":false},\"id\":\"2f070ef5-506f-45cb-8bec-56bfd483df82\",\"connection\":{\"_events\":{},\"_eventsCount\":1,\"config\":{\"host\":\"127.0.0.1\",\"port\":3306,\"user\":\"root\",\"database\":\"interview_buddy\",\"connectTimeout\":10000,\"insecureAuth\":false,\"supportBigNumbers\":true,\"bigNumberStrings\":false,\"decimalNumbers\":false,\"dateStrings\":false,\"trace\":true,\"stringifyObjects\":false,\"timezone\":\"+00:00\",\"ssl\":false,\"multipleStatements\":false,\"rowsAsArray\":false,\"namedPlaceholders\":false,\"maxPacketSize\":0,\"charsetNumber\":224,\"compress\":false,\"clientFlags\":8582093,\"maxPreparedStatements\":16000},\"stream\":{\"connecting\":false,\"_hadError\":false,\"_handle\":{\"reading\":true,\"onconnection\":null},\"_parent\":null,\"_host\":null,\"_readableState\":{\"objectMode\":false,\"highWaterMark\":16384,\"buffer\":{\"head\":null,\"tail\":null,\"length\":0},\"length\":0,\"pipes\":null,\"pipesCount\":0,\"flowing\":true,\"ended\":false,\"endEmitted\":false,\"reading\":true,\"sync\":false,\"needReadable\":true,\"emittedReadable\":false,\"readableListening\":false,\"resumeScheduled\":false,\"paused\":false,\"emitClose\":false,\"autoDestroy\":false,\"destroyed\":false,\"defaultEncoding\":\"utf8\",\"awaitDrain\":0,\"readingMore\":false,\"decoder\":null,\"encoding\":null},\"readable\":true,\"_events\":{},\"_eventsCount\":4,\"_writableState\":{\"objectMode\":false,\"highWaterMark\":16384,\"finalCalled\":false,\"needDrain\":false,\"ending\":false,\"ended\":false,\"finished\":false,\"destroyed\":false,\"decodeStrings\":false,\"defaultEncoding\":\"utf8\",\"length\":0,\"writing\":false,\"corked\":0,\"sync\":false,\"bufferProcessing\":false,\"writecb\":null,\"writelen\":0,\"bufferedRequest\":null,\"lastBufferedRequest\":null,\"pendingcb\":0,\"prefinished\":false,\"errorEmitted\":false,\"emitClose\":false,\"autoDestroy\":false,\"bufferedRequestCount\":0,\"corkedRequestsFree\":{\"next\":null,\"entry\":null}},\"writable\":true,\"allowHalfOpen\":false,\"_sockname\":null,\"_pendingData\":null,\"_pendingEncoding\":\"\",\"server\":null,\"_server\":null},\"_internalId\":13,\"_commands\":{\"_head\":0,\"_tail\":0,\"_capacityMask\":3,\"_list\":[null,null,null,null]},\"_paused\":false,\"_paused_packets\":{\"_head\":0,\"_tail\":0,\"_capacityMask\":3,\"_list\":[null,null,null,null]},\"_statements\":{},\"serverCapabilityFlags\":2688546815,\"authorized\":true,\"sequenceId\":2,\"compressedSequenceId\":0,\"threadId\":166,\"_handshakePacket\":{\"protocolVersion\":10,\"serverVersion\":\"5.5.5-10.1.37-MariaDB\",\"capabilityFlags\":2688546815,\"connectionId\":166,\"authPluginData1\":{\"type\":\"Buffer\",\"data\":[106,68,85,93,83,106,59,37]},\"authPluginData2\":{\"type\":\"Buffer\",\"data\":[70,113,40,110,117,33,63,90,41,92,115,80]},\"characterSet\":8,\"statusFlags\":2},\"_fatalError\":null,\"_protocolError\":null,\"_outOfOrderPackets\":[],\"clientEncoding\":\"utf8\",\"packetParser\":{\"buffer\":[],\"bufferLength\":0,\"packetHeaderLength\":4,\"headerLen\":0,\"length\":7,\"largePacketParts\":[],\"firstPacketSequenceId\":0},\"serverEncoding\":\"latin1\",\"connectTimeout\":null,\"connectionId\":166,\"uuid\":\"2f070ef5-506f-45cb-8bec-56bfd483df82\"}},\"fields\":[\"id\",\"interviewId\",\"questionId\",\"createdAt\",\"updatedAt\"],\"auth\":5}', '[1]', 5, '2019-02-13 07:06:41', '2019-02-13 07:06:41'),
(20, 'interview_users', 'insert', '{\"validate\":false,\"hooks\":true,\"individualHooks\":false,\"ignoreDuplicates\":false,\"transaction\":{\"sequelize\":{\"options\":{\"dialect\":\"mysql\",\"dialectModulePath\":null,\"host\":\"127.0.0.1\",\"protocol\":\"tcp\",\"define\":{},\"query\":{},\"sync\":{},\"timezone\":\"+00:00\",\"omitNull\":false,\"native\":false,\"replication\":false,\"pool\":{},\"quoteIdentifiers\":true,\"hooks\":{\"afterCreate\":[null],\"afterUpdate\":[null],\"afterBulkUpdate\":[null],\"afterBulkCreate\":[null]},\"retry\":{\"max\":5,\"match\":[\"SQLITE_BUSY: database is locked\"]},\"transactionType\":\"DEFERRED\",\"isolationLevel\":null,\"databaseVersion\":\"10.1.37-MariaDB\",\"typeValidation\":false,\"benchmark\":false,\"operatorsAliases\":false,\"username\":\"root\",\"password\":null,\"database\":\"interview_buddy\"},\"config\":{\"database\":\"interview_buddy\",\"username\":\"root\",\"password\":null,\"host\":\"127.0.0.1\",\"port\":3306,\"pool\":\"~transaction~sequelize~options~pool\",\"protocol\":\"tcp\",\"native\":false,\"replication\":false,\"dialectModulePath\":null},\"dialect\":{\"sequelize\":\"~transaction~sequelize\",\"connectionManager\":{\"sequelize\":\"~transaction~sequelize\",\"config\":{\"database\":\"interview_buddy\",\"username\":\"root\",\"password\":null,\"host\":\"127.0.0.1\",\"pool\":{\"max\":5,\"min\":0,\"idle\":10000,\"acquire\":10000,\"evict\":10000,\"handleDisconnects\":true},\"protocol\":\"tcp\",\"native\":false,\"replication\":false,\"dialectModulePath\":null},\"dialect\":\"~transaction~sequelize~dialect\",\"versionPromise\":null,\"dialectName\":\"mysql\",\"pool\":{\"_events\":{},\"_eventsCount\":0,\"_config\":{\"fifo\":true,\"priorityRange\":1,\"testOnBorrow\":true,\"testOnReturn\":false,\"autostart\":false,\"acquireTimeoutMillis\":10000,\"max\":5,\"min\":0,\"evictionRunIntervalMillis\":10000,\"numTestsPerEvictionRun\":3,\"softIdleTimeoutMillis\":-1,\"idleTimeoutMillis\":10000},\"_factory\":{},\"_draining\":false,\"_started\":true,\"_waitingClientsQueue\":{\"_size\":1,\"_slots\":[{\"_list\":{\"head\":null,\"tail\":null,\"length\":0}}]},\"_factoryCreateOperations\":{},\"_factoryDestroyOperations\":{},\"_availableObjects\":{\"_list\":{\"head\":null,\"tail\":null,\"length\":0}},\"_testOnBorrowResources\":{},\"_testOnReturnResources\":{},\"_validationOperations\":{},\"_allObjects\":{},\"_resourceLoans\":{},\"_evictionIterator\":{\"_list\":\"~transaction~sequelize~dialect~connectionManager~pool~_availableObjects~_list\",\"_direction\":\"next\",\"_startPosition\":\"head\",\"_started\":false,\"_cursor\":null,\"_done\":false},\"_evictor\":{},\"_scheduledEviction\":{\"_idleTimeout\":10000,\"_idlePrev\":{\"_idleNext\":\"~transaction~sequelize~dialect~connectionManager~pool~_scheduledEviction\",\"_idlePrev\":\"~transaction~sequelize~dialect~connectionManager~pool~_scheduledEviction\",\"expiry\":14813,\"id\":-9007199254740987,\"msecs\":10000,\"priorityQueuePosition\":3},\"_idleNext\":\"~transaction~sequelize~dialect~connectionManager~pool~_scheduledEviction~_idlePrev\",\"_idleStart\":4813,\"_repeat\":null,\"_destroyed\":false}},\"lib\":{\"Types\":{\"DECIMAL\":0,\"TINY\":1,\"SHORT\":2,\"LONG\":3,\"FLOAT\":4,\"DOUBLE\":5,\"NULL\":6,\"TIMESTAMP\":7,\"LONGLONG\":8,\"INT24\":9,\"DATE\":10,\"TIME\":11,\"DATETIME\":12,\"YEAR\":13,\"NEWDATE\":14,\"VARCHAR\":15,\"BIT\":16,\"JSON\":245,\"NEWDECIMAL\":246,\"ENUM\":247,\"SET\":248,\"TINY_BLOB\":249,\"MEDIUM_BLOB\":250,\"LONG_BLOB\":251,\"BLOB\":252,\"VAR_STRING\":253,\"STRING\":254,\"GEOMETRY\":255},\"Charsets\":{\"BIG5_CHINESE_CI\":1,\"LATIN2_CZECH_CS\":2,\"DEC8_SWEDISH_CI\":3,\"CP850_GENERAL_CI\":4,\"LATIN1_GERMAN1_CI\":5,\"HP8_ENGLISH_CI\":6,\"KOI8R_GENERAL_CI\":7,\"LATIN1_SWEDISH_CI\":8,\"LATIN2_GENERAL_CI\":9,\"SWE7_SWEDISH_CI\":10,\"ASCII_GENERAL_CI\":11,\"UJIS_JAPANESE_CI\":12,\"SJIS_JAPANESE_CI\":13,\"CP1251_BULGARIAN_CI\":14,\"LATIN1_DANISH_CI\":15,\"HEBREW_GENERAL_CI\":16,\"TIS620_THAI_CI\":18,\"EUCKR_KOREAN_CI\":19,\"LATIN7_ESTONIAN_CS\":20,\"LATIN2_HUNGARIAN_CI\":21,\"KOI8U_GENERAL_CI\":22,\"CP1251_UKRAINIAN_CI\":23,\"GB2312_CHINESE_CI\":24,\"GREEK_GENERAL_CI\":25,\"CP1250_GENERAL_CI\":26,\"LATIN2_CROATIAN_CI\":27,\"GBK_CHINESE_CI\":28,\"CP1257_LITHUANIAN_CI\":29,\"LATIN5_TURKISH_CI\":30,\"LATIN1_GERMAN2_CI\":31,\"ARMSCII8_GENERAL_CI\":32,\"UTF8_GENERAL_CI\":33,\"CP1250_CZECH_CS\":34,\"UCS2_GENERAL_CI\":35,\"CP866_GENERAL_CI\":36,\"KEYBCS2_GENERAL_CI\":37,\"MACCE_GENERAL_CI\":38,\"MACROMAN_GENERAL_CI\":39,\"CP852_GENERAL_CI\":40,\"LATIN7_GENERAL_CI\":41,\"LATIN7_GENERAL_CS\":42,\"MACCE_BIN\":43,\"CP1250_CROATIAN_CI\":44,\"UTF8MB4_GENERAL_CI\":45,\"UTF8MB4_BIN\":46,\"LATIN1_BIN\":47,\"LATIN1_GENERAL_CI\":48,\"LATIN1_GENERAL_CS\":49,\"CP1251_BIN\":50,\"CP1251_GENERAL_CI\":51,\"CP1251_GENERAL_CS\":52,\"MACROMAN_BIN\":53,\"UTF16_GENERAL_CI\":54,\"UTF16_BIN\":55,\"UTF16LE_GENERAL_CI\":56,\"CP1256_GENERAL_CI\":57,\"CP1257_BIN\":58,\"CP1257_GENERAL_CI\":59,\"UTF32_GENERAL_CI\":60,\"UTF32_BIN\":61,\"UTF16LE_BIN\":62,\"BINARY\":63,\"ARMSCII8_BIN\":64,\"ASCII_BIN\":65,\"CP1250_BIN\":66,\"CP1256_BIN\":67,\"CP866_BIN\":68,\"DEC8_BIN\":69,\"GREEK_BIN\":70,\"HEBREW_BIN\":71,\"HP8_BIN\":72,\"KEYBCS2_BIN\":73,\"KOI8R_BIN\":74,\"KOI8U_BIN\":75,\"UTF8_TOLOWER_CI\":76,\"LATIN2_BIN\":77,\"LATIN5_BIN\":78,\"LATIN7_BIN\":79,\"CP850_BIN\":80,\"CP852_BIN\":81,\"SWE7_BIN\":82,\"UTF8_BIN\":83,\"BIG5_BIN\":84,\"EUCKR_BIN\":85,\"GB2312_BIN\":86,\"GBK_BIN\":87,\"SJIS_BIN\":88,\"TIS620_BIN\":89,\"UCS2_BIN\":90,\"UJIS_BIN\":91,\"GEOSTD8_GENERAL_CI\":92,\"GEOSTD8_BIN\":93,\"LATIN1_SPANISH_CI\":94,\"CP932_JAPANESE_CI\":95,\"CP932_BIN\":96,\"EUCJPMS_JAPANESE_CI\":97,\"EUCJPMS_BIN\":98,\"CP1250_POLISH_CI\":99,\"UTF16_UNICODE_CI\":101,\"UTF16_ICELANDIC_CI\":102,\"UTF16_LATVIAN_CI\":103,\"UTF16_ROMANIAN_CI\":104,\"UTF16_SLOVENIAN_CI\":105,\"UTF16_POLISH_CI\":106,\"UTF16_ESTONIAN_CI\":107,\"UTF16_SPANISH_CI\":108,\"UTF16_SWEDISH_CI\":109,\"UTF16_TURKISH_CI\":110,\"UTF16_CZECH_CI\":111,\"UTF16_DANISH_CI\":112,\"UTF16_LITHUANIAN_CI\":113,\"UTF16_SLOVAK_CI\":114,\"UTF16_SPANISH2_CI\":115,\"UTF16_ROMAN_CI\":116,\"UTF16_PERSIAN_CI\":117,\"UTF16_ESPERANTO_CI\":118,\"UTF16_HUNGARIAN_CI\":119,\"UTF16_SINHALA_CI\":120,\"UTF16_GERMAN2_CI\":121,\"UTF16_CROATIAN_CI\":122,\"UTF16_UNICODE_520_CI\":123,\"UTF16_VIETNAMESE_CI\":124,\"UCS2_UNICODE_CI\":128,\"UCS2_ICELANDIC_CI\":129,\"UCS2_LATVIAN_CI\":130,\"UCS2_ROMANIAN_CI\":131,\"UCS2_SLOVENIAN_CI\":132,\"UCS2_POLISH_CI\":133,\"UCS2_ESTONIAN_CI\":134,\"UCS2_SPANISH_CI\":135,\"UCS2_SWEDISH_CI\":136,\"UCS2_TURKISH_CI\":137,\"UCS2_CZECH_CI\":138,\"UCS2_DANISH_CI\":139,\"UCS2_LITHUANIAN_CI\":140,\"UCS2_SLOVAK_CI\":141,\"UCS2_SPANISH2_CI\":142,\"UCS2_ROMAN_CI\":143,\"UCS2_PERSIAN_CI\":144,\"UCS2_ESPERANTO_CI\":145,\"UCS2_HUNGARIAN_CI\":146,\"UCS2_SINHALA_CI\":147,\"UCS2_GERMAN2_CI\":148,\"UCS2_CROATIAN_CI\":149,\"UCS2_UNICODE_520_CI\":150,\"UCS2_VIETNAMESE_CI\":151,\"UCS2_GENERAL_MYSQL500_CI\":159,\"UTF32_UNICODE_CI\":160,\"UTF32_ICELANDIC_CI\":161,\"UTF32_LATVIAN_CI\":162,\"UTF32_ROMANIAN_CI\":163,\"UTF32_SLOVENIAN_CI\":164,\"UTF32_POLISH_CI\":165,\"UTF32_ESTONIAN_CI\":166,\"UTF32_SPANISH_CI\":167,\"UTF32_SWEDISH_CI\":168,\"UTF32_TURKISH_CI\":169,\"UTF32_CZECH_CI\":170,\"UTF32_DANISH_CI\":171,\"UTF32_LITHUANIAN_CI\":172,\"UTF32_SLOVAK_CI\":173,\"UTF32_SPANISH2_CI\":174,\"UTF32_ROMAN_CI\":175,\"UTF32_PERSIAN_CI\":176,\"UTF32_ESPERANTO_CI\":177,\"UTF32_HUNGARIAN_CI\":178,\"UTF32_SINHALA_CI\":179,\"UTF32_GERMAN2_CI\":180,\"UTF32_CROATIAN_CI\":181,\"UTF32_UNICODE_520_CI\":182,\"UTF32_VIETNAMESE_CI\":183,\"UTF8_UNICODE_CI\":192,\"UTF8_ICELANDIC_CI\":193,\"UTF8_LATVIAN_CI\":194,\"UTF8_ROMANIAN_CI\":195,\"UTF8_SLOVENIAN_CI\":196,\"UTF8_POLISH_CI\":197,\"UTF8_ESTONIAN_CI\":198,\"UTF8_SPANISH_CI\":199,\"UTF8_SWEDISH_CI\":200,\"UTF8_TURKISH_CI\":201,\"UTF8_CZECH_CI\":202,\"UTF8_DANISH_CI\":203,\"UTF8_LITHUANIAN_CI\":204,\"UTF8_SLOVAK_CI\":205,\"UTF8_SPANISH2_CI\":206,\"UTF8_ROMAN_CI\":207,\"UTF8_PERSIAN_CI\":208,\"UTF8_ESPERANTO_CI\":209,\"UTF8_HUNGARIAN_CI\":210,\"UTF8_SINHALA_CI\":211,\"UTF8_GERMAN2_CI\":212,\"UTF8_CROATIAN_CI\":213,\"UTF8_UNICODE_520_CI\":214,\"UTF8_VIETNAMESE_CI\":215,\"UTF8_GENERAL_MYSQL500_CI\":223,\"UTF8MB4_UNICODE_CI\":224,\"UTF8MB4_ICELANDIC_CI\":225,\"UTF8MB4_LATVIAN_CI\":226,\"UTF8MB4_ROMANIAN_CI\":227,\"UTF8MB4_SLOVENIAN_CI\":228,\"UTF8MB4_POLISH_CI\":229,\"UTF8MB4_ESTONIAN_CI\":230,\"UTF8MB4_SPANISH_CI\":231,\"UTF8MB4_SWEDISH_CI\":232,\"UTF8MB4_TURKISH_CI\":233,\"UTF8MB4_CZECH_CI\":234,\"UTF8MB4_DANISH_CI\":235,\"UTF8MB4_LITHUANIAN_CI\":236,\"UTF8MB4_SLOVAK_CI\":237,\"UTF8MB4_SPANISH2_CI\":238,\"UTF8MB4_ROMAN_CI\":239,\"UTF8MB4_PERSIAN_CI\":240,\"UTF8MB4_ESPERANTO_CI\":241,\"UTF8MB4_HUNGARIAN_CI\":242,\"UTF8MB4_SINHALA_CI\":243,\"UTF8MB4_GERMAN2_CI\":244,\"UTF8MB4_CROATIAN_CI\":245,\"UTF8MB4_UNICODE_520_CI\":246,\"UTF8MB4_VIETNAMESE_CI\":247,\"GB18030_CHINESE_CI\":248,\"GB18030_BIN\":249,\"GB18030_UNICODE_520_CI\":250,\"UTF8_GENERAL50_CI\":253,\"UTF8MB4_0900_AI_CI\":255,\"UTF8MB4_CS_0900_AI_CI\":266,\"UTF8MB4_DA_0900_AI_CI\":267,\"UTF8MB4_DE_PB_0900_AI_CI\":256,\"UTF8MB4_EO_0900_AI_CI\":273,\"UTF8MB4_ES_0900_AI_CI\":263,\"UTF8MB4_ES_TRAD_0900_AI_CI\":270,\"UTF8MB4_ET_0900_AI_CI\":262,\"UTF8MB4_HR_0900_AI_CI\":275,\"UTF8MB4_HU_0900_AI_CI\":274,\"UTF8MB4_IS_0900_AI_CI\":257,\"UTF8MB4_LA_0900_AI_CI\":271,\"UTF8MB4_LT_0900_AI_CI\":268,\"UTF8MB4_LV_0900_AI_CI\":258,\"UTF8MB4_PL_0900_AI_CI\":261,\"UTF8MB4_RO_0900_AI_CI\":259,\"UTF8MB4_SK_0900_AI_CI\":269,\"UTF8MB4_SL_0900_AI_CI\":260,\"UTF8MB4_SV_0900_AI_CI\":264,\"UTF8MB4_TR_0900_AI_CI\":265,\"UTF8MB4_VI_0900_AI_CI\":277,\"BIG5\":1,\"DEC8\":3,\"CP850\":4,\"HP8\":6,\"KOI8R\":7,\"LATIN1\":8,\"LATIN2\":9,\"SWE7\":10,\"ASCII\":11,\"UJIS\":12,\"SJIS\":13,\"HEBREW\":16,\"TIS620\":18,\"EUCKR\":19,\"KOI8U\":22,\"GB2312\":24,\"GREEK\":25,\"CP1250\":26,\"GBK\":28,\"LATIN5\":30,\"ARMSCII8\":32,\"UTF8\":33,\"UCS2\":35,\"CP866\":36,\"KEYBCS2\":37,\"MACCE\":38,\"MACROMAN\":39,\"CP852\":40,\"LATIN7\":41,\"UTF8MB4\":45,\"CP1251\":51,\"UTF16\":54,\"UTF16LE\":56,\"CP1256\":57,\"CP1257\":59,\"UTF32\":60,\"CP932\":95,\"EUCJPMS\":97,\"GB18030\":248,\"GEOSTD8\":92},\"CharsetToEncoding\":[\"utf8\",\"big5\",\"latin2\",\"dec8\",\"cp850\",\"latin1\",\"hp8\",\"koi8r\",\"latin1\",\"latin2\",\"swe7\",\"ascii\",\"eucjp\",\"sjis\",\"cp1251\",\"latin1\",\"hebrew\",\"utf8\",\"tis620\",\"euckr\",\"latin7\",\"latin2\",\"koi8u\",\"cp1251\",\"gb2312\",\"greek\",\"cp1250\",\"latin2\",\"gbk\",\"cp1257\",\"latin5\",\"latin1\",\"armscii8\",\"cesu8\",\"cp1250\",\"ucs2\",\"cp866\",\"keybcs2\",\"macintosh\",\"macroman\",\"cp852\",\"latin7\",\"latin7\",\"macintosh\",\"cp1250\",\"utf8\",\"utf8\",\"latin1\",\"latin1\",\"latin1\",\"cp1251\",\"cp1251\",\"cp1251\",\"macroman\",\"utf16\",\"utf16\",\"utf16-le\",\"cp1256\",\"cp1257\",\"cp1257\",\"utf32\",\"utf32\",\"utf16-le\",\"binary\",\"armscii8\",\"ascii\",\"cp1250\",\"cp1256\",\"cp866\",\"dec8\",\"greek\",\"hebrew\",\"hp8\",\"keybcs2\",\"koi8r\",\"koi8u\",\"cesu8\",\"latin2\",\"latin5\",\"latin7\",\"cp850\",\"cp852\",\"swe7\",\"cesu8\",\"big5\",\"euckr\",\"gb2312\",\"gbk\",\"sjis\",\"tis620\",\"ucs2\",\"eucjp\",\"geostd8\",\"geostd8\",\"latin1\",\"cp932\",\"cp932\",\"eucjpms\",\"eucjpms\",\"cp1250\",\"utf8\",\"utf16\",\"utf16\",\"utf16\",\"utf16\",\"utf16\",\"utf16\",\"utf16\",\"utf16\",\"utf16\",\"utf16\",\"utf16\",\"utf16\",\"utf16\",\"utf16\",\"utf16\",\"utf16\",\"utf16\",\"utf16\",\"utf16\",\"utf16\",\"utf16\",\"utf16\",\"utf16\",\"utf16\",\"utf8\",\"utf8\",\"utf8\",\"ucs2\",\"ucs2\",\"ucs2\",\"ucs2\",\"ucs2\",\"ucs2\",\"ucs2\",\"ucs2\",\"ucs2\",\"ucs2\",\"ucs2\",\"ucs2\",\"ucs2\",\"ucs2\",\"ucs2\",\"ucs2\",\"ucs2\",\"ucs2\",\"ucs2\",\"ucs2\",\"ucs2\",\"ucs2\",\"ucs2\",\"ucs2\",\"utf8\",\"utf8\",\"utf8\",\"utf8\",\"utf8\",\"utf8\",\"utf8\",\"ucs2\",\"utf32\",\"utf32\",\"utf32\",\"utf32\",\"utf32\",\"utf32\",\"utf32\",\"utf32\",\"utf32\",\"utf32\",\"utf32\",\"utf32\",\"utf32\",\"utf32\",\"utf32\",\"utf32\",\"utf32\",\"utf32\",\"utf32\",\"utf32\",\"utf32\",\"utf32\",\"utf32\",\"utf32\",\"utf8\",\"utf8\",\"utf8\",\"utf8\",\"utf8\",\"utf8\",\"utf8\",\"utf8\",\"cesu8\",\"cesu8\",\"cesu8\",\"cesu8\",\"cesu8\",\"cesu8\",\"cesu8\",\"cesu8\",\"cesu8\",\"cesu8\",\"cesu8\",\"cesu8\",\"cesu8\",\"cesu8\",\"cesu8\",\"cesu8\",\"cesu8\",\"cesu8\",\"cesu8\",\"cesu8\",\"cesu8\",\"cesu8\",\"cesu8\",\"cesu8\",\"utf8\",\"utf8\",\"utf8\",\"utf8\",\"utf8\",\"utf8\",\"utf8\",\"cesu8\",\"utf8\",\"utf8\",\"utf8\",\"utf8\",\"utf8\",\"utf8\",\"utf8\",\"utf8\",\"utf8\",\"utf8\",\"utf8\",\"utf8\",\"utf8\",\"utf8\",\"utf8\",\"utf8\",\"utf8\",\"utf8\",\"utf8\",\"utf8\",\"utf8\",\"utf8\",\"utf8\",\"utf8\",\"gb18030\",\"gb18030\",\"gb18030\",\"utf8\",\"utf8\",\"utf8\",\"utf8\",\"utf8\",\"utf8\",\"utf8\",\"utf8\",\"utf8\",\"utf8\",\"utf8\",\"utf8\",\"utf8\",\"utf8\",\"utf8\",\"utf8\",\"utf8\",\"utf8\",\"utf8\",\"utf8\",\"utf8\",\"utf8\",\"utf8\",\"utf8\",\"utf8\",\"utf8\",\"utf8\",\"utf8\",\"utf8\",\"utf8\",\"utf8\",\"utf8\",\"utf8\",\"utf8\",\"utf8\",\"utf8\",\"utf8\",\"utf8\",\"utf8\",\"utf8\",\"utf8\",\"utf8\",\"utf8\",\"utf8\",\"utf8\",\"utf8\",\"utf8\",\"utf8\",\"utf8\",\"utf8\",\"utf8\",\"utf8\",\"utf8\",\"utf8\",\"utf8\"]}},\"QueryGenerator\":{\"dialect\":\"mysql\",\"OperatorMap\":{},\"_templateSettings\":{\"escape\":{},\"evaluate\":{},\"interpolate\":{},\"variable\":\"\",\"imports\":{}},\"options\":\"~transaction~sequelize~options\",\"OperatorsAliasMap\":false,\"_dialect\":\"~transaction~sequelize~dialect\",\"sequelize\":\"~transaction~sequelize\"}},\"queryInterface\":{\"sequelize\":\"~transaction~sequelize\",\"QueryGenerator\":\"~transaction~sequelize~dialect~QueryGenerator\"},\"models\":{},\"modelManager\":{\"models\":[null,null,null,null,null,null,null,null,null,null,null,null,null,null,null,null,null,null,null,null,null,null,null,null,null,null,null,null,null,null,null,null,null,null,null,null,null],\"sequelize\":\"~transaction~sequelize\"},\"connectionManager\":\"~transaction~sequelize~dialect~connectionManager\",\"importCache\":{},\"test\":{\"_trackRunningQueries\":false,\"_runningQueries\":0}},\"savepoints\":[],\"_afterCommitHooks\":[],\"options\":{\"autocommit\":null,\"type\":\"DEFERRED\",\"isolationLevel\":null,\"readOnly\":false},\"id\":\"c0fe335b-0240-4ee2-8799-aae98702c4e5\",\"connection\":{\"_events\":{},\"_eventsCount\":1,\"config\":{\"host\":\"127.0.0.1\",\"port\":3306,\"user\":\"root\",\"database\":\"interview_buddy\",\"connectTimeout\":10000,\"insecureAuth\":false,\"supportBigNumbers\":true,\"bigNumberStrings\":false,\"decimalNumbers\":false,\"dateStrings\":false,\"trace\":true,\"stringifyObjects\":false,\"timezone\":\"+00:00\",\"ssl\":false,\"multipleStatements\":false,\"rowsAsArray\":false,\"namedPlaceholders\":false,\"maxPacketSize\":0,\"charsetNumber\":224,\"compress\":false,\"clientFlags\":8582093,\"maxPreparedStatements\":16000},\"stream\":{\"connecting\":false,\"_hadError\":false,\"_handle\":{\"reading\":true,\"onconnection\":null},\"_parent\":null,\"_host\":null,\"_readableState\":{\"objectMode\":false,\"highWaterMark\":16384,\"buffer\":{\"head\":null,\"tail\":null,\"length\":0},\"length\":0,\"pipes\":null,\"pipesCount\":0,\"flowing\":true,\"ended\":false,\"endEmitted\":false,\"reading\":true,\"sync\":false,\"needReadable\":true,\"emittedReadable\":false,\"readableListening\":false,\"resumeScheduled\":false,\"paused\":false,\"emitClose\":false,\"autoDestroy\":false,\"destroyed\":false,\"defaultEncoding\":\"utf8\",\"awaitDrain\":0,\"readingMore\":false,\"decoder\":null,\"encoding\":null},\"readable\":true,\"_events\":{},\"_eventsCount\":4,\"_writableState\":{\"objectMode\":false,\"highWaterMark\":16384,\"finalCalled\":false,\"needDrain\":false,\"ending\":false,\"ended\":false,\"finished\":false,\"destroyed\":false,\"decodeStrings\":false,\"defaultEncoding\":\"utf8\",\"length\":0,\"writing\":false,\"corked\":0,\"sync\":false,\"bufferProcessing\":false,\"writecb\":null,\"writelen\":0,\"bufferedRequest\":null,\"lastBufferedRequest\":null,\"pendingcb\":0,\"prefinished\":false,\"errorEmitted\":false,\"emitClose\":false,\"autoDestroy\":false,\"bufferedRequestCount\":0,\"corkedRequestsFree\":{\"next\":null,\"entry\":null}},\"writable\":true,\"allowHalfOpen\":false,\"_sockname\":null,\"_pendingData\":null,\"_pendingEncoding\":\"\",\"server\":null,\"_server\":null},\"_internalId\":1,\"_commands\":{\"_head\":0,\"_tail\":0,\"_capacityMask\":3,\"_list\":[null,null,null,null]},\"_paused\":false,\"_paused_packets\":{\"_head\":0,\"_tail\":0,\"_capacityMask\":3,\"_list\":[null,null,null,null]},\"_statements\":{},\"serverCapabilityFlags\":2688546815,\"authorized\":true,\"sequenceId\":2,\"compressedSequenceId\":0,\"threadId\":188,\"_handshakePacket\":{\"protocolVersion\":10,\"serverVersion\":\"5.5.5-10.1.37-MariaDB\",\"capabilityFlags\":2688546815,\"connectionId\":188,\"authPluginData1\":{\"type\":\"Buffer\",\"data\":[109,103,63,66,111,43,35,108]},\"authPluginData2\":{\"type\":\"Buffer\",\"data\":[122,64,111,46,54,100,118,68,49,103,54,118]},\"characterSet\":8,\"statusFlags\":2},\"_fatalError\":null,\"_protocolError\":null,\"_outOfOrderPackets\":[],\"clientEncoding\":\"utf8\",\"packetParser\":{\"buffer\":[],\"bufferLength\":0,\"packetHeaderLength\":4,\"headerLen\":0,\"length\":46,\"largePacketParts\":[],\"firstPacketSequenceId\":0},\"serverEncoding\":\"latin1\",\"connectTimeout\":null,\"connectionId\":188,\"uuid\":\"c0fe335b-0240-4ee2-8799-aae98702c4e5\"}},\"fields\":[\"id\",\"interviewId\",\"email\",\"status\",\"link\",\"pin\",\"paymentstatus\",\"createdAt\",\"updatedAt\"],\"auth\":5}', '[1,2]', 5, '2019-02-13 07:14:54', '2019-02-13 07:14:54');
INSERT INTO `logs` (`id`, `tableName`, `action`, `remarks`, `respectiveId`, `userId`, `createdAt`, `updatedAt`) VALUES
(21, 'interview_users', 'insert', '{\"validate\":false,\"hooks\":true,\"individualHooks\":false,\"ignoreDuplicates\":false,\"transaction\":{\"sequelize\":{\"options\":{\"dialect\":\"mysql\",\"dialectModulePath\":null,\"host\":\"127.0.0.1\",\"protocol\":\"tcp\",\"define\":{},\"query\":{},\"sync\":{},\"timezone\":\"+00:00\",\"omitNull\":false,\"native\":false,\"replication\":false,\"pool\":{},\"quoteIdentifiers\":true,\"hooks\":{\"afterCreate\":[null],\"afterUpdate\":[null],\"afterBulkUpdate\":[null],\"afterBulkCreate\":[null]},\"retry\":{\"max\":5,\"match\":[\"SQLITE_BUSY: database is locked\"]},\"transactionType\":\"DEFERRED\",\"isolationLevel\":null,\"databaseVersion\":\"10.1.37-MariaDB\",\"typeValidation\":false,\"benchmark\":false,\"operatorsAliases\":false,\"username\":\"root\",\"password\":null,\"database\":\"interview_buddy\"},\"config\":{\"database\":\"interview_buddy\",\"username\":\"root\",\"password\":null,\"host\":\"127.0.0.1\",\"port\":3306,\"pool\":\"~transaction~sequelize~options~pool\",\"protocol\":\"tcp\",\"native\":false,\"replication\":false,\"dialectModulePath\":null},\"dialect\":{\"sequelize\":\"~transaction~sequelize\",\"connectionManager\":{\"sequelize\":\"~transaction~sequelize\",\"config\":{\"database\":\"interview_buddy\",\"username\":\"root\",\"password\":null,\"host\":\"127.0.0.1\",\"pool\":{\"max\":5,\"min\":0,\"idle\":10000,\"acquire\":10000,\"evict\":10000,\"handleDisconnects\":true},\"protocol\":\"tcp\",\"native\":false,\"replication\":false,\"dialectModulePath\":null},\"dialect\":\"~transaction~sequelize~dialect\",\"versionPromise\":null,\"dialectName\":\"mysql\",\"pool\":{\"_events\":{},\"_eventsCount\":0,\"_config\":{\"fifo\":true,\"priorityRange\":1,\"testOnBorrow\":true,\"testOnReturn\":false,\"autostart\":false,\"acquireTimeoutMillis\":10000,\"max\":5,\"min\":0,\"evictionRunIntervalMillis\":10000,\"numTestsPerEvictionRun\":3,\"softIdleTimeoutMillis\":-1,\"idleTimeoutMillis\":10000},\"_factory\":{},\"_draining\":false,\"_started\":true,\"_waitingClientsQueue\":{\"_size\":1,\"_slots\":[{\"_list\":{\"head\":null,\"tail\":null,\"length\":0}}]},\"_factoryCreateOperations\":{},\"_factoryDestroyOperations\":{},\"_availableObjects\":{\"_list\":{\"head\":null,\"tail\":null,\"length\":0}},\"_testOnBorrowResources\":{},\"_testOnReturnResources\":{},\"_validationOperations\":{},\"_allObjects\":{},\"_resourceLoans\":{},\"_evictionIterator\":{\"_list\":\"~transaction~sequelize~dialect~connectionManager~pool~_availableObjects~_list\",\"_direction\":\"next\",\"_startPosition\":\"head\",\"_started\":true,\"_cursor\":{\"prev\":null,\"next\":null,\"data\":{\"creationTime\":1550042162652,\"lastReturnTime\":1550042162666,\"lastBorrowTime\":1550042162663,\"lastIdleTime\":1550042162666,\"obj\":{\"_events\":{},\"_eventsCount\":1,\"config\":{\"host\":\"127.0.0.1\",\"port\":3306,\"user\":\"root\",\"database\":\"interview_buddy\",\"connectTimeout\":10000,\"insecureAuth\":false,\"supportBigNumbers\":true,\"bigNumberStrings\":false,\"decimalNumbers\":false,\"dateStrings\":false,\"trace\":true,\"stringifyObjects\":false,\"timezone\":\"+00:00\",\"ssl\":false,\"multipleStatements\":false,\"rowsAsArray\":false,\"namedPlaceholders\":false,\"maxPacketSize\":0,\"charsetNumber\":224,\"compress\":false,\"clientFlags\":8582093,\"maxPreparedStatements\":16000},\"stream\":{\"connecting\":false,\"_hadError\":false,\"_handle\":null,\"_parent\":null,\"_host\":null,\"_readableState\":{\"objectMode\":false,\"highWaterMark\":16384,\"buffer\":{\"head\":null,\"tail\":null,\"length\":0},\"length\":0,\"pipes\":null,\"pipesCount\":0,\"flowing\":true,\"ended\":true,\"endEmitted\":true,\"reading\":false,\"sync\":false,\"needReadable\":false,\"emittedReadable\":false,\"readableListening\":false,\"resumeScheduled\":false,\"paused\":false,\"emitClose\":false,\"autoDestroy\":false,\"destroyed\":true,\"defaultEncoding\":\"utf8\",\"awaitDrain\":0,\"readingMore\":false,\"decoder\":null,\"encoding\":null},\"readable\":false,\"_events\":{},\"_eventsCount\":5,\"_writableState\":{\"objectMode\":false,\"highWaterMark\":16384,\"finalCalled\":true,\"needDrain\":false,\"ending\":true,\"ended\":true,\"finished\":false,\"destroyed\":true,\"decodeStrings\":false,\"defaultEncoding\":\"utf8\",\"length\":0,\"writing\":false,\"corked\":0,\"sync\":false,\"bufferProcessing\":false,\"writecb\":null,\"writelen\":0,\"bufferedRequest\":null,\"lastBufferedRequest\":null,\"pendingcb\":1,\"prefinished\":false,\"errorEmitted\":false,\"emitClose\":false,\"autoDestroy\":false,\"bufferedRequestCount\":0,\"corkedRequestsFree\":{\"next\":null,\"entry\":null}},\"writable\":false,\"allowHalfOpen\":false,\"_sockname\":null,\"_pendingData\":null,\"_pendingEncoding\":\"\",\"server\":null,\"_server\":null},\"_internalId\":3,\"_commands\":{\"_head\":0,\"_tail\":0,\"_capacityMask\":3,\"_list\":[null,null,null,null]},\"_paused\":false,\"_paused_packets\":{\"_head\":0,\"_tail\":0,\"_capacityMask\":3,\"_list\":[null,null,null,null]},\"_statements\":{},\"serverCapabilityFlags\":2688546815,\"authorized\":true,\"sequenceId\":1,\"compressedSequenceId\":0,\"threadId\":190,\"_handshakePacket\":{\"protocolVersion\":10,\"serverVersion\":\"5.5.5-10.1.37-MariaDB\",\"capabilityFlags\":2688546815,\"connectionId\":190,\"authPluginData1\":{\"type\":\"Buffer\",\"data\":[105,66,75,51,93,89,40,90]},\"authPluginData2\":{\"type\":\"Buffer\",\"data\":[108,51,85,51,63,36,52,120,34,61,76,69]},\"characterSet\":8,\"statusFlags\":2},\"_fatalError\":null,\"_protocolError\":null,\"_outOfOrderPackets\":[],\"clientEncoding\":\"utf8\",\"packetParser\":{\"buffer\":[],\"bufferLength\":0,\"packetHeaderLength\":4,\"headerLen\":0,\"length\":5,\"largePacketParts\":[],\"firstPacketSequenceId\":0},\"serverEncoding\":\"latin1\",\"connectTimeout\":null,\"connectionId\":190,\"_closing\":true},\"state\":\"INVALID\"}},\"_done\":false},\"_evictor\":{},\"_scheduledEviction\":{\"_idleTimeout\":10000,\"_idlePrev\":{\"_idleNext\":\"~transaction~sequelize~dialect~connectionManager~pool~_scheduledEviction\",\"_idlePrev\":\"~transaction~sequelize~dialect~connectionManager~pool~_scheduledEviction\",\"expiry\":114818,\"id\":-9007199254740969,\"msecs\":10000,\"priorityQueuePosition\":3},\"_idleNext\":\"~transaction~sequelize~dialect~connectionManager~pool~_scheduledEviction~_idlePrev\",\"_idleStart\":104818,\"_repeat\":null,\"_destroyed\":false}},\"lib\":{\"Types\":{\"DECIMAL\":0,\"TINY\":1,\"SHORT\":2,\"LONG\":3,\"FLOAT\":4,\"DOUBLE\":5,\"NULL\":6,\"TIMESTAMP\":7,\"LONGLONG\":8,\"INT24\":9,\"DATE\":10,\"TIME\":11,\"DATETIME\":12,\"YEAR\":13,\"NEWDATE\":14,\"VARCHAR\":15,\"BIT\":16,\"JSON\":245,\"NEWDECIMAL\":246,\"ENUM\":247,\"SET\":248,\"TINY_BLOB\":249,\"MEDIUM_BLOB\":250,\"LONG_BLOB\":251,\"BLOB\":252,\"VAR_STRING\":253,\"STRING\":254,\"GEOMETRY\":255},\"Charsets\":{\"BIG5_CHINESE_CI\":1,\"LATIN2_CZECH_CS\":2,\"DEC8_SWEDISH_CI\":3,\"CP850_GENERAL_CI\":4,\"LATIN1_GERMAN1_CI\":5,\"HP8_ENGLISH_CI\":6,\"KOI8R_GENERAL_CI\":7,\"LATIN1_SWEDISH_CI\":8,\"LATIN2_GENERAL_CI\":9,\"SWE7_SWEDISH_CI\":10,\"ASCII_GENERAL_CI\":11,\"UJIS_JAPANESE_CI\":12,\"SJIS_JAPANESE_CI\":13,\"CP1251_BULGARIAN_CI\":14,\"LATIN1_DANISH_CI\":15,\"HEBREW_GENERAL_CI\":16,\"TIS620_THAI_CI\":18,\"EUCKR_KOREAN_CI\":19,\"LATIN7_ESTONIAN_CS\":20,\"LATIN2_HUNGARIAN_CI\":21,\"KOI8U_GENERAL_CI\":22,\"CP1251_UKRAINIAN_CI\":23,\"GB2312_CHINESE_CI\":24,\"GREEK_GENERAL_CI\":25,\"CP1250_GENERAL_CI\":26,\"LATIN2_CROATIAN_CI\":27,\"GBK_CHINESE_CI\":28,\"CP1257_LITHUANIAN_CI\":29,\"LATIN5_TURKISH_CI\":30,\"LATIN1_GERMAN2_CI\":31,\"ARMSCII8_GENERAL_CI\":32,\"UTF8_GENERAL_CI\":33,\"CP1250_CZECH_CS\":34,\"UCS2_GENERAL_CI\":35,\"CP866_GENERAL_CI\":36,\"KEYBCS2_GENERAL_CI\":37,\"MACCE_GENERAL_CI\":38,\"MACROMAN_GENERAL_CI\":39,\"CP852_GENERAL_CI\":40,\"LATIN7_GENERAL_CI\":41,\"LATIN7_GENERAL_CS\":42,\"MACCE_BIN\":43,\"CP1250_CROATIAN_CI\":44,\"UTF8MB4_GENERAL_CI\":45,\"UTF8MB4_BIN\":46,\"LATIN1_BIN\":47,\"LATIN1_GENERAL_CI\":48,\"LATIN1_GENERAL_CS\":49,\"CP1251_BIN\":50,\"CP1251_GENERAL_CI\":51,\"CP1251_GENERAL_CS\":52,\"MACROMAN_BIN\":53,\"UTF16_GENERAL_CI\":54,\"UTF16_BIN\":55,\"UTF16LE_GENERAL_CI\":56,\"CP1256_GENERAL_CI\":57,\"CP1257_BIN\":58,\"CP1257_GENERAL_CI\":59,\"UTF32_GENERAL_CI\":60,\"UTF32_BIN\":61,\"UTF16LE_BIN\":62,\"BINARY\":63,\"ARMSCII8_BIN\":64,\"ASCII_BIN\":65,\"CP1250_BIN\":66,\"CP1256_BIN\":67,\"CP866_BIN\":68,\"DEC8_BIN\":69,\"GREEK_BIN\":70,\"HEBREW_BIN\":71,\"HP8_BIN\":72,\"KEYBCS2_BIN\":73,\"KOI8R_BIN\":74,\"KOI8U_BIN\":75,\"UTF8_TOLOWER_CI\":76,\"LATIN2_BIN\":77,\"LATIN5_BIN\":78,\"LATIN7_BIN\":79,\"CP850_BIN\":80,\"CP852_BIN\":81,\"SWE7_BIN\":82,\"UTF8_BIN\":83,\"BIG5_BIN\":84,\"EUCKR_BIN\":85,\"GB2312_BIN\":86,\"GBK_BIN\":87,\"SJIS_BIN\":88,\"TIS620_BIN\":89,\"UCS2_BIN\":90,\"UJIS_BIN\":91,\"GEOSTD8_GENERAL_CI\":92,\"GEOSTD8_BIN\":93,\"LATIN1_SPANISH_CI\":94,\"CP932_JAPANESE_CI\":95,\"CP932_BIN\":96,\"EUCJPMS_JAPANESE_CI\":97,\"EUCJPMS_BIN\":98,\"CP1250_POLISH_CI\":99,\"UTF16_UNICODE_CI\":101,\"UTF16_ICELANDIC_CI\":102,\"UTF16_LATVIAN_CI\":103,\"UTF16_ROMANIAN_CI\":104,\"UTF16_SLOVENIAN_CI\":105,\"UTF16_POLISH_CI\":106,\"UTF16_ESTONIAN_CI\":107,\"UTF16_SPANISH_CI\":108,\"UTF16_SWEDISH_CI\":109,\"UTF16_TURKISH_CI\":110,\"UTF16_CZECH_CI\":111,\"UTF16_DANISH_CI\":112,\"UTF16_LITHUANIAN_CI\":113,\"UTF16_SLOVAK_CI\":114,\"UTF16_SPANISH2_CI\":115,\"UTF16_ROMAN_CI\":116,\"UTF16_PERSIAN_CI\":117,\"UTF16_ESPERANTO_CI\":118,\"UTF16_HUNGARIAN_CI\":119,\"UTF16_SINHALA_CI\":120,\"UTF16_GERMAN2_CI\":121,\"UTF16_CROATIAN_CI\":122,\"UTF16_UNICODE_520_CI\":123,\"UTF16_VIETNAMESE_CI\":124,\"UCS2_UNICODE_CI\":128,\"UCS2_ICELANDIC_CI\":129,\"UCS2_LATVIAN_CI\":130,\"UCS2_ROMANIAN_CI\":131,\"UCS2_SLOVENIAN_CI\":132,\"UCS2_POLISH_CI\":133,\"UCS2_ESTONIAN_CI\":134,\"UCS2_SPANISH_CI\":135,\"UCS2_SWEDISH_CI\":136,\"UCS2_TURKISH_CI\":137,\"UCS2_CZECH_CI\":138,\"UCS2_DANISH_CI\":139,\"UCS2_LITHUANIAN_CI\":140,\"UCS2_SLOVAK_CI\":141,\"UCS2_SPANISH2_CI\":142,\"UCS2_ROMAN_CI\":143,\"UCS2_PERSIAN_CI\":144,\"UCS2_ESPERANTO_CI\":145,\"UCS2_HUNGARIAN_CI\":146,\"UCS2_SINHALA_CI\":147,\"UCS2_GERMAN2_CI\":148,\"UCS2_CROATIAN_CI\":149,\"UCS2_UNICODE_520_CI\":150,\"UCS2_VIETNAMESE_CI\":151,\"UCS2_GENERAL_MYSQL500_CI\":159,\"UTF32_UNICODE_CI\":160,\"UTF32_ICELANDIC_CI\":161,\"UTF32_LATVIAN_CI\":162,\"UTF32_ROMANIAN_CI\":163,\"UTF32_SLOVENIAN_CI\":164,\"UTF32_POLISH_CI\":165,\"UTF32_ESTONIAN_CI\":166,\"UTF32_SPANISH_CI\":167,\"UTF32_SWEDISH_CI\":168,\"UTF32_TURKISH_CI\":169,\"UTF32_CZECH_CI\":170,\"UTF32_DANISH_CI\":171,\"UTF32_LITHUANIAN_CI\":172,\"UTF32_SLOVAK_CI\":173,\"UTF32_SPANISH2_CI\":174,\"UTF32_ROMAN_CI\":175,\"UTF32_PERSIAN_CI\":176,\"UTF32_ESPERANTO_CI\":177,\"UTF32_HUNGARIAN_CI\":178,\"UTF32_SINHALA_CI\":179,\"UTF32_GERMAN2_CI\":180,\"UTF32_CROATIAN_CI\":181,\"UTF32_UNICODE_520_CI\":182,\"UTF32_VIETNAMESE_CI\":183,\"UTF8_UNICODE_CI\":192,\"UTF8_ICELANDIC_CI\":193,\"UTF8_LATVIAN_CI\":194,\"UTF8_ROMANIAN_CI\":195,\"UTF8_SLOVENIAN_CI\":196,\"UTF8_POLISH_CI\":197,\"UTF8_ESTONIAN_CI\":198,\"UTF8_SPANISH_CI\":199,\"UTF8_SWEDISH_CI\":200,\"UTF8_TURKISH_CI\":201,\"UTF8_CZECH_CI\":202,\"UTF8_DANISH_CI\":203,\"UTF8_LITHUANIAN_CI\":204,\"UTF8_SLOVAK_CI\":205,\"UTF8_SPANISH2_CI\":206,\"UTF8_ROMAN_CI\":207,\"UTF8_PERSIAN_CI\":208,\"UTF8_ESPERANTO_CI\":209,\"UTF8_HUNGARIAN_CI\":210,\"UTF8_SINHALA_CI\":211,\"UTF8_GERMAN2_CI\":212,\"UTF8_CROATIAN_CI\":213,\"UTF8_UNICODE_520_CI\":214,\"UTF8_VIETNAMESE_CI\":215,\"UTF8_GENERAL_MYSQL500_CI\":223,\"UTF8MB4_UNICODE_CI\":224,\"UTF8MB4_ICELANDIC_CI\":225,\"UTF8MB4_LATVIAN_CI\":226,\"UTF8MB4_ROMANIAN_CI\":227,\"UTF8MB4_SLOVENIAN_CI\":228,\"UTF8MB4_POLISH_CI\":229,\"UTF8MB4_ESTONIAN_CI\":230,\"UTF8MB4_SPANISH_CI\":231,\"UTF8MB4_SWEDISH_CI\":232,\"UTF8MB4_TURKISH_CI\":233,\"UTF8MB4_CZECH_CI\":234,\"UTF8MB4_DANISH_CI\":235,\"UTF8MB4_LITHUANIAN_CI\":236,\"UTF8MB4_SLOVAK_CI\":237,\"UTF8MB4_SPANISH2_CI\":238,\"UTF8MB4_ROMAN_CI\":239,\"UTF8MB4_PERSIAN_CI\":240,\"UTF8MB4_ESPERANTO_CI\":241,\"UTF8MB4_HUNGARIAN_CI\":242,\"UTF8MB4_SINHALA_CI\":243,\"UTF8MB4_GERMAN2_CI\":244,\"UTF8MB4_CROATIAN_CI\":245,\"UTF8MB4_UNICODE_520_CI\":246,\"UTF8MB4_VIETNAMESE_CI\":247,\"GB18030_CHINESE_CI\":248,\"GB18030_BIN\":249,\"GB18030_UNICODE_520_CI\":250,\"UTF8_GENERAL50_CI\":253,\"UTF8MB4_0900_AI_CI\":255,\"UTF8MB4_CS_0900_AI_CI\":266,\"UTF8MB4_DA_0900_AI_CI\":267,\"UTF8MB4_DE_PB_0900_AI_CI\":256,\"UTF8MB4_EO_0900_AI_CI\":273,\"UTF8MB4_ES_0900_AI_CI\":263,\"UTF8MB4_ES_TRAD_0900_AI_CI\":270,\"UTF8MB4_ET_0900_AI_CI\":262,\"UTF8MB4_HR_0900_AI_CI\":275,\"UTF8MB4_HU_0900_AI_CI\":274,\"UTF8MB4_IS_0900_AI_CI\":257,\"UTF8MB4_LA_0900_AI_CI\":271,\"UTF8MB4_LT_0900_AI_CI\":268,\"UTF8MB4_LV_0900_AI_CI\":258,\"UTF8MB4_PL_0900_AI_CI\":261,\"UTF8MB4_RO_0900_AI_CI\":259,\"UTF8MB4_SK_0900_AI_CI\":269,\"UTF8MB4_SL_0900_AI_CI\":260,\"UTF8MB4_SV_0900_AI_CI\":264,\"UTF8MB4_TR_0900_AI_CI\":265,\"UTF8MB4_VI_0900_AI_CI\":277,\"BIG5\":1,\"DEC8\":3,\"CP850\":4,\"HP8\":6,\"KOI8R\":7,\"LATIN1\":8,\"LATIN2\":9,\"SWE7\":10,\"ASCII\":11,\"UJIS\":12,\"SJIS\":13,\"HEBREW\":16,\"TIS620\":18,\"EUCKR\":19,\"KOI8U\":22,\"GB2312\":24,\"GREEK\":25,\"CP1250\":26,\"GBK\":28,\"LATIN5\":30,\"ARMSCII8\":32,\"UTF8\":33,\"UCS2\":35,\"CP866\":36,\"KEYBCS2\":37,\"MACCE\":38,\"MACROMAN\":39,\"CP852\":40,\"LATIN7\":41,\"UTF8MB4\":45,\"CP1251\":51,\"UTF16\":54,\"UTF16LE\":56,\"CP1256\":57,\"CP1257\":59,\"UTF32\":60,\"CP932\":95,\"EUCJPMS\":97,\"GB18030\":248,\"GEOSTD8\":92},\"CharsetToEncoding\":[\"utf8\",\"big5\",\"latin2\",\"dec8\",\"cp850\",\"latin1\",\"hp8\",\"koi8r\",\"latin1\",\"latin2\",\"swe7\",\"ascii\",\"eucjp\",\"sjis\",\"cp1251\",\"latin1\",\"hebrew\",\"utf8\",\"tis620\",\"euckr\",\"latin7\",\"latin2\",\"koi8u\",\"cp1251\",\"gb2312\",\"greek\",\"cp1250\",\"latin2\",\"gbk\",\"cp1257\",\"latin5\",\"latin1\",\"armscii8\",\"cesu8\",\"cp1250\",\"ucs2\",\"cp866\",\"keybcs2\",\"macintosh\",\"macroman\",\"cp852\",\"latin7\",\"latin7\",\"macintosh\",\"cp1250\",\"utf8\",\"utf8\",\"latin1\",\"latin1\",\"latin1\",\"cp1251\",\"cp1251\",\"cp1251\",\"macroman\",\"utf16\",\"utf16\",\"utf16-le\",\"cp1256\",\"cp1257\",\"cp1257\",\"utf32\",\"utf32\",\"utf16-le\",\"binary\",\"armscii8\",\"ascii\",\"cp1250\",\"cp1256\",\"cp866\",\"dec8\",\"greek\",\"hebrew\",\"hp8\",\"keybcs2\",\"koi8r\",\"koi8u\",\"cesu8\",\"latin2\",\"latin5\",\"latin7\",\"cp850\",\"cp852\",\"swe7\",\"cesu8\",\"big5\",\"euckr\",\"gb2312\",\"gbk\",\"sjis\",\"tis620\",\"ucs2\",\"eucjp\",\"geostd8\",\"geostd8\",\"latin1\",\"cp932\",\"cp932\",\"eucjpms\",\"eucjpms\",\"cp1250\",\"utf8\",\"utf16\",\"utf16\",\"utf16\",\"utf16\",\"utf16\",\"utf16\",\"utf16\",\"utf16\",\"utf16\",\"utf16\",\"utf16\",\"utf16\",\"utf16\",\"utf16\",\"utf16\",\"utf16\",\"utf16\",\"utf16\",\"utf16\",\"utf16\",\"utf16\",\"utf16\",\"utf16\",\"utf16\",\"utf8\",\"utf8\",\"utf8\",\"ucs2\",\"ucs2\",\"ucs2\",\"ucs2\",\"ucs2\",\"ucs2\",\"ucs2\",\"ucs2\",\"ucs2\",\"ucs2\",\"ucs2\",\"ucs2\",\"ucs2\",\"ucs2\",\"ucs2\",\"ucs2\",\"ucs2\",\"ucs2\",\"ucs2\",\"ucs2\",\"ucs2\",\"ucs2\",\"ucs2\",\"ucs2\",\"utf8\",\"utf8\",\"utf8\",\"utf8\",\"utf8\",\"utf8\",\"utf8\",\"ucs2\",\"utf32\",\"utf32\",\"utf32\",\"utf32\",\"utf32\",\"utf32\",\"utf32\",\"utf32\",\"utf32\",\"utf32\",\"utf32\",\"utf32\",\"utf32\",\"utf32\",\"utf32\",\"utf32\",\"utf32\",\"utf32\",\"utf32\",\"utf32\",\"utf32\",\"utf32\",\"utf32\",\"utf32\",\"utf8\",\"utf8\",\"utf8\",\"utf8\",\"utf8\",\"utf8\",\"utf8\",\"utf8\",\"cesu8\",\"cesu8\",\"cesu8\",\"cesu8\",\"cesu8\",\"cesu8\",\"cesu8\",\"cesu8\",\"cesu8\",\"cesu8\",\"cesu8\",\"cesu8\",\"cesu8\",\"cesu8\",\"cesu8\",\"cesu8\",\"cesu8\",\"cesu8\",\"cesu8\",\"cesu8\",\"cesu8\",\"cesu8\",\"cesu8\",\"cesu8\",\"utf8\",\"utf8\",\"utf8\",\"utf8\",\"utf8\",\"utf8\",\"utf8\",\"cesu8\",\"utf8\",\"utf8\",\"utf8\",\"utf8\",\"utf8\",\"utf8\",\"utf8\",\"utf8\",\"utf8\",\"utf8\",\"utf8\",\"utf8\",\"utf8\",\"utf8\",\"utf8\",\"utf8\",\"utf8\",\"utf8\",\"utf8\",\"utf8\",\"utf8\",\"utf8\",\"utf8\",\"utf8\",\"gb18030\",\"gb18030\",\"gb18030\",\"utf8\",\"utf8\",\"utf8\",\"utf8\",\"utf8\",\"utf8\",\"utf8\",\"utf8\",\"utf8\",\"utf8\",\"utf8\",\"utf8\",\"utf8\",\"utf8\",\"utf8\",\"utf8\",\"utf8\",\"utf8\",\"utf8\",\"utf8\",\"utf8\",\"utf8\",\"utf8\",\"utf8\",\"utf8\",\"utf8\",\"utf8\",\"utf8\",\"utf8\",\"utf8\",\"utf8\",\"utf8\",\"utf8\",\"utf8\",\"utf8\",\"utf8\",\"utf8\",\"utf8\",\"utf8\",\"utf8\",\"utf8\",\"utf8\",\"utf8\",\"utf8\",\"utf8\",\"utf8\",\"utf8\",\"utf8\",\"utf8\",\"utf8\",\"utf8\",\"utf8\",\"utf8\",\"utf8\",\"utf8\"]}},\"QueryGenerator\":{\"dialect\":\"mysql\",\"OperatorMap\":{},\"_templateSettings\":{\"escape\":{},\"evaluate\":{},\"interpolate\":{},\"variable\":\"\",\"imports\":{}},\"options\":\"~transaction~sequelize~options\",\"OperatorsAliasMap\":false,\"_dialect\":\"~transaction~sequelize~dialect\",\"sequelize\":\"~transaction~sequelize\"}},\"queryInterface\":{\"sequelize\":\"~transaction~sequelize\",\"QueryGenerator\":\"~transaction~sequelize~dialect~QueryGenerator\"},\"models\":{},\"modelManager\":{\"models\":[null,null,null,null,null,null,null,null,null,null,null,null,null,null,null,null,null,null,null,null,null,null,null,null,null,null,null,null,null,null,null,null,null,null,null,null,null],\"sequelize\":\"~transaction~sequelize\"},\"connectionManager\":\"~transaction~sequelize~dialect~connectionManager\",\"importCache\":{},\"test\":{\"_trackRunningQueries\":false,\"_runningQueries\":0}},\"savepoints\":[],\"_afterCommitHooks\":[],\"options\":{\"autocommit\":null,\"type\":\"DEFERRED\",\"isolationLevel\":null,\"readOnly\":false},\"id\":\"4be7391a-9af6-47f0-815d-7af7e8ddc632\",\"connection\":{\"_events\":{},\"_eventsCount\":1,\"config\":{\"host\":\"127.0.0.1\",\"port\":3306,\"user\":\"root\",\"database\":\"interview_buddy\",\"connectTimeout\":10000,\"insecureAuth\":false,\"supportBigNumbers\":true,\"bigNumberStrings\":false,\"decimalNumbers\":false,\"dateStrings\":false,\"trace\":true,\"stringifyObjects\":false,\"timezone\":\"+00:00\",\"ssl\":false,\"multipleStatements\":false,\"rowsAsArray\":false,\"namedPlaceholders\":false,\"maxPacketSize\":0,\"charsetNumber\":224,\"compress\":false,\"clientFlags\":8582093,\"maxPreparedStatements\":16000},\"stream\":{\"connecting\":false,\"_hadError\":false,\"_handle\":{\"reading\":true,\"onconnection\":null},\"_parent\":null,\"_host\":null,\"_readableState\":{\"objectMode\":false,\"highWaterMark\":16384,\"buffer\":{\"head\":null,\"tail\":null,\"length\":0},\"length\":0,\"pipes\":null,\"pipesCount\":0,\"flowing\":true,\"ended\":false,\"endEmitted\":false,\"reading\":true,\"sync\":false,\"needReadable\":true,\"emittedReadable\":false,\"readableListening\":false,\"resumeScheduled\":false,\"paused\":false,\"emitClose\":false,\"autoDestroy\":false,\"destroyed\":false,\"defaultEncoding\":\"utf8\",\"awaitDrain\":0,\"readingMore\":false,\"decoder\":null,\"encoding\":null},\"readable\":true,\"_events\":{},\"_eventsCount\":4,\"_writableState\":{\"objectMode\":false,\"highWaterMark\":16384,\"finalCalled\":false,\"needDrain\":false,\"ending\":false,\"ended\":false,\"finished\":false,\"destroyed\":false,\"decodeStrings\":false,\"defaultEncoding\":\"utf8\",\"length\":0,\"writing\":false,\"corked\":0,\"sync\":false,\"bufferProcessing\":false,\"writecb\":null,\"writelen\":0,\"bufferedRequest\":null,\"lastBufferedRequest\":null,\"pendingcb\":0,\"prefinished\":false,\"errorEmitted\":false,\"emitClose\":false,\"autoDestroy\":false,\"bufferedRequestCount\":0,\"corkedRequestsFree\":{\"next\":null,\"entry\":null}},\"writable\":true,\"allowHalfOpen\":false,\"_sockname\":null,\"_pendingData\":null,\"_pendingEncoding\":\"\",\"server\":null,\"_server\":null},\"_internalId\":4,\"_commands\":{\"_head\":0,\"_tail\":0,\"_capacityMask\":3,\"_list\":[null,null,null,null]},\"_paused\":false,\"_paused_packets\":{\"_head\":0,\"_tail\":0,\"_capacityMask\":3,\"_list\":[null,null,null,null]},\"_statements\":{},\"serverCapabilityFlags\":2688546815,\"authorized\":true,\"sequenceId\":2,\"compressedSequenceId\":0,\"threadId\":191,\"_handshakePacket\":{\"protocolVersion\":10,\"serverVersion\":\"5.5.5-10.1.37-MariaDB\",\"capabilityFlags\":2688546815,\"connectionId\":191,\"authPluginData1\":{\"type\":\"Buffer\",\"data\":[100,114,47,51,82,34,81,81]},\"authPluginData2\":{\"type\":\"Buffer\",\"data\":[35,89,121,117,95,91,46,110,97,121,96,86]},\"characterSet\":8,\"statusFlags\":2},\"_fatalError\":null,\"_protocolError\":null,\"_outOfOrderPackets\":[],\"clientEncoding\":\"utf8\",\"packetParser\":{\"buffer\":[],\"bufferLength\":0,\"packetHeaderLength\":4,\"headerLen\":0,\"length\":7,\"largePacketParts\":[],\"firstPacketSequenceId\":0},\"serverEncoding\":\"latin1\",\"connectTimeout\":null,\"connectionId\":191,\"uuid\":\"4be7391a-9af6-47f0-815d-7af7e8ddc632\"}},\"fields\":[\"id\",\"interviewId\",\"email\",\"status\",\"link\",\"pin\",\"paymentstatus\",\"createdAt\",\"updatedAt\"],\"auth\":5}', '[3]', 5, '2019-02-13 07:16:33', '2019-02-13 07:16:33'),
(22, 'interview_users', 'update', '{\"where\":{\"pin\":96358,\"email\":\"sudheerkumar121@gmail.com\"},\"validate\":true,\"hooks\":true,\"individualHooks\":false,\"returning\":false,\"force\":false,\"sideEffects\":true,\"type\":\"BULKUPDATE\",\"fields\":[\"status\",\"updatedAt\"],\"attributes\":{\"status\":\"Verified\",\"updatedAt\":\"2019-02-13T07:20:34.921Z\"},\"auth\":6}', '{\"pin\":96358,\"email\":\"sudheerkumar121@gmail.com\"}', 6, '2019-02-13 07:20:34', '2019-02-13 07:20:34'),
(23, 'interview_users', 'update', '{\"where\":{\"pin\":96358,\"email\":\"sudheerkumar121@gmail.com\"},\"validate\":true,\"hooks\":true,\"individualHooks\":false,\"returning\":false,\"force\":false,\"sideEffects\":true,\"type\":\"BULKUPDATE\",\"fields\":[\"status\",\"updatedAt\"],\"attributes\":{\"status\":\"Submitted\",\"updatedAt\":\"2019-02-13T07:20:52.022Z\"},\"auth\":6}', '{\"pin\":96358,\"email\":\"sudheerkumar121@gmail.com\"}', 6, '2019-02-13 07:20:52', '2019-02-13 07:20:52'),
(24, 'interview_user_questions', 'update', '{\"where\":{\"id\":9},\"validate\":true,\"hooks\":true,\"individualHooks\":false,\"returning\":false,\"force\":false,\"sideEffects\":true,\"type\":\"BULKUPDATE\",\"fields\":[\"uid\",\"answerText\",\"answerLink\",\"status\",\"timeTaken\",\"updatedAt\"],\"attributes\":{\"uid\":\"v-ca62c333-9152-4587-b870-a4e15f52e3f4\",\"answerText\":\"hello\",\"answerLink\":\"//www.cameratag.com/assets/v-ca62c333-9152-4587-b870-a4e15f52e3f4/mp4.mp4\",\"status\":1,\"timeTaken\":\" (32)\",\"updatedAt\":\"2019-02-13T07:23:08.233Z\"},\"auth\":6}', '{\"id\":9}', 6, '2019-02-13 07:23:08', '2019-02-13 07:23:08'),
(25, 'interview_user_questions', 'update', '{\"where\":{\"id\":10},\"validate\":true,\"hooks\":true,\"individualHooks\":false,\"returning\":false,\"force\":false,\"sideEffects\":true,\"type\":\"BULKUPDATE\",\"fields\":[\"uid\",\"answerText\",\"answerLink\",\"status\",\"timeTaken\",\"updatedAt\"],\"attributes\":{\"uid\":\"v-3ad7a198-0b93-4b4b-a4f2-60f20366e934\",\"answerText\":\"\",\"answerLink\":\"//www.cameratag.com/assets/v-3ad7a198-0b93-4b4b-a4f2-60f20366e934/mp4.mp4\",\"status\":1,\"timeTaken\":\" (17)\",\"updatedAt\":\"2019-02-13T07:23:50.109Z\"},\"auth\":6}', '{\"id\":10}', 6, '2019-02-13 07:23:50', '2019-02-13 07:23:50'),
(26, 'interview_user_questions', 'update', '{\"where\":{\"id\":11},\"validate\":true,\"hooks\":true,\"individualHooks\":false,\"returning\":false,\"force\":false,\"sideEffects\":true,\"type\":\"BULKUPDATE\",\"fields\":[\"uid\",\"answerText\",\"answerLink\",\"status\",\"timeTaken\",\"updatedAt\"],\"attributes\":{\"uid\":\"v-048f3858-6cfc-4b9c-bee7-3cbcbf83393e\",\"answerText\":\"\",\"answerLink\":\"//www.cameratag.com/assets/v-048f3858-6cfc-4b9c-bee7-3cbcbf83393e/mp4.mp4\",\"status\":1,\"timeTaken\":\" (37)\",\"updatedAt\":\"2019-02-13T07:24:06.524Z\"},\"auth\":6}', '{\"id\":11}', 6, '2019-02-13 07:24:06', '2019-02-13 07:24:06'),
(27, 'interview_user_questions', 'update', '{\"where\":{\"id\":12},\"validate\":true,\"hooks\":true,\"individualHooks\":false,\"returning\":false,\"force\":false,\"sideEffects\":true,\"type\":\"BULKUPDATE\",\"fields\":[\"uid\",\"answerText\",\"answerLink\",\"status\",\"timeTaken\",\"updatedAt\"],\"attributes\":{\"uid\":\"v-9c4703e9-8f39-49c3-bbcc-adc6677054cb\",\"answerText\":\"\",\"answerLink\":\"//www.cameratag.com/assets/v-9c4703e9-8f39-49c3-bbcc-adc6677054cb/mp4.mp4\",\"status\":1,\"timeTaken\":\" (33)\",\"updatedAt\":\"2019-02-13T07:24:25.476Z\"},\"auth\":6}', '{\"id\":12}', 6, '2019-02-13 07:24:25', '2019-02-13 07:24:25'),
(28, 'interview_users', 'update', '{\"where\":{\"pin\":96358,\"email\":\"sudheerkumar121@gmail.com\"},\"validate\":true,\"hooks\":true,\"individualHooks\":false,\"returning\":false,\"force\":false,\"sideEffects\":true,\"type\":\"BULKUPDATE\",\"fields\":[\"status\",\"updatedAt\"],\"attributes\":{\"status\":\"Completed\",\"updatedAt\":\"2019-02-13T07:24:25.524Z\"},\"auth\":6}', '{\"pin\":96358,\"email\":\"sudheerkumar121@gmail.com\"}', 6, '2019-02-13 07:24:25', '2019-02-13 07:24:25'),
(29, 'interview_type_map', 'insert', '{\"id\":1,\"userId\":6,\"days\":30,\"paymentStatus\":\"inprogress\",\"interviews\":\"2\",\"paymentMode\":\"paypal\",\"startDate\":\"2019-02-13\",\"maxInterviews\":\"2\",\"cost\":2,\"total\":2,\"status\":\"pending\",\"expDate\":\"2019-03-15\",\"updatedAt\":\"2019-02-13T07:52:09.469Z\",\"createdAt\":\"2019-02-13T07:52:09.469Z\"}', '1', 6, '2019-02-13 07:52:09', '2019-02-13 07:52:09'),
(30, 'interview_type_map_child', 'insert', '{\"validate\":false,\"hooks\":true,\"individualHooks\":false,\"ignoreDuplicates\":false,\"transaction\":{\"sequelize\":{\"options\":{\"dialect\":\"mysql\",\"dialectModulePath\":null,\"host\":\"127.0.0.1\",\"protocol\":\"tcp\",\"define\":{},\"query\":{},\"sync\":{},\"timezone\":\"+00:00\",\"omitNull\":false,\"native\":false,\"replication\":false,\"pool\":{},\"quoteIdentifiers\":true,\"hooks\":{\"afterCreate\":[null],\"afterUpdate\":[null],\"afterBulkUpdate\":[null],\"afterBulkCreate\":[null]},\"retry\":{\"max\":5,\"match\":[\"SQLITE_BUSY: database is locked\"]},\"transactionType\":\"DEFERRED\",\"isolationLevel\":null,\"databaseVersion\":\"10.1.37-MariaDB\",\"typeValidation\":false,\"benchmark\":false,\"operatorsAliases\":false,\"username\":\"root\",\"password\":null,\"database\":\"interview_buddy\"},\"config\":{\"database\":\"interview_buddy\",\"username\":\"root\",\"password\":null,\"host\":\"127.0.0.1\",\"port\":3306,\"pool\":\"~transaction~sequelize~options~pool\",\"protocol\":\"tcp\",\"native\":false,\"replication\":false,\"dialectModulePath\":null},\"dialect\":{\"sequelize\":\"~transaction~sequelize\",\"connectionManager\":{\"sequelize\":\"~transaction~sequelize\",\"config\":{\"database\":\"interview_buddy\",\"username\":\"root\",\"password\":null,\"host\":\"127.0.0.1\",\"pool\":{\"max\":5,\"min\":0,\"idle\":10000,\"acquire\":10000,\"evict\":10000,\"handleDisconnects\":true},\"protocol\":\"tcp\",\"native\":false,\"replication\":false,\"dialectModulePath\":null},\"dialect\":\"~transaction~sequelize~dialect\",\"versionPromise\":null,\"dialectName\":\"mysql\",\"pool\":{\"_events\":{},\"_eventsCount\":0,\"_config\":{\"fifo\":true,\"priorityRange\":1,\"testOnBorrow\":true,\"testOnReturn\":false,\"autostart\":false,\"acquireTimeoutMillis\":10000,\"max\":5,\"min\":0,\"evictionRunIntervalMillis\":10000,\"numTestsPerEvictionRun\":3,\"softIdleTimeoutMillis\":-1,\"idleTimeoutMillis\":10000},\"_factory\":{},\"_draining\":false,\"_started\":true,\"_waitingClientsQueue\":{\"_size\":1,\"_slots\":[{\"_list\":{\"head\":null,\"tail\":null,\"length\":0}}]},\"_factoryCreateOperations\":{},\"_factoryDestroyOperations\":{},\"_availableObjects\":{\"_list\":{\"head\":null,\"tail\":null,\"length\":0}},\"_testOnBorrowResources\":{},\"_testOnReturnResources\":{},\"_validationOperations\":{},\"_allObjects\":{},\"_resourceLoans\":{},\"_evictionIterator\":{\"_list\":\"~transaction~sequelize~dialect~connectionManager~pool~_availableObjects~_list\",\"_direction\":\"next\",\"_startPosition\":\"head\",\"_started\":true,\"_cursor\":{\"prev\":null,\"next\":null,\"data\":{\"creationTime\":1550043605044,\"lastReturnTime\":1550043618531,\"lastBorrowTime\":1550043618527,\"lastIdleTime\":1550043618531,\"obj\":{\"_events\":{},\"_eventsCount\":1,\"config\":{\"host\":\"127.0.0.1\",\"port\":3306,\"user\":\"root\",\"database\":\"interview_buddy\",\"connectTimeout\":10000,\"insecureAuth\":false,\"supportBigNumbers\":true,\"bigNumberStrings\":false,\"decimalNumbers\":false,\"dateStrings\":false,\"trace\":true,\"stringifyObjects\":false,\"timezone\":\"+00:00\",\"ssl\":false,\"multipleStatements\":false,\"rowsAsArray\":false,\"namedPlaceholders\":false,\"maxPacketSize\":0,\"charsetNumber\":224,\"compress\":false,\"clientFlags\":8582093,\"maxPreparedStatements\":16000},\"stream\":{\"connecting\":false,\"_hadError\":false,\"_handle\":null,\"_parent\":null,\"_host\":null,\"_readableState\":{\"objectMode\":false,\"highWaterMark\":16384,\"buffer\":{\"head\":null,\"tail\":null,\"length\":0},\"length\":0,\"pipes\":null,\"pipesCount\":0,\"flowing\":true,\"ended\":true,\"endEmitted\":true,\"reading\":false,\"sync\":false,\"needReadable\":false,\"emittedReadable\":false,\"readableListening\":false,\"resumeScheduled\":false,\"paused\":false,\"emitClose\":false,\"autoDestroy\":false,\"destroyed\":true,\"defaultEncoding\":\"utf8\",\"awaitDrain\":0,\"readingMore\":false,\"decoder\":null,\"encoding\":null},\"readable\":false,\"_events\":{},\"_eventsCount\":5,\"_writableState\":{\"objectMode\":false,\"highWaterMark\":16384,\"finalCalled\":true,\"needDrain\":false,\"ending\":true,\"ended\":true,\"finished\":false,\"destroyed\":true,\"decodeStrings\":false,\"defaultEncoding\":\"utf8\",\"length\":0,\"writing\":false,\"corked\":0,\"sync\":false,\"bufferProcessing\":false,\"writecb\":null,\"writelen\":0,\"bufferedRequest\":null,\"lastBufferedRequest\":null,\"pendingcb\":1,\"prefinished\":false,\"errorEmitted\":false,\"emitClose\":false,\"autoDestroy\":false,\"bufferedRequestCount\":0,\"corkedRequestsFree\":{\"next\":null,\"entry\":null}},\"writable\":false,\"allowHalfOpen\":false,\"_sockname\":null,\"_pendingData\":null,\"_pendingEncoding\":\"\",\"server\":null,\"_server\":null},\"_internalId\":38,\"_commands\":{\"_head\":0,\"_tail\":0,\"_capacityMask\":3,\"_list\":[null,null,null,null]},\"_paused\":false,\"_paused_packets\":{\"_head\":0,\"_tail\":0,\"_capacityMask\":3,\"_list\":[null,null,null,null]},\"_statements\":{},\"serverCapabilityFlags\":2688546815,\"authorized\":true,\"sequenceId\":1,\"compressedSequenceId\":0,\"threadId\":245,\"_handshakePacket\":{\"protocolVersion\":10,\"serverVersion\":\"5.5.5-10.1.37-MariaDB\",\"capabilityFlags\":2688546815,\"connectionId\":245,\"authPluginData1\":{\"type\":\"Buffer\",\"data\":[56,66,38,51,110,84,55,86]},\"authPluginData2\":{\"type\":\"Buffer\",\"data\":[46,125,79,81,42,122,76,76,119,52,60,109]},\"characterSet\":8,\"statusFlags\":2},\"_fatalError\":null,\"_protocolError\":null,\"_outOfOrderPackets\":[],\"clientEncoding\":\"utf8\",\"packetParser\":{\"buffer\":[],\"bufferLength\":0,\"packetHeaderLength\":4,\"headerLen\":0,\"length\":5,\"largePacketParts\":[],\"firstPacketSequenceId\":0},\"serverEncoding\":\"latin1\",\"connectTimeout\":null,\"connectionId\":245,\"_closing\":true},\"state\":\"INVALID\"}},\"_done\":false},\"_evictor\":{},\"_scheduledEviction\":{\"_idleTimeout\":10000,\"_idlePrev\":{\"_idleNext\":\"~transaction~sequelize~dialect~connectionManager~pool~_scheduledEviction\",\"_idlePrev\":\"~transaction~sequelize~dialect~connectionManager~pool~_scheduledEviction\",\"expiry\":2254917,\"id\":-9007199254740617,\"msecs\":10000,\"priorityQueuePosition\":3},\"_idleNext\":\"~transaction~sequelize~dialect~connectionManager~pool~_scheduledEviction~_idlePrev\",\"_idleStart\":2244917,\"_repeat\":null,\"_destroyed\":false}},\"lib\":{\"Types\":{\"DECIMAL\":0,\"TINY\":1,\"SHORT\":2,\"LONG\":3,\"FLOAT\":4,\"DOUBLE\":5,\"NULL\":6,\"TIMESTAMP\":7,\"LONGLONG\":8,\"INT24\":9,\"DATE\":10,\"TIME\":11,\"DATETIME\":12,\"YEAR\":13,\"NEWDATE\":14,\"VARCHAR\":15,\"BIT\":16,\"JSON\":245,\"NEWDECIMAL\":246,\"ENUM\":247,\"SET\":248,\"TINY_BLOB\":249,\"MEDIUM_BLOB\":250,\"LONG_BLOB\":251,\"BLOB\":252,\"VAR_STRING\":253,\"STRING\":254,\"GEOMETRY\":255},\"Charsets\":{\"BIG5_CHINESE_CI\":1,\"LATIN2_CZECH_CS\":2,\"DEC8_SWEDISH_CI\":3,\"CP850_GENERAL_CI\":4,\"LATIN1_GERMAN1_CI\":5,\"HP8_ENGLISH_CI\":6,\"KOI8R_GENERAL_CI\":7,\"LATIN1_SWEDISH_CI\":8,\"LATIN2_GENERAL_CI\":9,\"SWE7_SWEDISH_CI\":10,\"ASCII_GENERAL_CI\":11,\"UJIS_JAPANESE_CI\":12,\"SJIS_JAPANESE_CI\":13,\"CP1251_BULGARIAN_CI\":14,\"LATIN1_DANISH_CI\":15,\"HEBREW_GENERAL_CI\":16,\"TIS620_THAI_CI\":18,\"EUCKR_KOREAN_CI\":19,\"LATIN7_ESTONIAN_CS\":20,\"LATIN2_HUNGARIAN_CI\":21,\"KOI8U_GENERAL_CI\":22,\"CP1251_UKRAINIAN_CI\":23,\"GB2312_CHINESE_CI\":24,\"GREEK_GENERAL_CI\":25,\"CP1250_GENERAL_CI\":26,\"LATIN2_CROATIAN_CI\":27,\"GBK_CHINESE_CI\":28,\"CP1257_LITHUANIAN_CI\":29,\"LATIN5_TURKISH_CI\":30,\"LATIN1_GERMAN2_CI\":31,\"ARMSCII8_GENERAL_CI\":32,\"UTF8_GENERAL_CI\":33,\"CP1250_CZECH_CS\":34,\"UCS2_GENERAL_CI\":35,\"CP866_GENERAL_CI\":36,\"KEYBCS2_GENERAL_CI\":37,\"MACCE_GENERAL_CI\":38,\"MACROMAN_GENERAL_CI\":39,\"CP852_GENERAL_CI\":40,\"LATIN7_GENERAL_CI\":41,\"LATIN7_GENERAL_CS\":42,\"MACCE_BIN\":43,\"CP1250_CROATIAN_CI\":44,\"UTF8MB4_GENERAL_CI\":45,\"UTF8MB4_BIN\":46,\"LATIN1_BIN\":47,\"LATIN1_GENERAL_CI\":48,\"LATIN1_GENERAL_CS\":49,\"CP1251_BIN\":50,\"CP1251_GENERAL_CI\":51,\"CP1251_GENERAL_CS\":52,\"MACROMAN_BIN\":53,\"UTF16_GENERAL_CI\":54,\"UTF16_BIN\":55,\"UTF16LE_GENERAL_CI\":56,\"CP1256_GENERAL_CI\":57,\"CP1257_BIN\":58,\"CP1257_GENERAL_CI\":59,\"UTF32_GENERAL_CI\":60,\"UTF32_BIN\":61,\"UTF16LE_BIN\":62,\"BINARY\":63,\"ARMSCII8_BIN\":64,\"ASCII_BIN\":65,\"CP1250_BIN\":66,\"CP1256_BIN\":67,\"CP866_BIN\":68,\"DEC8_BIN\":69,\"GREEK_BIN\":70,\"HEBREW_BIN\":71,\"HP8_BIN\":72,\"KEYBCS2_BIN\":73,\"KOI8R_BIN\":74,\"KOI8U_BIN\":75,\"UTF8_TOLOWER_CI\":76,\"LATIN2_BIN\":77,\"LATIN5_BIN\":78,\"LATIN7_BIN\":79,\"CP850_BIN\":80,\"CP852_BIN\":81,\"SWE7_BIN\":82,\"UTF8_BIN\":83,\"BIG5_BIN\":84,\"EUCKR_BIN\":85,\"GB2312_BIN\":86,\"GBK_BIN\":87,\"SJIS_BIN\":88,\"TIS620_BIN\":89,\"UCS2_BIN\":90,\"UJIS_BIN\":91,\"GEOSTD8_GENERAL_CI\":92,\"GEOSTD8_BIN\":93,\"LATIN1_SPANISH_CI\":94,\"CP932_JAPANESE_CI\":95,\"CP932_BIN\":96,\"EUCJPMS_JAPANESE_CI\":97,\"EUCJPMS_BIN\":98,\"CP1250_POLISH_CI\":99,\"UTF16_UNICODE_CI\":101,\"UTF16_ICELANDIC_CI\":102,\"UTF16_LATVIAN_CI\":103,\"UTF16_ROMANIAN_CI\":104,\"UTF16_SLOVENIAN_CI\":105,\"UTF16_POLISH_CI\":106,\"UTF16_ESTONIAN_CI\":107,\"UTF16_SPANISH_CI\":108,\"UTF16_SWEDISH_CI\":109,\"UTF16_TURKISH_CI\":110,\"UTF16_CZECH_CI\":111,\"UTF16_DANISH_CI\":112,\"UTF16_LITHUANIAN_CI\":113,\"UTF16_SLOVAK_CI\":114,\"UTF16_SPANISH2_CI\":115,\"UTF16_ROMAN_CI\":116,\"UTF16_PERSIAN_CI\":117,\"UTF16_ESPERANTO_CI\":118,\"UTF16_HUNGARIAN_CI\":119,\"UTF16_SINHALA_CI\":120,\"UTF16_GERMAN2_CI\":121,\"UTF16_CROATIAN_CI\":122,\"UTF16_UNICODE_520_CI\":123,\"UTF16_VIETNAMESE_CI\":124,\"UCS2_UNICODE_CI\":128,\"UCS2_ICELANDIC_CI\":129,\"UCS2_LATVIAN_CI\":130,\"UCS2_ROMANIAN_CI\":131,\"UCS2_SLOVENIAN_CI\":132,\"UCS2_POLISH_CI\":133,\"UCS2_ESTONIAN_CI\":134,\"UCS2_SPANISH_CI\":135,\"UCS2_SWEDISH_CI\":136,\"UCS2_TURKISH_CI\":137,\"UCS2_CZECH_CI\":138,\"UCS2_DANISH_CI\":139,\"UCS2_LITHUANIAN_CI\":140,\"UCS2_SLOVAK_CI\":141,\"UCS2_SPANISH2_CI\":142,\"UCS2_ROMAN_CI\":143,\"UCS2_PERSIAN_CI\":144,\"UCS2_ESPERANTO_CI\":145,\"UCS2_HUNGARIAN_CI\":146,\"UCS2_SINHALA_CI\":147,\"UCS2_GERMAN2_CI\":148,\"UCS2_CROATIAN_CI\":149,\"UCS2_UNICODE_520_CI\":150,\"UCS2_VIETNAMESE_CI\":151,\"UCS2_GENERAL_MYSQL500_CI\":159,\"UTF32_UNICODE_CI\":160,\"UTF32_ICELANDIC_CI\":161,\"UTF32_LATVIAN_CI\":162,\"UTF32_ROMANIAN_CI\":163,\"UTF32_SLOVENIAN_CI\":164,\"UTF32_POLISH_CI\":165,\"UTF32_ESTONIAN_CI\":166,\"UTF32_SPANISH_CI\":167,\"UTF32_SWEDISH_CI\":168,\"UTF32_TURKISH_CI\":169,\"UTF32_CZECH_CI\":170,\"UTF32_DANISH_CI\":171,\"UTF32_LITHUANIAN_CI\":172,\"UTF32_SLOVAK_CI\":173,\"UTF32_SPANISH2_CI\":174,\"UTF32_ROMAN_CI\":175,\"UTF32_PERSIAN_CI\":176,\"UTF32_ESPERANTO_CI\":177,\"UTF32_HUNGARIAN_CI\":178,\"UTF32_SINHALA_CI\":179,\"UTF32_GERMAN2_CI\":180,\"UTF32_CROATIAN_CI\":181,\"UTF32_UNICODE_520_CI\":182,\"UTF32_VIETNAMESE_CI\":183,\"UTF8_UNICODE_CI\":192,\"UTF8_ICELANDIC_CI\":193,\"UTF8_LATVIAN_CI\":194,\"UTF8_ROMANIAN_CI\":195,\"UTF8_SLOVENIAN_CI\":196,\"UTF8_POLISH_CI\":197,\"UTF8_ESTONIAN_CI\":198,\"UTF8_SPANISH_CI\":199,\"UTF8_SWEDISH_CI\":200,\"UTF8_TURKISH_CI\":201,\"UTF8_CZECH_CI\":202,\"UTF8_DANISH_CI\":203,\"UTF8_LITHUANIAN_CI\":204,\"UTF8_SLOVAK_CI\":205,\"UTF8_SPANISH2_CI\":206,\"UTF8_ROMAN_CI\":207,\"UTF8_PERSIAN_CI\":208,\"UTF8_ESPERANTO_CI\":209,\"UTF8_HUNGARIAN_CI\":210,\"UTF8_SINHALA_CI\":211,\"UTF8_GERMAN2_CI\":212,\"UTF8_CROATIAN_CI\":213,\"UTF8_UNICODE_520_CI\":214,\"UTF8_VIETNAMESE_CI\":215,\"UTF8_GENERAL_MYSQL500_CI\":223,\"UTF8MB4_UNICODE_CI\":224,\"UTF8MB4_ICELANDIC_CI\":225,\"UTF8MB4_LATVIAN_CI\":226,\"UTF8MB4_ROMANIAN_CI\":227,\"UTF8MB4_SLOVENIAN_CI\":228,\"UTF8MB4_POLISH_CI\":229,\"UTF8MB4_ESTONIAN_CI\":230,\"UTF8MB4_SPANISH_CI\":231,\"UTF8MB4_SWEDISH_CI\":232,\"UTF8MB4_TURKISH_CI\":233,\"UTF8MB4_CZECH_CI\":234,\"UTF8MB4_DANISH_CI\":235,\"UTF8MB4_LITHUANIAN_CI\":236,\"UTF8MB4_SLOVAK_CI\":237,\"UTF8MB4_SPANISH2_CI\":238,\"UTF8MB4_ROMAN_CI\":239,\"UTF8MB4_PERSIAN_CI\":240,\"UTF8MB4_ESPERANTO_CI\":241,\"UTF8MB4_HUNGARIAN_CI\":242,\"UTF8MB4_SINHALA_CI\":243,\"UTF8MB4_GERMAN2_CI\":244,\"UTF8MB4_CROATIAN_CI\":245,\"UTF8MB4_UNICODE_520_CI\":246,\"UTF8MB4_VIETNAMESE_CI\":247,\"GB18030_CHINESE_CI\":248,\"GB18030_BIN\":249,\"GB18030_UNICODE_520_CI\":250,\"UTF8_GENERAL50_CI\":253,\"UTF8MB4_0900_AI_CI\":255,\"UTF8MB4_CS_0900_AI_CI\":266,\"UTF8MB4_DA_0900_AI_CI\":267,\"UTF8MB4_DE_PB_0900_AI_CI\":256,\"UTF8MB4_EO_0900_AI_CI\":273,\"UTF8MB4_ES_0900_AI_CI\":263,\"UTF8MB4_ES_TRAD_0900_AI_CI\":270,\"UTF8MB4_ET_0900_AI_CI\":262,\"UTF8MB4_HR_0900_AI_CI\":275,\"UTF8MB4_HU_0900_AI_CI\":274,\"UTF8MB4_IS_0900_AI_CI\":257,\"UTF8MB4_LA_0900_AI_CI\":271,\"UTF8MB4_LT_0900_AI_CI\":268,\"UTF8MB4_LV_0900_AI_CI\":258,\"UTF8MB4_PL_0900_AI_CI\":261,\"UTF8MB4_RO_0900_AI_CI\":259,\"UTF8MB4_SK_0900_AI_CI\":269,\"UTF8MB4_SL_0900_AI_CI\":260,\"UTF8MB4_SV_0900_AI_CI\":264,\"UTF8MB4_TR_0900_AI_CI\":265,\"UTF8MB4_VI_0900_AI_CI\":277,\"BIG5\":1,\"DEC8\":3,\"CP850\":4,\"HP8\":6,\"KOI8R\":7,\"LATIN1\":8,\"LATIN2\":9,\"SWE7\":10,\"ASCII\":11,\"UJIS\":12,\"SJIS\":13,\"HEBREW\":16,\"TIS620\":18,\"EUCKR\":19,\"KOI8U\":22,\"GB2312\":24,\"GREEK\":25,\"CP1250\":26,\"GBK\":28,\"LATIN5\":30,\"ARMSCII8\":32,\"UTF8\":33,\"UCS2\":35,\"CP866\":36,\"KEYBCS2\":37,\"MACCE\":38,\"MACROMAN\":39,\"CP852\":40,\"LATIN7\":41,\"UTF8MB4\":45,\"CP1251\":51,\"UTF16\":54,\"UTF16LE\":56,\"CP1256\":57,\"CP1257\":59,\"UTF32\":60,\"CP932\":95,\"EUCJPMS\":97,\"GB18030\":248,\"GEOSTD8\":92},\"CharsetToEncoding\":[\"utf8\",\"big5\",\"latin2\",\"dec8\",\"cp850\",\"latin1\",\"hp8\",\"koi8r\",\"latin1\",\"latin2\",\"swe7\",\"ascii\",\"eucjp\",\"sjis\",\"cp1251\",\"latin1\",\"hebrew\",\"utf8\",\"tis620\",\"euckr\",\"latin7\",\"latin2\",\"koi8u\",\"cp1251\",\"gb2312\",\"greek\",\"cp1250\",\"latin2\",\"gbk\",\"cp1257\",\"latin5\",\"latin1\",\"armscii8\",\"cesu8\",\"cp1250\",\"ucs2\",\"cp866\",\"keybcs2\",\"macintosh\",\"macroman\",\"cp852\",\"latin7\",\"latin7\",\"macintosh\",\"cp1250\",\"utf8\",\"utf8\",\"latin1\",\"latin1\",\"latin1\",\"cp1251\",\"cp1251\",\"cp1251\",\"macroman\",\"utf16\",\"utf16\",\"utf16-le\",\"cp1256\",\"cp1257\",\"cp1257\",\"utf32\",\"utf32\",\"utf16-le\",\"binary\",\"armscii8\",\"ascii\",\"cp1250\",\"cp1256\",\"cp866\",\"dec8\",\"greek\",\"hebrew\",\"hp8\",\"keybcs2\",\"koi8r\",\"koi8u\",\"cesu8\",\"latin2\",\"latin5\",\"latin7\",\"cp850\",\"cp852\",\"swe7\",\"cesu8\",\"big5\",\"euckr\",\"gb2312\",\"gbk\",\"sjis\",\"tis620\",\"ucs2\",\"eucjp\",\"geostd8\",\"geostd8\",\"latin1\",\"cp932\",\"cp932\",\"eucjpms\",\"eucjpms\",\"cp1250\",\"utf8\",\"utf16\",\"utf16\",\"utf16\",\"utf16\",\"utf16\",\"utf16\",\"utf16\",\"utf16\",\"utf16\",\"utf16\",\"utf16\",\"utf16\",\"utf16\",\"utf16\",\"utf16\",\"utf16\",\"utf16\",\"utf16\",\"utf16\",\"utf16\",\"utf16\",\"utf16\",\"utf16\",\"utf16\",\"utf8\",\"utf8\",\"utf8\",\"ucs2\",\"ucs2\",\"ucs2\",\"ucs2\",\"ucs2\",\"ucs2\",\"ucs2\",\"ucs2\",\"ucs2\",\"ucs2\",\"ucs2\",\"ucs2\",\"ucs2\",\"ucs2\",\"ucs2\",\"ucs2\",\"ucs2\",\"ucs2\",\"ucs2\",\"ucs2\",\"ucs2\",\"ucs2\",\"ucs2\",\"ucs2\",\"utf8\",\"utf8\",\"utf8\",\"utf8\",\"utf8\",\"utf8\",\"utf8\",\"ucs2\",\"utf32\",\"utf32\",\"utf32\",\"utf32\",\"utf32\",\"utf32\",\"utf32\",\"utf32\",\"utf32\",\"utf32\",\"utf32\",\"utf32\",\"utf32\",\"utf32\",\"utf32\",\"utf32\",\"utf32\",\"utf32\",\"utf32\",\"utf32\",\"utf32\",\"utf32\",\"utf32\",\"utf32\",\"utf8\",\"utf8\",\"utf8\",\"utf8\",\"utf8\",\"utf8\",\"utf8\",\"utf8\",\"cesu8\",\"cesu8\",\"cesu8\",\"cesu8\",\"cesu8\",\"cesu8\",\"cesu8\",\"cesu8\",\"cesu8\",\"cesu8\",\"cesu8\",\"cesu8\",\"cesu8\",\"cesu8\",\"cesu8\",\"cesu8\",\"cesu8\",\"cesu8\",\"cesu8\",\"cesu8\",\"cesu8\",\"cesu8\",\"cesu8\",\"cesu8\",\"utf8\",\"utf8\",\"utf8\",\"utf8\",\"utf8\",\"utf8\",\"utf8\",\"cesu8\",\"utf8\",\"utf8\",\"utf8\",\"utf8\",\"utf8\",\"utf8\",\"utf8\",\"utf8\",\"utf8\",\"utf8\",\"utf8\",\"utf8\",\"utf8\",\"utf8\",\"utf8\",\"utf8\",\"utf8\",\"utf8\",\"utf8\",\"utf8\",\"utf8\",\"utf8\",\"utf8\",\"utf8\",\"gb18030\",\"gb18030\",\"gb18030\",\"utf8\",\"utf8\",\"utf8\",\"utf8\",\"utf8\",\"utf8\",\"utf8\",\"utf8\",\"utf8\",\"utf8\",\"utf8\",\"utf8\",\"utf8\",\"utf8\",\"utf8\",\"utf8\",\"utf8\",\"utf8\",\"utf8\",\"utf8\",\"utf8\",\"utf8\",\"utf8\",\"utf8\",\"utf8\",\"utf8\",\"utf8\",\"utf8\",\"utf8\",\"utf8\",\"utf8\",\"utf8\",\"utf8\",\"utf8\",\"utf8\",\"utf8\",\"utf8\",\"utf8\",\"utf8\",\"utf8\",\"utf8\",\"utf8\",\"utf8\",\"utf8\",\"utf8\",\"utf8\",\"utf8\",\"utf8\",\"utf8\",\"utf8\",\"utf8\",\"utf8\",\"utf8\",\"utf8\",\"utf8\"]}},\"QueryGenerator\":{\"dialect\":\"mysql\",\"OperatorMap\":{},\"_templateSettings\":{\"escape\":{},\"evaluate\":{},\"interpolate\":{},\"variable\":\"\",\"imports\":{}},\"options\":\"~transaction~sequelize~options\",\"OperatorsAliasMap\":false,\"_dialect\":\"~transaction~sequelize~dialect\",\"sequelize\":\"~transaction~sequelize\"}},\"queryInterface\":{\"sequelize\":\"~transaction~sequelize\",\"QueryGenerator\":\"~transaction~sequelize~dialect~QueryGenerator\"},\"models\":{},\"modelManager\":{\"models\":[null,null,null,null,null,null,null,null,null,null,null,null,null,null,null,null,null,null,null,null,null,null,null,null,null,null,null,null,null,null,null,null,null,null,null,null,null],\"sequelize\":\"~transaction~sequelize\"},\"connectionManager\":\"~transaction~sequelize~dialect~connectionManager\",\"importCache\":{},\"test\":{\"_trackRunningQueries\":false,\"_runningQueries\":0}},\"savepoints\":[],\"_afterCommitHooks\":[],\"options\":{\"autocommit\":null,\"type\":\"DEFERRED\",\"isolationLevel\":null,\"readOnly\":false},\"id\":\"b491e915-b886-4d60-8be3-b4effcfa5006\",\"connection\":{\"_events\":{},\"_eventsCount\":1,\"config\":{\"host\":\"127.0.0.1\",\"port\":3306,\"user\":\"root\",\"database\":\"interview_buddy\",\"connectTimeout\":10000,\"insecureAuth\":false,\"supportBigNumbers\":true,\"bigNumberStrings\":false,\"decimalNumbers\":false,\"dateStrings\":false,\"trace\":true,\"stringifyObjects\":false,\"timezone\":\"+00:00\",\"ssl\":false,\"multipleStatements\":false,\"rowsAsArray\":false,\"namedPlaceholders\":false,\"maxPacketSize\":0,\"charsetNumber\":224,\"compress\":false,\"clientFlags\":8582093,\"maxPreparedStatements\":16000},\"stream\":{\"connecting\":false,\"_hadError\":false,\"_handle\":{\"reading\":true,\"onconnection\":null},\"_parent\":null,\"_host\":null,\"_readableState\":{\"objectMode\":false,\"highWaterMark\":16384,\"buffer\":{\"head\":null,\"tail\":null,\"length\":0},\"length\":0,\"pipes\":null,\"pipesCount\":0,\"flowing\":true,\"ended\":false,\"endEmitted\":false,\"reading\":true,\"sync\":false,\"needReadable\":true,\"emittedReadable\":false,\"readableListening\":false,\"resumeScheduled\":false,\"paused\":false,\"emitClose\":false,\"autoDestroy\":false,\"destroyed\":false,\"defaultEncoding\":\"utf8\",\"awaitDrain\":0,\"readingMore\":false,\"decoder\":null,\"encoding\":null},\"readable\":true,\"_events\":{},\"_eventsCount\":4,\"_writableState\":{\"objectMode\":false,\"highWaterMark\":16384,\"finalCalled\":false,\"needDrain\":false,\"ending\":false,\"ended\":false,\"finished\":false,\"destroyed\":false,\"decodeStrings\":false,\"defaultEncoding\":\"utf8\",\"length\":0,\"writing\":false,\"corked\":0,\"sync\":false,\"bufferProcessing\":false,\"writecb\":null,\"writelen\":0,\"bufferedRequest\":null,\"lastBufferedRequest\":null,\"pendingcb\":0,\"prefinished\":false,\"errorEmitted\":false,\"emitClose\":false,\"autoDestroy\":false,\"bufferedRequestCount\":0,\"corkedRequestsFree\":{\"next\":null,\"entry\":null}},\"writable\":true,\"allowHalfOpen\":false,\"_sockname\":null,\"_pendingData\":null,\"_pendingEncoding\":\"\",\"server\":null,\"_server\":null},\"_internalId\":39,\"_commands\":{\"_head\":0,\"_tail\":0,\"_capacityMask\":3,\"_list\":[null,null,null,null]},\"_paused\":false,\"_paused_packets\":{\"_head\":0,\"_tail\":0,\"_capacityMask\":3,\"_list\":[null,null,null,null]},\"_statements\":{},\"serverCapabilityFlags\":2688546815,\"authorized\":true,\"sequenceId\":2,\"compressedSequenceId\":0,\"threadId\":276,\"_handshakePacket\":{\"protocolVersion\":10,\"serverVersion\":\"5.5.5-10.1.37-MariaDB\",\"capabilityFlags\":2688546815,\"connectionId\":276,\"authPluginData1\":{\"type\":\"Buffer\",\"data\":[66,110,39,112,34,84,96,102]},\"authPluginData2\":{\"type\":\"Buffer\",\"data\":[97,51,122,46,114,116,115,98,112,46,49,75]},\"characterSet\":8,\"statusFlags\":2},\"_fatalError\":null,\"_protocolError\":null,\"_outOfOrderPackets\":[],\"clientEncoding\":\"utf8\",\"packetParser\":{\"buffer\":[],\"bufferLength\":0,\"packetHeaderLength\":4,\"headerLen\":0,\"length\":7,\"largePacketParts\":[],\"firstPacketSequenceId\":0},\"serverEncoding\":\"latin1\",\"connectTimeout\":null,\"connectionId\":276,\"uuid\":\"b491e915-b886-4d60-8be3-b4effcfa5006\"}},\"fields\":[\"id\",\"interviewTypeMapId\",\"interviewTypeId\",\"createdAt\",\"updatedAt\"],\"auth\":6}', '[1]', 6, '2019-02-13 07:52:09', '2019-02-13 07:52:09'),
(31, 'payments', 'insert', '{\"id\":1,\"mode\":\"paypal\",\"chequeNo\":0,\"price\":2,\"pgResponse\":\"{\"paymentToken\":\"EC-9AC67984Y7611000H\",\"orderID\":\"EC-9AC67984Y7611000H\",\"payerID\":\"6T7Q9QUJCYEMS\",\"paymentID\":\"PAYID-LRR4ZOA7LS82375LL660003B\",\"intent\":\"sale\",\"returnUrl\":\"https://www.paypal.com/checkoutnow/error?paymentId=PAYID-LRR4ZOA7LS82375LL660003B&token=EC-9AC67984Y7611000H&PayerID=6T7Q9QUJCYEMS\"}\",\"status\":\"sucess\",\"updatedAt\":\"2019-02-13T07:53:07.819Z\",\"createdAt\":\"2019-02-13T07:53:07.819Z\"}', '1', 6, '2019-02-13 07:53:07', '2019-02-13 07:53:07'),
(32, 'interview_type_map', 'update', '{\"where\":{\"id\":\"1\"},\"validate\":true,\"hooks\":true,\"individualHooks\":false,\"returning\":false,\"force\":false,\"sideEffects\":true,\"type\":\"BULKUPDATE\",\"fields\":[\"paymentStatus\",\"status\",\"paymentId\",\"updatedAt\"],\"attributes\":{\"paymentStatus\":\"sucess\",\"status\":\"active\",\"paymentId\":1,\"updatedAt\":\"2019-02-13T07:53:07.830Z\"},\"auth\":6}', '{\"id\":\"1\"}', 6, '2019-02-13 07:53:07', '2019-02-13 07:53:07'),
(33, 'interview_experts', 'insert', '{\"id\":1,\"interviewUserId\":3,\"expertId\":3,\"status\":\"open\",\"updatedAt\":\"2019-02-13T08:04:57.762Z\",\"createdAt\":\"2019-02-13T08:04:57.762Z\"}', '1', 1, '2019-02-13 08:04:57', '2019-02-13 08:04:57'),
(34, 'interview_users', 'update', '{\"where\":{\"id\":3},\"validate\":true,\"hooks\":true,\"individualHooks\":false,\"returning\":false,\"force\":false,\"sideEffects\":true,\"type\":\"BULKUPDATE\",\"fields\":[\"status\",\"updatedAt\"],\"attributes\":{\"status\":\"expertreview\",\"updatedAt\":\"2019-02-13T08:04:57.779Z\"},\"auth\":1}', '{\"id\":3}', 1, '2019-02-13 08:04:57', '2019-02-13 08:04:57');
INSERT INTO `logs` (`id`, `tableName`, `action`, `remarks`, `respectiveId`, `userId`, `createdAt`, `updatedAt`) VALUES
(35, 'interview_users', 'insert', '{\"validate\":false,\"hooks\":true,\"individualHooks\":false,\"ignoreDuplicates\":false,\"transaction\":{\"sequelize\":{\"options\":{\"dialect\":\"mysql\",\"dialectModulePath\":null,\"host\":\"127.0.0.1\",\"protocol\":\"tcp\",\"define\":{},\"query\":{},\"sync\":{},\"timezone\":\"+00:00\",\"omitNull\":false,\"native\":false,\"replication\":false,\"pool\":{},\"quoteIdentifiers\":true,\"hooks\":{\"afterCreate\":[null],\"afterUpdate\":[null],\"afterBulkUpdate\":[null],\"afterBulkCreate\":[null]},\"retry\":{\"max\":5,\"match\":[\"SQLITE_BUSY: database is locked\"]},\"transactionType\":\"DEFERRED\",\"isolationLevel\":null,\"databaseVersion\":\"10.1.37-MariaDB\",\"typeValidation\":false,\"benchmark\":false,\"operatorsAliases\":false,\"username\":\"root\",\"password\":null,\"database\":\"interview_buddy\"},\"config\":{\"database\":\"interview_buddy\",\"username\":\"root\",\"password\":null,\"host\":\"127.0.0.1\",\"port\":3306,\"pool\":\"~transaction~sequelize~options~pool\",\"protocol\":\"tcp\",\"native\":false,\"replication\":false,\"dialectModulePath\":null},\"dialect\":{\"sequelize\":\"~transaction~sequelize\",\"connectionManager\":{\"sequelize\":\"~transaction~sequelize\",\"config\":{\"database\":\"interview_buddy\",\"username\":\"root\",\"password\":null,\"host\":\"127.0.0.1\",\"pool\":{\"max\":5,\"min\":0,\"idle\":10000,\"acquire\":10000,\"evict\":10000,\"handleDisconnects\":true},\"protocol\":\"tcp\",\"native\":false,\"replication\":false,\"dialectModulePath\":null},\"dialect\":\"~transaction~sequelize~dialect\",\"versionPromise\":null,\"dialectName\":\"mysql\",\"pool\":{\"_events\":{},\"_eventsCount\":0,\"_config\":{\"fifo\":true,\"priorityRange\":1,\"testOnBorrow\":true,\"testOnReturn\":false,\"autostart\":false,\"acquireTimeoutMillis\":10000,\"max\":5,\"min\":0,\"evictionRunIntervalMillis\":10000,\"numTestsPerEvictionRun\":3,\"softIdleTimeoutMillis\":-1,\"idleTimeoutMillis\":10000},\"_factory\":{},\"_draining\":false,\"_started\":true,\"_waitingClientsQueue\":{\"_size\":1,\"_slots\":[{\"_list\":{\"head\":null,\"tail\":null,\"length\":0}}]},\"_factoryCreateOperations\":{},\"_factoryDestroyOperations\":{},\"_availableObjects\":{\"_list\":{\"head\":null,\"tail\":null,\"length\":0}},\"_testOnBorrowResources\":{},\"_testOnReturnResources\":{},\"_validationOperations\":{},\"_allObjects\":{},\"_resourceLoans\":{},\"_evictionIterator\":{\"_list\":\"~transaction~sequelize~dialect~connectionManager~pool~_availableObjects~_list\",\"_direction\":\"next\",\"_startPosition\":\"head\",\"_started\":true,\"_cursor\":{\"prev\":null,\"next\":null,\"data\":{\"creationTime\":1550053997682,\"lastReturnTime\":1550054020749,\"lastBorrowTime\":1550054020747,\"lastIdleTime\":1550054020749,\"obj\":{\"_events\":{},\"_eventsCount\":1,\"config\":{\"host\":\"127.0.0.1\",\"port\":3306,\"user\":\"root\",\"database\":\"interview_buddy\",\"connectTimeout\":10000,\"insecureAuth\":false,\"supportBigNumbers\":true,\"bigNumberStrings\":false,\"decimalNumbers\":false,\"dateStrings\":false,\"trace\":true,\"stringifyObjects\":false,\"timezone\":\"+00:00\",\"ssl\":false,\"multipleStatements\":false,\"rowsAsArray\":false,\"namedPlaceholders\":false,\"maxPacketSize\":0,\"charsetNumber\":224,\"compress\":false,\"clientFlags\":8582093,\"maxPreparedStatements\":16000},\"stream\":{\"connecting\":false,\"_hadError\":false,\"_handle\":null,\"_parent\":null,\"_host\":null,\"_readableState\":{\"objectMode\":false,\"highWaterMark\":16384,\"buffer\":{\"head\":null,\"tail\":null,\"length\":0},\"length\":0,\"pipes\":null,\"pipesCount\":0,\"flowing\":true,\"ended\":true,\"endEmitted\":true,\"reading\":false,\"sync\":false,\"needReadable\":false,\"emittedReadable\":false,\"readableListening\":false,\"resumeScheduled\":false,\"paused\":false,\"emitClose\":false,\"autoDestroy\":false,\"destroyed\":true,\"defaultEncoding\":\"utf8\",\"awaitDrain\":0,\"readingMore\":false,\"decoder\":null,\"encoding\":null},\"readable\":false,\"_events\":{},\"_eventsCount\":5,\"_writableState\":{\"objectMode\":false,\"highWaterMark\":16384,\"finalCalled\":true,\"needDrain\":false,\"ending\":true,\"ended\":true,\"finished\":false,\"destroyed\":true,\"decodeStrings\":false,\"defaultEncoding\":\"utf8\",\"length\":0,\"writing\":false,\"corked\":0,\"sync\":false,\"bufferProcessing\":false,\"writecb\":null,\"writelen\":0,\"bufferedRequest\":null,\"lastBufferedRequest\":null,\"pendingcb\":1,\"prefinished\":false,\"errorEmitted\":false,\"emitClose\":false,\"autoDestroy\":false,\"bufferedRequestCount\":0,\"corkedRequestsFree\":{\"next\":null,\"entry\":null}},\"writable\":false,\"allowHalfOpen\":false,\"_sockname\":null,\"_pendingData\":null,\"_pendingEncoding\":\"\",\"server\":null,\"_server\":null},\"_internalId\":82,\"_commands\":{\"_head\":0,\"_tail\":0,\"_capacityMask\":3,\"_list\":[null,null,null,null]},\"_paused\":false,\"_paused_packets\":{\"_head\":0,\"_tail\":0,\"_capacityMask\":3,\"_list\":[null,null,null,null]},\"_statements\":{},\"serverCapabilityFlags\":2688546815,\"authorized\":true,\"sequenceId\":1,\"compressedSequenceId\":0,\"threadId\":522,\"_handshakePacket\":{\"protocolVersion\":10,\"serverVersion\":\"5.5.5-10.1.37-MariaDB\",\"capabilityFlags\":2688546815,\"connectionId\":522,\"authPluginData1\":{\"type\":\"Buffer\",\"data\":[77,85,69,57,44,113,118,123]},\"authPluginData2\":{\"type\":\"Buffer\",\"data\":[39,78,51,82,38,100,71,117,58,95,79,77]},\"characterSet\":8,\"statusFlags\":2},\"_fatalError\":null,\"_protocolError\":null,\"_outOfOrderPackets\":[],\"clientEncoding\":\"utf8\",\"packetParser\":{\"buffer\":[],\"bufferLength\":0,\"packetHeaderLength\":4,\"headerLen\":0,\"length\":5,\"largePacketParts\":[],\"firstPacketSequenceId\":0},\"serverEncoding\":\"latin1\",\"connectTimeout\":null,\"connectionId\":522,\"_closing\":true},\"state\":\"INVALID\"}},\"_done\":false},\"_evictor\":{},\"_scheduledEviction\":{\"_idleTimeout\":10000,\"_idlePrev\":{\"_idleNext\":\"~transaction~sequelize~dialect~connectionManager~pool~_scheduledEviction\",\"_idlePrev\":\"~transaction~sequelize~dialect~connectionManager~pool~_scheduledEviction\",\"expiry\":5391666,\"id\":-9007199254740224,\"msecs\":10000,\"priorityQueuePosition\":3},\"_idleNext\":\"~transaction~sequelize~dialect~connectionManager~pool~_scheduledEviction~_idlePrev\",\"_idleStart\":5381666,\"_repeat\":null,\"_destroyed\":false}},\"lib\":{\"Types\":{\"DECIMAL\":0,\"TINY\":1,\"SHORT\":2,\"LONG\":3,\"FLOAT\":4,\"DOUBLE\":5,\"NULL\":6,\"TIMESTAMP\":7,\"LONGLONG\":8,\"INT24\":9,\"DATE\":10,\"TIME\":11,\"DATETIME\":12,\"YEAR\":13,\"NEWDATE\":14,\"VARCHAR\":15,\"BIT\":16,\"JSON\":245,\"NEWDECIMAL\":246,\"ENUM\":247,\"SET\":248,\"TINY_BLOB\":249,\"MEDIUM_BLOB\":250,\"LONG_BLOB\":251,\"BLOB\":252,\"VAR_STRING\":253,\"STRING\":254,\"GEOMETRY\":255},\"Charsets\":{\"BIG5_CHINESE_CI\":1,\"LATIN2_CZECH_CS\":2,\"DEC8_SWEDISH_CI\":3,\"CP850_GENERAL_CI\":4,\"LATIN1_GERMAN1_CI\":5,\"HP8_ENGLISH_CI\":6,\"KOI8R_GENERAL_CI\":7,\"LATIN1_SWEDISH_CI\":8,\"LATIN2_GENERAL_CI\":9,\"SWE7_SWEDISH_CI\":10,\"ASCII_GENERAL_CI\":11,\"UJIS_JAPANESE_CI\":12,\"SJIS_JAPANESE_CI\":13,\"CP1251_BULGARIAN_CI\":14,\"LATIN1_DANISH_CI\":15,\"HEBREW_GENERAL_CI\":16,\"TIS620_THAI_CI\":18,\"EUCKR_KOREAN_CI\":19,\"LATIN7_ESTONIAN_CS\":20,\"LATIN2_HUNGARIAN_CI\":21,\"KOI8U_GENERAL_CI\":22,\"CP1251_UKRAINIAN_CI\":23,\"GB2312_CHINESE_CI\":24,\"GREEK_GENERAL_CI\":25,\"CP1250_GENERAL_CI\":26,\"LATIN2_CROATIAN_CI\":27,\"GBK_CHINESE_CI\":28,\"CP1257_LITHUANIAN_CI\":29,\"LATIN5_TURKISH_CI\":30,\"LATIN1_GERMAN2_CI\":31,\"ARMSCII8_GENERAL_CI\":32,\"UTF8_GENERAL_CI\":33,\"CP1250_CZECH_CS\":34,\"UCS2_GENERAL_CI\":35,\"CP866_GENERAL_CI\":36,\"KEYBCS2_GENERAL_CI\":37,\"MACCE_GENERAL_CI\":38,\"MACROMAN_GENERAL_CI\":39,\"CP852_GENERAL_CI\":40,\"LATIN7_GENERAL_CI\":41,\"LATIN7_GENERAL_CS\":42,\"MACCE_BIN\":43,\"CP1250_CROATIAN_CI\":44,\"UTF8MB4_GENERAL_CI\":45,\"UTF8MB4_BIN\":46,\"LATIN1_BIN\":47,\"LATIN1_GENERAL_CI\":48,\"LATIN1_GENERAL_CS\":49,\"CP1251_BIN\":50,\"CP1251_GENERAL_CI\":51,\"CP1251_GENERAL_CS\":52,\"MACROMAN_BIN\":53,\"UTF16_GENERAL_CI\":54,\"UTF16_BIN\":55,\"UTF16LE_GENERAL_CI\":56,\"CP1256_GENERAL_CI\":57,\"CP1257_BIN\":58,\"CP1257_GENERAL_CI\":59,\"UTF32_GENERAL_CI\":60,\"UTF32_BIN\":61,\"UTF16LE_BIN\":62,\"BINARY\":63,\"ARMSCII8_BIN\":64,\"ASCII_BIN\":65,\"CP1250_BIN\":66,\"CP1256_BIN\":67,\"CP866_BIN\":68,\"DEC8_BIN\":69,\"GREEK_BIN\":70,\"HEBREW_BIN\":71,\"HP8_BIN\":72,\"KEYBCS2_BIN\":73,\"KOI8R_BIN\":74,\"KOI8U_BIN\":75,\"UTF8_TOLOWER_CI\":76,\"LATIN2_BIN\":77,\"LATIN5_BIN\":78,\"LATIN7_BIN\":79,\"CP850_BIN\":80,\"CP852_BIN\":81,\"SWE7_BIN\":82,\"UTF8_BIN\":83,\"BIG5_BIN\":84,\"EUCKR_BIN\":85,\"GB2312_BIN\":86,\"GBK_BIN\":87,\"SJIS_BIN\":88,\"TIS620_BIN\":89,\"UCS2_BIN\":90,\"UJIS_BIN\":91,\"GEOSTD8_GENERAL_CI\":92,\"GEOSTD8_BIN\":93,\"LATIN1_SPANISH_CI\":94,\"CP932_JAPANESE_CI\":95,\"CP932_BIN\":96,\"EUCJPMS_JAPANESE_CI\":97,\"EUCJPMS_BIN\":98,\"CP1250_POLISH_CI\":99,\"UTF16_UNICODE_CI\":101,\"UTF16_ICELANDIC_CI\":102,\"UTF16_LATVIAN_CI\":103,\"UTF16_ROMANIAN_CI\":104,\"UTF16_SLOVENIAN_CI\":105,\"UTF16_POLISH_CI\":106,\"UTF16_ESTONIAN_CI\":107,\"UTF16_SPANISH_CI\":108,\"UTF16_SWEDISH_CI\":109,\"UTF16_TURKISH_CI\":110,\"UTF16_CZECH_CI\":111,\"UTF16_DANISH_CI\":112,\"UTF16_LITHUANIAN_CI\":113,\"UTF16_SLOVAK_CI\":114,\"UTF16_SPANISH2_CI\":115,\"UTF16_ROMAN_CI\":116,\"UTF16_PERSIAN_CI\":117,\"UTF16_ESPERANTO_CI\":118,\"UTF16_HUNGARIAN_CI\":119,\"UTF16_SINHALA_CI\":120,\"UTF16_GERMAN2_CI\":121,\"UTF16_CROATIAN_CI\":122,\"UTF16_UNICODE_520_CI\":123,\"UTF16_VIETNAMESE_CI\":124,\"UCS2_UNICODE_CI\":128,\"UCS2_ICELANDIC_CI\":129,\"UCS2_LATVIAN_CI\":130,\"UCS2_ROMANIAN_CI\":131,\"UCS2_SLOVENIAN_CI\":132,\"UCS2_POLISH_CI\":133,\"UCS2_ESTONIAN_CI\":134,\"UCS2_SPANISH_CI\":135,\"UCS2_SWEDISH_CI\":136,\"UCS2_TURKISH_CI\":137,\"UCS2_CZECH_CI\":138,\"UCS2_DANISH_CI\":139,\"UCS2_LITHUANIAN_CI\":140,\"UCS2_SLOVAK_CI\":141,\"UCS2_SPANISH2_CI\":142,\"UCS2_ROMAN_CI\":143,\"UCS2_PERSIAN_CI\":144,\"UCS2_ESPERANTO_CI\":145,\"UCS2_HUNGARIAN_CI\":146,\"UCS2_SINHALA_CI\":147,\"UCS2_GERMAN2_CI\":148,\"UCS2_CROATIAN_CI\":149,\"UCS2_UNICODE_520_CI\":150,\"UCS2_VIETNAMESE_CI\":151,\"UCS2_GENERAL_MYSQL500_CI\":159,\"UTF32_UNICODE_CI\":160,\"UTF32_ICELANDIC_CI\":161,\"UTF32_LATVIAN_CI\":162,\"UTF32_ROMANIAN_CI\":163,\"UTF32_SLOVENIAN_CI\":164,\"UTF32_POLISH_CI\":165,\"UTF32_ESTONIAN_CI\":166,\"UTF32_SPANISH_CI\":167,\"UTF32_SWEDISH_CI\":168,\"UTF32_TURKISH_CI\":169,\"UTF32_CZECH_CI\":170,\"UTF32_DANISH_CI\":171,\"UTF32_LITHUANIAN_CI\":172,\"UTF32_SLOVAK_CI\":173,\"UTF32_SPANISH2_CI\":174,\"UTF32_ROMAN_CI\":175,\"UTF32_PERSIAN_CI\":176,\"UTF32_ESPERANTO_CI\":177,\"UTF32_HUNGARIAN_CI\":178,\"UTF32_SINHALA_CI\":179,\"UTF32_GERMAN2_CI\":180,\"UTF32_CROATIAN_CI\":181,\"UTF32_UNICODE_520_CI\":182,\"UTF32_VIETNAMESE_CI\":183,\"UTF8_UNICODE_CI\":192,\"UTF8_ICELANDIC_CI\":193,\"UTF8_LATVIAN_CI\":194,\"UTF8_ROMANIAN_CI\":195,\"UTF8_SLOVENIAN_CI\":196,\"UTF8_POLISH_CI\":197,\"UTF8_ESTONIAN_CI\":198,\"UTF8_SPANISH_CI\":199,\"UTF8_SWEDISH_CI\":200,\"UTF8_TURKISH_CI\":201,\"UTF8_CZECH_CI\":202,\"UTF8_DANISH_CI\":203,\"UTF8_LITHUANIAN_CI\":204,\"UTF8_SLOVAK_CI\":205,\"UTF8_SPANISH2_CI\":206,\"UTF8_ROMAN_CI\":207,\"UTF8_PERSIAN_CI\":208,\"UTF8_ESPERANTO_CI\":209,\"UTF8_HUNGARIAN_CI\":210,\"UTF8_SINHALA_CI\":211,\"UTF8_GERMAN2_CI\":212,\"UTF8_CROATIAN_CI\":213,\"UTF8_UNICODE_520_CI\":214,\"UTF8_VIETNAMESE_CI\":215,\"UTF8_GENERAL_MYSQL500_CI\":223,\"UTF8MB4_UNICODE_CI\":224,\"UTF8MB4_ICELANDIC_CI\":225,\"UTF8MB4_LATVIAN_CI\":226,\"UTF8MB4_ROMANIAN_CI\":227,\"UTF8MB4_SLOVENIAN_CI\":228,\"UTF8MB4_POLISH_CI\":229,\"UTF8MB4_ESTONIAN_CI\":230,\"UTF8MB4_SPANISH_CI\":231,\"UTF8MB4_SWEDISH_CI\":232,\"UTF8MB4_TURKISH_CI\":233,\"UTF8MB4_CZECH_CI\":234,\"UTF8MB4_DANISH_CI\":235,\"UTF8MB4_LITHUANIAN_CI\":236,\"UTF8MB4_SLOVAK_CI\":237,\"UTF8MB4_SPANISH2_CI\":238,\"UTF8MB4_ROMAN_CI\":239,\"UTF8MB4_PERSIAN_CI\":240,\"UTF8MB4_ESPERANTO_CI\":241,\"UTF8MB4_HUNGARIAN_CI\":242,\"UTF8MB4_SINHALA_CI\":243,\"UTF8MB4_GERMAN2_CI\":244,\"UTF8MB4_CROATIAN_CI\":245,\"UTF8MB4_UNICODE_520_CI\":246,\"UTF8MB4_VIETNAMESE_CI\":247,\"GB18030_CHINESE_CI\":248,\"GB18030_BIN\":249,\"GB18030_UNICODE_520_CI\":250,\"UTF8_GENERAL50_CI\":253,\"UTF8MB4_0900_AI_CI\":255,\"UTF8MB4_CS_0900_AI_CI\":266,\"UTF8MB4_DA_0900_AI_CI\":267,\"UTF8MB4_DE_PB_0900_AI_CI\":256,\"UTF8MB4_EO_0900_AI_CI\":273,\"UTF8MB4_ES_0900_AI_CI\":263,\"UTF8MB4_ES_TRAD_0900_AI_CI\":270,\"UTF8MB4_ET_0900_AI_CI\":262,\"UTF8MB4_HR_0900_AI_CI\":275,\"UTF8MB4_HU_0900_AI_CI\":274,\"UTF8MB4_IS_0900_AI_CI\":257,\"UTF8MB4_LA_0900_AI_CI\":271,\"UTF8MB4_LT_0900_AI_CI\":268,\"UTF8MB4_LV_0900_AI_CI\":258,\"UTF8MB4_PL_0900_AI_CI\":261,\"UTF8MB4_RO_0900_AI_CI\":259,\"UTF8MB4_SK_0900_AI_CI\":269,\"UTF8MB4_SL_0900_AI_CI\":260,\"UTF8MB4_SV_0900_AI_CI\":264,\"UTF8MB4_TR_0900_AI_CI\":265,\"UTF8MB4_VI_0900_AI_CI\":277,\"BIG5\":1,\"DEC8\":3,\"CP850\":4,\"HP8\":6,\"KOI8R\":7,\"LATIN1\":8,\"LATIN2\":9,\"SWE7\":10,\"ASCII\":11,\"UJIS\":12,\"SJIS\":13,\"HEBREW\":16,\"TIS620\":18,\"EUCKR\":19,\"KOI8U\":22,\"GB2312\":24,\"GREEK\":25,\"CP1250\":26,\"GBK\":28,\"LATIN5\":30,\"ARMSCII8\":32,\"UTF8\":33,\"UCS2\":35,\"CP866\":36,\"KEYBCS2\":37,\"MACCE\":38,\"MACROMAN\":39,\"CP852\":40,\"LATIN7\":41,\"UTF8MB4\":45,\"CP1251\":51,\"UTF16\":54,\"UTF16LE\":56,\"CP1256\":57,\"CP1257\":59,\"UTF32\":60,\"CP932\":95,\"EUCJPMS\":97,\"GB18030\":248,\"GEOSTD8\":92},\"CharsetToEncoding\":[\"utf8\",\"big5\",\"latin2\",\"dec8\",\"cp850\",\"latin1\",\"hp8\",\"koi8r\",\"latin1\",\"latin2\",\"swe7\",\"ascii\",\"eucjp\",\"sjis\",\"cp1251\",\"latin1\",\"hebrew\",\"utf8\",\"tis620\",\"euckr\",\"latin7\",\"latin2\",\"koi8u\",\"cp1251\",\"gb2312\",\"greek\",\"cp1250\",\"latin2\",\"gbk\",\"cp1257\",\"latin5\",\"latin1\",\"armscii8\",\"cesu8\",\"cp1250\",\"ucs2\",\"cp866\",\"keybcs2\",\"macintosh\",\"macroman\",\"cp852\",\"latin7\",\"latin7\",\"macintosh\",\"cp1250\",\"utf8\",\"utf8\",\"latin1\",\"latin1\",\"latin1\",\"cp1251\",\"cp1251\",\"cp1251\",\"macroman\",\"utf16\",\"utf16\",\"utf16-le\",\"cp1256\",\"cp1257\",\"cp1257\",\"utf32\",\"utf32\",\"utf16-le\",\"binary\",\"armscii8\",\"ascii\",\"cp1250\",\"cp1256\",\"cp866\",\"dec8\",\"greek\",\"hebrew\",\"hp8\",\"keybcs2\",\"koi8r\",\"koi8u\",\"cesu8\",\"latin2\",\"latin5\",\"latin7\",\"cp850\",\"cp852\",\"swe7\",\"cesu8\",\"big5\",\"euckr\",\"gb2312\",\"gbk\",\"sjis\",\"tis620\",\"ucs2\",\"eucjp\",\"geostd8\",\"geostd8\",\"latin1\",\"cp932\",\"cp932\",\"eucjpms\",\"eucjpms\",\"cp1250\",\"utf8\",\"utf16\",\"utf16\",\"utf16\",\"utf16\",\"utf16\",\"utf16\",\"utf16\",\"utf16\",\"utf16\",\"utf16\",\"utf16\",\"utf16\",\"utf16\",\"utf16\",\"utf16\",\"utf16\",\"utf16\",\"utf16\",\"utf16\",\"utf16\",\"utf16\",\"utf16\",\"utf16\",\"utf16\",\"utf8\",\"utf8\",\"utf8\",\"ucs2\",\"ucs2\",\"ucs2\",\"ucs2\",\"ucs2\",\"ucs2\",\"ucs2\",\"ucs2\",\"ucs2\",\"ucs2\",\"ucs2\",\"ucs2\",\"ucs2\",\"ucs2\",\"ucs2\",\"ucs2\",\"ucs2\",\"ucs2\",\"ucs2\",\"ucs2\",\"ucs2\",\"ucs2\",\"ucs2\",\"ucs2\",\"utf8\",\"utf8\",\"utf8\",\"utf8\",\"utf8\",\"utf8\",\"utf8\",\"ucs2\",\"utf32\",\"utf32\",\"utf32\",\"utf32\",\"utf32\",\"utf32\",\"utf32\",\"utf32\",\"utf32\",\"utf32\",\"utf32\",\"utf32\",\"utf32\",\"utf32\",\"utf32\",\"utf32\",\"utf32\",\"utf32\",\"utf32\",\"utf32\",\"utf32\",\"utf32\",\"utf32\",\"utf32\",\"utf8\",\"utf8\",\"utf8\",\"utf8\",\"utf8\",\"utf8\",\"utf8\",\"utf8\",\"cesu8\",\"cesu8\",\"cesu8\",\"cesu8\",\"cesu8\",\"cesu8\",\"cesu8\",\"cesu8\",\"cesu8\",\"cesu8\",\"cesu8\",\"cesu8\",\"cesu8\",\"cesu8\",\"cesu8\",\"cesu8\",\"cesu8\",\"cesu8\",\"cesu8\",\"cesu8\",\"cesu8\",\"cesu8\",\"cesu8\",\"cesu8\",\"utf8\",\"utf8\",\"utf8\",\"utf8\",\"utf8\",\"utf8\",\"utf8\",\"cesu8\",\"utf8\",\"utf8\",\"utf8\",\"utf8\",\"utf8\",\"utf8\",\"utf8\",\"utf8\",\"utf8\",\"utf8\",\"utf8\",\"utf8\",\"utf8\",\"utf8\",\"utf8\",\"utf8\",\"utf8\",\"utf8\",\"utf8\",\"utf8\",\"utf8\",\"utf8\",\"utf8\",\"utf8\",\"gb18030\",\"gb18030\",\"gb18030\",\"utf8\",\"utf8\",\"utf8\",\"utf8\",\"utf8\",\"utf8\",\"utf8\",\"utf8\",\"utf8\",\"utf8\",\"utf8\",\"utf8\",\"utf8\",\"utf8\",\"utf8\",\"utf8\",\"utf8\",\"utf8\",\"utf8\",\"utf8\",\"utf8\",\"utf8\",\"utf8\",\"utf8\",\"utf8\",\"utf8\",\"utf8\",\"utf8\",\"utf8\",\"utf8\",\"utf8\",\"utf8\",\"utf8\",\"utf8\",\"utf8\",\"utf8\",\"utf8\",\"utf8\",\"utf8\",\"utf8\",\"utf8\",\"utf8\",\"utf8\",\"utf8\",\"utf8\",\"utf8\",\"utf8\",\"utf8\",\"utf8\",\"utf8\",\"utf8\",\"utf8\",\"utf8\",\"utf8\",\"utf8\"]}},\"QueryGenerator\":{\"dialect\":\"mysql\",\"OperatorMap\":{},\"_templateSettings\":{\"escape\":{},\"evaluate\":{},\"interpolate\":{},\"variable\":\"\",\"imports\":{}},\"options\":\"~transaction~sequelize~options\",\"OperatorsAliasMap\":false,\"_dialect\":\"~transaction~sequelize~dialect\",\"sequelize\":\"~transaction~sequelize\"}},\"queryInterface\":{\"sequelize\":\"~transaction~sequelize\",\"QueryGenerator\":\"~transaction~sequelize~dialect~QueryGenerator\"},\"models\":{},\"modelManager\":{\"models\":[null,null,null,null,null,null,null,null,null,null,null,null,null,null,null,null,null,null,null,null,null,null,null,null,null,null,null,null,null,null,null,null,null,null,null,null,null],\"sequelize\":\"~transaction~sequelize\"},\"connectionManager\":\"~transaction~sequelize~dialect~connectionManager\",\"importCache\":{},\"test\":{\"_trackRunningQueries\":false,\"_runningQueries\":0}},\"savepoints\":[],\"_afterCommitHooks\":[],\"options\":{\"autocommit\":null,\"type\":\"DEFERRED\",\"isolationLevel\":null,\"readOnly\":false},\"id\":\"58a1ce01-17fe-4dd6-b1f4-2d94ccac3624\",\"connection\":{\"_events\":{},\"_eventsCount\":1,\"config\":{\"host\":\"127.0.0.1\",\"port\":3306,\"user\":\"root\",\"database\":\"interview_buddy\",\"connectTimeout\":10000,\"insecureAuth\":false,\"supportBigNumbers\":true,\"bigNumberStrings\":false,\"decimalNumbers\":false,\"dateStrings\":false,\"trace\":true,\"stringifyObjects\":false,\"timezone\":\"+00:00\",\"ssl\":false,\"multipleStatements\":false,\"rowsAsArray\":false,\"namedPlaceholders\":false,\"maxPacketSize\":0,\"charsetNumber\":224,\"compress\":false,\"clientFlags\":8582093,\"maxPreparedStatements\":16000},\"stream\":{\"connecting\":false,\"_hadError\":false,\"_handle\":{\"reading\":true,\"onconnection\":null},\"_parent\":null,\"_host\":null,\"_readableState\":{\"objectMode\":false,\"highWaterMark\":16384,\"buffer\":{\"head\":null,\"tail\":null,\"length\":0},\"length\":0,\"pipes\":null,\"pipesCount\":0,\"flowing\":true,\"ended\":false,\"endEmitted\":false,\"reading\":true,\"sync\":false,\"needReadable\":true,\"emittedReadable\":false,\"readableListening\":false,\"resumeScheduled\":false,\"paused\":false,\"emitClose\":false,\"autoDestroy\":false,\"destroyed\":false,\"defaultEncoding\":\"utf8\",\"awaitDrain\":0,\"readingMore\":false,\"decoder\":null,\"encoding\":null},\"readable\":true,\"_events\":{},\"_eventsCount\":4,\"_writableState\":{\"objectMode\":false,\"highWaterMark\":16384,\"finalCalled\":false,\"needDrain\":false,\"ending\":false,\"ended\":false,\"finished\":false,\"destroyed\":false,\"decodeStrings\":false,\"defaultEncoding\":\"utf8\",\"length\":0,\"writing\":false,\"corked\":0,\"sync\":false,\"bufferProcessing\":false,\"writecb\":null,\"writelen\":0,\"bufferedRequest\":null,\"lastBufferedRequest\":null,\"pendingcb\":0,\"prefinished\":false,\"errorEmitted\":false,\"emitClose\":false,\"autoDestroy\":false,\"bufferedRequestCount\":0,\"corkedRequestsFree\":{\"next\":null,\"entry\":null}},\"writable\":true,\"allowHalfOpen\":false,\"_sockname\":null,\"_pendingData\":null,\"_pendingEncoding\":\"\",\"server\":null,\"_server\":null},\"_internalId\":84,\"_commands\":{\"_head\":0,\"_tail\":0,\"_capacityMask\":3,\"_list\":[null,null,null,null]},\"_paused\":false,\"_paused_packets\":{\"_head\":0,\"_tail\":0,\"_capacityMask\":3,\"_list\":[null,null,null,null]},\"_statements\":{},\"serverCapabilityFlags\":2688546815,\"authorized\":true,\"sequenceId\":2,\"compressedSequenceId\":0,\"threadId\":524,\"_handshakePacket\":{\"protocolVersion\":10,\"serverVersion\":\"5.5.5-10.1.37-MariaDB\",\"capabilityFlags\":2688546815,\"connectionId\":524,\"authPluginData1\":{\"type\":\"Buffer\",\"data\":[71,62,61,90,46,113,114,103]},\"authPluginData2\":{\"type\":\"Buffer\",\"data\":[48,85,60,106,38,121,84,117,113,88,68,45]},\"characterSet\":8,\"statusFlags\":2},\"_fatalError\":null,\"_protocolError\":null,\"_outOfOrderPackets\":[],\"clientEncoding\":\"utf8\",\"packetParser\":{\"buffer\":[],\"bufferLength\":0,\"packetHeaderLength\":4,\"headerLen\":0,\"length\":7,\"largePacketParts\":[],\"firstPacketSequenceId\":0},\"serverEncoding\":\"latin1\",\"connectTimeout\":null,\"connectionId\":524,\"uuid\":\"58a1ce01-17fe-4dd6-b1f4-2d94ccac3624\"}},\"fields\":[\"id\",\"interviewId\",\"email\",\"status\",\"link\",\"pin\",\"paymentstatus\",\"createdAt\",\"updatedAt\"],\"auth\":5}', '[4]', 5, '2019-02-13 10:34:11', '2019-02-13 10:34:11'),
(36, 'interview_users', 'update', '{\"where\":{\"pin\":44871,\"email\":\"muralytechnos1226@gmail.com\"},\"validate\":true,\"hooks\":true,\"individualHooks\":false,\"returning\":false,\"force\":false,\"sideEffects\":true,\"type\":\"BULKUPDATE\",\"fields\":[\"status\",\"updatedAt\"],\"attributes\":{\"status\":\"Verified\",\"updatedAt\":\"2019-02-13T10:36:43.253Z\"},\"auth\":7}', '{\"pin\":44871,\"email\":\"muralytechnos1226@gmail.com\"}', 7, '2019-02-13 10:36:43', '2019-02-13 10:36:43'),
(37, 'interview_users', 'update', '{\"where\":{\"pin\":44871,\"email\":\"muralytechnos1226@gmail.com\"},\"validate\":true,\"hooks\":true,\"individualHooks\":false,\"returning\":false,\"force\":false,\"sideEffects\":true,\"type\":\"BULKUPDATE\",\"fields\":[\"status\",\"updatedAt\"],\"attributes\":{\"status\":\"Submitted\",\"updatedAt\":\"2019-02-13T10:36:58.906Z\"},\"auth\":7}', '{\"pin\":44871,\"email\":\"muralytechnos1226@gmail.com\"}', 7, '2019-02-13 10:36:58', '2019-02-13 10:36:58'),
(38, 'interview_user_questions', 'update', '{\"where\":{\"id\":13},\"validate\":true,\"hooks\":true,\"individualHooks\":false,\"returning\":false,\"force\":false,\"sideEffects\":true,\"type\":\"BULKUPDATE\",\"fields\":[\"uid\",\"answerText\",\"answerLink\",\"status\",\"timeTaken\",\"updatedAt\"],\"attributes\":{\"uid\":\"v-282f0ead-b877-49e8-8086-8e1f38f76d6a\",\"answerText\":\"interview with example interview with example image\",\"answerLink\":\"//www.cameratag.com/assets/v-282f0ead-b877-49e8-8086-8e1f38f76d6a/mp4.mp4\",\"status\":1,\"timeTaken\":\" (19)\",\"updatedAt\":\"2019-02-13T10:41:16.222Z\"},\"auth\":7}', '{\"id\":13}', 7, '2019-02-13 10:41:16', '2019-02-13 10:41:16'),
(39, 'interview_user_questions', 'update', '{\"where\":{\"id\":14},\"validate\":true,\"hooks\":true,\"individualHooks\":false,\"returning\":false,\"force\":false,\"sideEffects\":true,\"type\":\"BULKUPDATE\",\"fields\":[\"uid\",\"answerText\",\"answerLink\",\"status\",\"timeTaken\",\"updatedAt\"],\"attributes\":{\"uid\":\"v-3fafef6c-a8b7-47fc-a816-5f37fb76867c\",\"answerText\":\"\",\"answerLink\":\"//www.cameratag.com/assets/v-3fafef6c-a8b7-47fc-a816-5f37fb76867c/mp4.mp4\",\"status\":1,\"timeTaken\":\" (0)\",\"updatedAt\":\"2019-02-13T10:42:13.908Z\"},\"auth\":7}', '{\"id\":14}', 7, '2019-02-13 10:42:13', '2019-02-13 10:42:13'),
(40, 'interview_user_questions', 'update', '{\"where\":{\"id\":15},\"validate\":true,\"hooks\":true,\"individualHooks\":false,\"returning\":false,\"force\":false,\"sideEffects\":true,\"type\":\"BULKUPDATE\",\"fields\":[\"uid\",\"answerText\",\"answerLink\",\"status\",\"timeTaken\",\"updatedAt\"],\"attributes\":{\"uid\":\"v-22e3e1a0-dc22-42cf-bc0f-9da53331cffe\",\"answerText\":\"\",\"answerLink\":\"//www.cameratag.com/assets/v-22e3e1a0-dc22-42cf-bc0f-9da53331cffe/mp4.mp4\",\"status\":1,\"timeTaken\":\" (35)\",\"updatedAt\":\"2019-02-13T10:42:56.402Z\"},\"auth\":7}', '{\"id\":15}', 7, '2019-02-13 10:42:56', '2019-02-13 10:42:56'),
(41, 'interview_user_questions', 'update', '{\"where\":{\"id\":16},\"validate\":true,\"hooks\":true,\"individualHooks\":false,\"returning\":false,\"force\":false,\"sideEffects\":true,\"type\":\"BULKUPDATE\",\"fields\":[\"uid\",\"answerText\",\"answerLink\",\"status\",\"timeTaken\",\"updatedAt\"],\"attributes\":{\"uid\":\"v-f7203521-842c-44b4-8de4-618294f59d1e\",\"answerText\":\"\",\"answerLink\":\"//www.cameratag.com/assets/v-f7203521-842c-44b4-8de4-618294f59d1e/mp4.mp4\",\"status\":1,\"timeTaken\":\" (9)\",\"updatedAt\":\"2019-02-13T10:43:48.658Z\"},\"auth\":7}', '{\"id\":16}', 7, '2019-02-13 10:43:48', '2019-02-13 10:43:48'),
(42, 'interview_users', 'update', '{\"where\":{\"pin\":44871,\"email\":\"muralytechnos1226@gmail.com\"},\"validate\":true,\"hooks\":true,\"individualHooks\":false,\"returning\":false,\"force\":false,\"sideEffects\":true,\"type\":\"BULKUPDATE\",\"fields\":[\"status\",\"updatedAt\"],\"attributes\":{\"status\":\"Completed\",\"updatedAt\":\"2019-02-13T10:43:48.750Z\"},\"auth\":7}', '{\"pin\":44871,\"email\":\"muralytechnos1226@gmail.com\"}', 7, '2019-02-13 10:43:48', '2019-02-13 10:43:48'),
(43, 'interview_experts', 'insert', '{\"id\":2,\"interviewUserId\":4,\"expertId\":3,\"status\":\"open\",\"updatedAt\":\"2019-02-13T12:13:32.450Z\",\"createdAt\":\"2019-02-13T12:13:32.450Z\"}', '2', 1, '2019-02-13 12:13:32', '2019-02-13 12:13:32'),
(44, 'interview_users', 'update', '{\"where\":{\"id\":4},\"validate\":true,\"hooks\":true,\"individualHooks\":false,\"returning\":false,\"force\":false,\"sideEffects\":true,\"type\":\"BULKUPDATE\",\"fields\":[\"status\",\"updatedAt\"],\"attributes\":{\"status\":\"expertreview\",\"updatedAt\":\"2019-02-13T12:13:32.466Z\"},\"auth\":1}', '{\"id\":4}', 1, '2019-02-13 12:13:32', '2019-02-13 12:13:32'),
(45, 'users', 'insert', '{\"id\":8,\"fname\":\"Santhosh\",\"mname\":\"Kumar\",\"lname\":\"V\",\"email\":\"santosh@test.com\",\"password\":\"880f14f2c6e2161a18e153da99a608d3\",\"phone\":\"8987648889\",\"gender\":\"male\",\"status\":\"active\",\"roleId\":4,\"organizationId\":1,\"updatedAt\":\"2019-02-14T06:47:15.288Z\",\"createdAt\":\"2019-02-14T06:47:15.288Z\"}', '8', 1, '2019-02-14 06:47:15', '2019-02-14 06:47:15'),
(46, 'user_profile_subdomains', 'insert', '{\"validate\":false,\"hooks\":true,\"individualHooks\":false,\"ignoreDuplicates\":false,\"transaction\":{\"sequelize\":{\"options\":{\"dialect\":\"mysql\",\"dialectModulePath\":null,\"host\":\"127.0.0.1\",\"protocol\":\"tcp\",\"define\":{},\"query\":{},\"sync\":{},\"timezone\":\"+00:00\",\"omitNull\":false,\"native\":false,\"replication\":false,\"pool\":{},\"quoteIdentifiers\":true,\"hooks\":{\"afterCreate\":[null],\"afterUpdate\":[null],\"afterBulkUpdate\":[null],\"afterBulkCreate\":[null]},\"retry\":{\"max\":5,\"match\":[\"SQLITE_BUSY: database is locked\"]},\"transactionType\":\"DEFERRED\",\"isolationLevel\":null,\"databaseVersion\":\"10.1.37-MariaDB\",\"typeValidation\":false,\"benchmark\":false,\"operatorsAliases\":false,\"username\":\"root\",\"password\":null,\"database\":\"interview_buddy\"},\"config\":{\"database\":\"interview_buddy\",\"username\":\"root\",\"password\":null,\"host\":\"127.0.0.1\",\"port\":3306,\"pool\":\"~transaction~sequelize~options~pool\",\"protocol\":\"tcp\",\"native\":false,\"replication\":false,\"dialectModulePath\":null},\"dialect\":{\"sequelize\":\"~transaction~sequelize\",\"connectionManager\":{\"sequelize\":\"~transaction~sequelize\",\"config\":{\"database\":\"interview_buddy\",\"username\":\"root\",\"password\":null,\"host\":\"127.0.0.1\",\"pool\":{\"max\":5,\"min\":0,\"idle\":10000,\"acquire\":10000,\"evict\":10000,\"handleDisconnects\":true},\"protocol\":\"tcp\",\"native\":false,\"replication\":false,\"dialectModulePath\":null},\"dialect\":\"~transaction~sequelize~dialect\",\"versionPromise\":null,\"dialectName\":\"mysql\",\"pool\":{\"_events\":{},\"_eventsCount\":0,\"_config\":{\"fifo\":true,\"priorityRange\":1,\"testOnBorrow\":true,\"testOnReturn\":false,\"autostart\":false,\"acquireTimeoutMillis\":10000,\"max\":5,\"min\":0,\"evictionRunIntervalMillis\":10000,\"numTestsPerEvictionRun\":3,\"softIdleTimeoutMillis\":-1,\"idleTimeoutMillis\":10000},\"_factory\":{},\"_draining\":false,\"_started\":true,\"_waitingClientsQueue\":{\"_size\":1,\"_slots\":[{\"_list\":{\"head\":{\"prev\":null,\"next\":null,\"data\":{\"_state\":\"PENDING\",\"_promise\":{\"isFulfilled\":false,\"isRejected\":false},\"_creationTimestamp\":1550126835293,\"_timeout\":{\"_idleTimeout\":10000,\"_idlePrev\":{\"_idleNext\":\"~transaction~sequelize~dialect~connectionManager~pool~_waitingClientsQueue~_slots~0~_list~head~data~_timeout\",\"_idlePrev\":{\"_idleTimeout\":10000,\"_idlePrev\":\"~transaction~sequelize~dialect~connectionManager~pool~_waitingClientsQueue~_slots~0~_list~head~data~_timeout\",\"_idleNext\":\"~transaction~sequelize~dialect~connectionManager~pool~_waitingClientsQueue~_slots~0~_list~head~data~_timeout~_idlePrev\",\"_idleStart\":3822969,\"_repeat\":null,\"_destroyed\":false},\"expiry\":3832969,\"id\":-9007199254740099,\"msecs\":10000,\"priorityQueuePosition\":3},\"_idleNext\":\"~transaction~sequelize~dialect~connectionManager~pool~_waitingClientsQueue~_slots~0~_list~head~data~_timeout~_idlePrev~_idlePrev\",\"_idleStart\":3827118,\"_repeat\":null,\"_destroyed\":false}}},\"tail\":\"~transaction~sequelize~dialect~connectionManager~pool~_waitingClientsQueue~_slots~0~_list~head\",\"length\":1}}]},\"_factoryCreateOperations\":{},\"_factoryDestroyOperations\":{},\"_availableObjects\":{\"_list\":{\"head\":null,\"tail\":null,\"length\":0}},\"_testOnBorrowResources\":{},\"_testOnReturnResources\":{},\"_validationOperations\":{},\"_allObjects\":{},\"_resourceLoans\":{},\"_evictionIterator\":{\"_list\":\"~transaction~sequelize~dialect~connectionManager~pool~_availableObjects~_list\",\"_direction\":\"next\",\"_startPosition\":\"head\",\"_started\":true,\"_cursor\":{\"prev\":null,\"next\":null,\"data\":{\"creationTime\":1550126780016,\"lastReturnTime\":1550126815117,\"lastBorrowTime\":1550126815116,\"lastIdleTime\":1550126815117,\"obj\":{\"_events\":{},\"_eventsCount\":1,\"config\":{\"host\":\"127.0.0.1\",\"port\":3306,\"user\":\"root\",\"database\":\"interview_buddy\",\"connectTimeout\":10000,\"insecureAuth\":false,\"supportBigNumbers\":true,\"bigNumberStrings\":false,\"decimalNumbers\":false,\"dateStrings\":false,\"trace\":true,\"stringifyObjects\":false,\"timezone\":\"+00:00\",\"ssl\":false,\"multipleStatements\":false,\"rowsAsArray\":false,\"namedPlaceholders\":false,\"maxPacketSize\":0,\"charsetNumber\":224,\"compress\":false,\"clientFlags\":8582093,\"maxPreparedStatements\":16000},\"stream\":{\"connecting\":false,\"_hadError\":false,\"_handle\":null,\"_parent\":null,\"_host\":null,\"_readableState\":{\"objectMode\":false,\"highWaterMark\":16384,\"buffer\":{\"head\":null,\"tail\":null,\"length\":0},\"length\":0,\"pipes\":null,\"pipesCount\":0,\"flowing\":true,\"ended\":true,\"endEmitted\":true,\"reading\":false,\"sync\":false,\"needReadable\":false,\"emittedReadable\":false,\"readableListening\":false,\"resumeScheduled\":false,\"paused\":false,\"emitClose\":false,\"autoDestroy\":false,\"destroyed\":true,\"defaultEncoding\":\"utf8\",\"awaitDrain\":0,\"readingMore\":false,\"decoder\":null,\"encoding\":null},\"readable\":false,\"_events\":{},\"_eventsCount\":5,\"_writableState\":{\"objectMode\":false,\"highWaterMark\":16384,\"finalCalled\":true,\"needDrain\":false,\"ending\":true,\"ended\":true,\"finished\":false,\"destroyed\":true,\"decodeStrings\":false,\"defaultEncoding\":\"utf8\",\"length\":0,\"writing\":false,\"corked\":0,\"sync\":false,\"bufferProcessing\":false,\"writecb\":null,\"writelen\":0,\"bufferedRequest\":null,\"lastBufferedRequest\":null,\"pendingcb\":1,\"prefinished\":false,\"errorEmitted\":false,\"emitClose\":false,\"autoDestroy\":false,\"bufferedRequestCount\":0,\"corkedRequestsFree\":{\"next\":null,\"entry\":null}},\"writable\":false,\"allowHalfOpen\":false,\"_sockname\":null,\"_pendingData\":null,\"_pendingEncoding\":\"\",\"server\":null,\"_server\":null},\"_internalId\":168,\"_commands\":{\"_head\":0,\"_tail\":0,\"_capacityMask\":3,\"_list\":[null,null,null,null]},\"_paused\":false,\"_paused_packets\":{\"_head\":0,\"_tail\":0,\"_capacityMask\":3,\"_list\":[null,null,null,null]},\"_statements\":{},\"serverCapabilityFlags\":2688546815,\"authorized\":true,\"sequenceId\":1,\"compressedSequenceId\":0,\"threadId\":476,\"_handshakePacket\":{\"protocolVersion\":10,\"serverVersion\":\"5.5.5-10.1.37-MariaDB\",\"capabilityFlags\":2688546815,\"connectionId\":476,\"authPluginData1\":{\"type\":\"Buffer\",\"data\":[97,98,75,50,83,46,44,49]},\"authPluginData2\":{\"type\":\"Buffer\",\"data\":[81,38,104,89,101,110,122,59,85,121,37,69]},\"characterSet\":8,\"statusFlags\":2},\"_fatalError\":null,\"_protocolError\":null,\"_outOfOrderPackets\":[],\"clientEncoding\":\"utf8\",\"packetParser\":{\"buffer\":[],\"bufferLength\":0,\"packetHeaderLength\":4,\"headerLen\":0,\"length\":5,\"largePacketParts\":[],\"firstPacketSequenceId\":0},\"serverEncoding\":\"latin1\",\"connectTimeout\":null,\"connectionId\":476,\"_closing\":true},\"state\":\"INVALID\"}},\"_done\":false},\"_evictor\":{},\"_scheduledEviction\":\"~transaction~sequelize~dialect~connectionManager~pool~_waitingClientsQueue~_slots~0~_list~head~data~_timeout~_idlePrev~_idlePrev\"},\"lib\":{\"Types\":{\"DECIMAL\":0,\"TINY\":1,\"SHORT\":2,\"LONG\":3,\"FLOAT\":4,\"DOUBLE\":5,\"NULL\":6,\"TIMESTAMP\":7,\"LONGLONG\":8,\"INT24\":9,\"DATE\":10,\"TIME\":11,\"DATETIME\":12,\"YEAR\":13,\"NEWDATE\":14,\"VARCHAR\":15,\"BIT\":16,\"JSON\":245,\"NEWDECIMAL\":246,\"ENUM\":247,\"SET\":248,\"TINY_BLOB\":249,\"MEDIUM_BLOB\":250,\"LONG_BLOB\":251,\"BLOB\":252,\"VAR_STRING\":253,\"STRING\":254,\"GEOMETRY\":255},\"Charsets\":{\"BIG5_CHINESE_CI\":1,\"LATIN2_CZECH_CS\":2,\"DEC8_SWEDISH_CI\":3,\"CP850_GENERAL_CI\":4,\"LATIN1_GERMAN1_CI\":5,\"HP8_ENGLISH_CI\":6,\"KOI8R_GENERAL_CI\":7,\"LATIN1_SWEDISH_CI\":8,\"LATIN2_GENERAL_CI\":9,\"SWE7_SWEDISH_CI\":10,\"ASCII_GENERAL_CI\":11,\"UJIS_JAPANESE_CI\":12,\"SJIS_JAPANESE_CI\":13,\"CP1251_BULGARIAN_CI\":14,\"LATIN1_DANISH_CI\":15,\"HEBREW_GENERAL_CI\":16,\"TIS620_THAI_CI\":18,\"EUCKR_KOREAN_CI\":19,\"LATIN7_ESTONIAN_CS\":20,\"LATIN2_HUNGARIAN_CI\":21,\"KOI8U_GENERAL_CI\":22,\"CP1251_UKRAINIAN_CI\":23,\"GB2312_CHINESE_CI\":24,\"GREEK_GENERAL_CI\":25,\"CP1250_GENERAL_CI\":26,\"LATIN2_CROATIAN_CI\":27,\"GBK_CHINESE_CI\":28,\"CP1257_LITHUANIAN_CI\":29,\"LATIN5_TURKISH_CI\":30,\"LATIN1_GERMAN2_CI\":31,\"ARMSCII8_GENERAL_CI\":32,\"UTF8_GENERAL_CI\":33,\"CP1250_CZECH_CS\":34,\"UCS2_GENERAL_CI\":35,\"CP866_GENERAL_CI\":36,\"KEYBCS2_GENERAL_CI\":37,\"MACCE_GENERAL_CI\":38,\"MACROMAN_GENERAL_CI\":39,\"CP852_GENERAL_CI\":40,\"LATIN7_GENERAL_CI\":41,\"LATIN7_GENERAL_CS\":42,\"MACCE_BIN\":43,\"CP1250_CROATIAN_CI\":44,\"UTF8MB4_GENERAL_CI\":45,\"UTF8MB4_BIN\":46,\"LATIN1_BIN\":47,\"LATIN1_GENERAL_CI\":48,\"LATIN1_GENERAL_CS\":49,\"CP1251_BIN\":50,\"CP1251_GENERAL_CI\":51,\"CP1251_GENERAL_CS\":52,\"MACROMAN_BIN\":53,\"UTF16_GENERAL_CI\":54,\"UTF16_BIN\":55,\"UTF16LE_GENERAL_CI\":56,\"CP1256_GENERAL_CI\":57,\"CP1257_BIN\":58,\"CP1257_GENERAL_CI\":59,\"UTF32_GENERAL_CI\":60,\"UTF32_BIN\":61,\"UTF16LE_BIN\":62,\"BINARY\":63,\"ARMSCII8_BIN\":64,\"ASCII_BIN\":65,\"CP1250_BIN\":66,\"CP1256_BIN\":67,\"CP866_BIN\":68,\"DEC8_BIN\":69,\"GREEK_BIN\":70,\"HEBREW_BIN\":71,\"HP8_BIN\":72,\"KEYBCS2_BIN\":73,\"KOI8R_BIN\":74,\"KOI8U_BIN\":75,\"UTF8_TOLOWER_CI\":76,\"LATIN2_BIN\":77,\"LATIN5_BIN\":78,\"LATIN7_BIN\":79,\"CP850_BIN\":80,\"CP852_BIN\":81,\"SWE7_BIN\":82,\"UTF8_BIN\":83,\"BIG5_BIN\":84,\"EUCKR_BIN\":85,\"GB2312_BIN\":86,\"GBK_BIN\":87,\"SJIS_BIN\":88,\"TIS620_BIN\":89,\"UCS2_BIN\":90,\"UJIS_BIN\":91,\"GEOSTD8_GENERAL_CI\":92,\"GEOSTD8_BIN\":93,\"LATIN1_SPANISH_CI\":94,\"CP932_JAPANESE_CI\":95,\"CP932_BIN\":96,\"EUCJPMS_JAPANESE_CI\":97,\"EUCJPMS_BIN\":98,\"CP1250_POLISH_CI\":99,\"UTF16_UNICODE_CI\":101,\"UTF16_ICELANDIC_CI\":102,\"UTF16_LATVIAN_CI\":103,\"UTF16_ROMANIAN_CI\":104,\"UTF16_SLOVENIAN_CI\":105,\"UTF16_POLISH_CI\":106,\"UTF16_ESTONIAN_CI\":107,\"UTF16_SPANISH_CI\":108,\"UTF16_SWEDISH_CI\":109,\"UTF16_TURKISH_CI\":110,\"UTF16_CZECH_CI\":111,\"UTF16_DANISH_CI\":112,\"UTF16_LITHUANIAN_CI\":113,\"UTF16_SLOVAK_CI\":114,\"UTF16_SPANISH2_CI\":115,\"UTF16_ROMAN_CI\":116,\"UTF16_PERSIAN_CI\":117,\"UTF16_ESPERANTO_CI\":118,\"UTF16_HUNGARIAN_CI\":119,\"UTF16_SINHALA_CI\":120,\"UTF16_GERMAN2_CI\":121,\"UTF16_CROATIAN_CI\":122,\"UTF16_UNICODE_520_CI\":123,\"UTF16_VIETNAMESE_CI\":124,\"UCS2_UNICODE_CI\":128,\"UCS2_ICELANDIC_CI\":129,\"UCS2_LATVIAN_CI\":130,\"UCS2_ROMANIAN_CI\":131,\"UCS2_SLOVENIAN_CI\":132,\"UCS2_POLISH_CI\":133,\"UCS2_ESTONIAN_CI\":134,\"UCS2_SPANISH_CI\":135,\"UCS2_SWEDISH_CI\":136,\"UCS2_TURKISH_CI\":137,\"UCS2_CZECH_CI\":138,\"UCS2_DANISH_CI\":139,\"UCS2_LITHUANIAN_CI\":140,\"UCS2_SLOVAK_CI\":141,\"UCS2_SPANISH2_CI\":142,\"UCS2_ROMAN_CI\":143,\"UCS2_PERSIAN_CI\":144,\"UCS2_ESPERANTO_CI\":145,\"UCS2_HUNGARIAN_CI\":146,\"UCS2_SINHALA_CI\":147,\"UCS2_GERMAN2_CI\":148,\"UCS2_CROATIAN_CI\":149,\"UCS2_UNICODE_520_CI\":150,\"UCS2_VIETNAMESE_CI\":151,\"UCS2_GENERAL_MYSQL500_CI\":159,\"UTF32_UNICODE_CI\":160,\"UTF32_ICELANDIC_CI\":161,\"UTF32_LATVIAN_CI\":162,\"UTF32_ROMANIAN_CI\":163,\"UTF32_SLOVENIAN_CI\":164,\"UTF32_POLISH_CI\":165,\"UTF32_ESTONIAN_CI\":166,\"UTF32_SPANISH_CI\":167,\"UTF32_SWEDISH_CI\":168,\"UTF32_TURKISH_CI\":169,\"UTF32_CZECH_CI\":170,\"UTF32_DANISH_CI\":171,\"UTF32_LITHUANIAN_CI\":172,\"UTF32_SLOVAK_CI\":173,\"UTF32_SPANISH2_CI\":174,\"UTF32_ROMAN_CI\":175,\"UTF32_PERSIAN_CI\":176,\"UTF32_ESPERANTO_CI\":177,\"UTF32_HUNGARIAN_CI\":178,\"UTF32_SINHALA_CI\":179,\"UTF32_GERMAN2_CI\":180,\"UTF32_CROATIAN_CI\":181,\"UTF32_UNICODE_520_CI\":182,\"UTF32_VIETNAMESE_CI\":183,\"UTF8_UNICODE_CI\":192,\"UTF8_ICELANDIC_CI\":193,\"UTF8_LATVIAN_CI\":194,\"UTF8_ROMANIAN_CI\":195,\"UTF8_SLOVENIAN_CI\":196,\"UTF8_POLISH_CI\":197,\"UTF8_ESTONIAN_CI\":198,\"UTF8_SPANISH_CI\":199,\"UTF8_SWEDISH_CI\":200,\"UTF8_TURKISH_CI\":201,\"UTF8_CZECH_CI\":202,\"UTF8_DANISH_CI\":203,\"UTF8_LITHUANIAN_CI\":204,\"UTF8_SLOVAK_CI\":205,\"UTF8_SPANISH2_CI\":206,\"UTF8_ROMAN_CI\":207,\"UTF8_PERSIAN_CI\":208,\"UTF8_ESPERANTO_CI\":209,\"UTF8_HUNGARIAN_CI\":210,\"UTF8_SINHALA_CI\":211,\"UTF8_GERMAN2_CI\":212,\"UTF8_CROATIAN_CI\":213,\"UTF8_UNICODE_520_CI\":214,\"UTF8_VIETNAMESE_CI\":215,\"UTF8_GENERAL_MYSQL500_CI\":223,\"UTF8MB4_UNICODE_CI\":224,\"UTF8MB4_ICELANDIC_CI\":225,\"UTF8MB4_LATVIAN_CI\":226,\"UTF8MB4_ROMANIAN_CI\":227,\"UTF8MB4_SLOVENIAN_CI\":228,\"UTF8MB4_POLISH_CI\":229,\"UTF8MB4_ESTONIAN_CI\":230,\"UTF8MB4_SPANISH_CI\":231,\"UTF8MB4_SWEDISH_CI\":232,\"UTF8MB4_TURKISH_CI\":233,\"UTF8MB4_CZECH_CI\":234,\"UTF8MB4_DANISH_CI\":235,\"UTF8MB4_LITHUANIAN_CI\":236,\"UTF8MB4_SLOVAK_CI\":237,\"UTF8MB4_SPANISH2_CI\":238,\"UTF8MB4_ROMAN_CI\":239,\"UTF8MB4_PERSIAN_CI\":240,\"UTF8MB4_ESPERANTO_CI\":241,\"UTF8MB4_HUNGARIAN_CI\":242,\"UTF8MB4_SINHALA_CI\":243,\"UTF8MB4_GERMAN2_CI\":244,\"UTF8MB4_CROATIAN_CI\":245,\"UTF8MB4_UNICODE_520_CI\":246,\"UTF8MB4_VIETNAMESE_CI\":247,\"GB18030_CHINESE_CI\":248,\"GB18030_BIN\":249,\"GB18030_UNICODE_520_CI\":250,\"UTF8_GENERAL50_CI\":253,\"UTF8MB4_0900_AI_CI\":255,\"UTF8MB4_CS_0900_AI_CI\":266,\"UTF8MB4_DA_0900_AI_CI\":267,\"UTF8MB4_DE_PB_0900_AI_CI\":256,\"UTF8MB4_EO_0900_AI_CI\":273,\"UTF8MB4_ES_0900_AI_CI\":263,\"UTF8MB4_ES_TRAD_0900_AI_CI\":270,\"UTF8MB4_ET_0900_AI_CI\":262,\"UTF8MB4_HR_0900_AI_CI\":275,\"UTF8MB4_HU_0900_AI_CI\":274,\"UTF8MB4_IS_0900_AI_CI\":257,\"UTF8MB4_LA_0900_AI_CI\":271,\"UTF8MB4_LT_0900_AI_CI\":268,\"UTF8MB4_LV_0900_AI_CI\":258,\"UTF8MB4_PL_0900_AI_CI\":261,\"UTF8MB4_RO_0900_AI_CI\":259,\"UTF8MB4_SK_0900_AI_CI\":269,\"UTF8MB4_SL_0900_AI_CI\":260,\"UTF8MB4_SV_0900_AI_CI\":264,\"UTF8MB4_TR_0900_AI_CI\":265,\"UTF8MB4_VI_0900_AI_CI\":277,\"BIG5\":1,\"DEC8\":3,\"CP850\":4,\"HP8\":6,\"KOI8R\":7,\"LATIN1\":8,\"LATIN2\":9,\"SWE7\":10,\"ASCII\":11,\"UJIS\":12,\"SJIS\":13,\"HEBREW\":16,\"TIS620\":18,\"EUCKR\":19,\"KOI8U\":22,\"GB2312\":24,\"GREEK\":25,\"CP1250\":26,\"GBK\":28,\"LATIN5\":30,\"ARMSCII8\":32,\"UTF8\":33,\"UCS2\":35,\"CP866\":36,\"KEYBCS2\":37,\"MACCE\":38,\"MACROMAN\":39,\"CP852\":40,\"LATIN7\":41,\"UTF8MB4\":45,\"CP1251\":51,\"UTF16\":54,\"UTF16LE\":56,\"CP1256\":57,\"CP1257\":59,\"UTF32\":60,\"CP932\":95,\"EUCJPMS\":97,\"GB18030\":248,\"GEOSTD8\":92},\"CharsetToEncoding\":[\"utf8\",\"big5\",\"latin2\",\"dec8\",\"cp850\",\"latin1\",\"hp8\",\"koi8r\",\"latin1\",\"latin2\",\"swe7\",\"ascii\",\"eucjp\",\"sjis\",\"cp1251\",\"latin1\",\"hebrew\",\"utf8\",\"tis620\",\"euckr\",\"latin7\",\"latin2\",\"koi8u\",\"cp1251\",\"gb2312\",\"greek\",\"cp1250\",\"latin2\",\"gbk\",\"cp1257\",\"latin5\",\"latin1\",\"armscii8\",\"cesu8\",\"cp1250\",\"ucs2\",\"cp866\",\"keybcs2\",\"macintosh\",\"macroman\",\"cp852\",\"latin7\",\"latin7\",\"macintosh\",\"cp1250\",\"utf8\",\"utf8\",\"latin1\",\"latin1\",\"latin1\",\"cp1251\",\"cp1251\",\"cp1251\",\"macroman\",\"utf16\",\"utf16\",\"utf16-le\",\"cp1256\",\"cp1257\",\"cp1257\",\"utf32\",\"utf32\",\"utf16-le\",\"binary\",\"armscii8\",\"ascii\",\"cp1250\",\"cp1256\",\"cp866\",\"dec8\",\"greek\",\"hebrew\",\"hp8\",\"keybcs2\",\"koi8r\",\"koi8u\",\"cesu8\",\"latin2\",\"latin5\",\"latin7\",\"cp850\",\"cp852\",\"swe7\",\"cesu8\",\"big5\",\"euckr\",\"gb2312\",\"gbk\",\"sjis\",\"tis620\",\"ucs2\",\"eucjp\",\"geostd8\",\"geostd8\",\"latin1\",\"cp932\",\"cp932\",\"eucjpms\",\"eucjpms\",\"cp1250\",\"utf8\",\"utf16\",\"utf16\",\"utf16\",\"utf16\",\"utf16\",\"utf16\",\"utf16\",\"utf16\",\"utf16\",\"utf16\",\"utf16\",\"utf16\",\"utf16\",\"utf16\",\"utf16\",\"utf16\",\"utf16\",\"utf16\",\"utf16\",\"utf16\",\"utf16\",\"utf16\",\"utf16\",\"utf16\",\"utf8\",\"utf8\",\"utf8\",\"ucs2\",\"ucs2\",\"ucs2\",\"ucs2\",\"ucs2\",\"ucs2\",\"ucs2\",\"ucs2\",\"ucs2\",\"ucs2\",\"ucs2\",\"ucs2\",\"ucs2\",\"ucs2\",\"ucs2\",\"ucs2\",\"ucs2\",\"ucs2\",\"ucs2\",\"ucs2\",\"ucs2\",\"ucs2\",\"ucs2\",\"ucs2\",\"utf8\",\"utf8\",\"utf8\",\"utf8\",\"utf8\",\"utf8\",\"utf8\",\"ucs2\",\"utf32\",\"utf32\",\"utf32\",\"utf32\",\"utf32\",\"utf32\",\"utf32\",\"utf32\",\"utf32\",\"utf32\",\"utf32\",\"utf32\",\"utf32\",\"utf32\",\"utf32\",\"utf32\",\"utf32\",\"utf32\",\"utf32\",\"utf32\",\"utf32\",\"utf32\",\"utf32\",\"utf32\",\"utf8\",\"utf8\",\"utf8\",\"utf8\",\"utf8\",\"utf8\",\"utf8\",\"utf8\",\"cesu8\",\"cesu8\",\"cesu8\",\"cesu8\",\"cesu8\",\"cesu8\",\"cesu8\",\"cesu8\",\"cesu8\",\"cesu8\",\"cesu8\",\"cesu8\",\"cesu8\",\"cesu8\",\"cesu8\",\"cesu8\",\"cesu8\",\"cesu8\",\"cesu8\",\"cesu8\",\"cesu8\",\"cesu8\",\"cesu8\",\"cesu8\",\"utf8\",\"utf8\",\"utf8\",\"utf8\",\"utf8\",\"utf8\",\"utf8\",\"cesu8\",\"utf8\",\"utf8\",\"utf8\",\"utf8\",\"utf8\",\"utf8\",\"utf8\",\"utf8\",\"utf8\",\"utf8\",\"utf8\",\"utf8\",\"utf8\",\"utf8\",\"utf8\",\"utf8\",\"utf8\",\"utf8\",\"utf8\",\"utf8\",\"utf8\",\"utf8\",\"utf8\",\"utf8\",\"gb18030\",\"gb18030\",\"gb18030\",\"utf8\",\"utf8\",\"utf8\",\"utf8\",\"utf8\",\"utf8\",\"utf8\",\"utf8\",\"utf8\",\"utf8\",\"utf8\",\"utf8\",\"utf8\",\"utf8\",\"utf8\",\"utf8\",\"utf8\",\"utf8\",\"utf8\",\"utf8\",\"utf8\",\"utf8\",\"utf8\",\"utf8\",\"utf8\",\"utf8\",\"utf8\",\"utf8\",\"utf8\",\"utf8\",\"utf8\",\"utf8\",\"utf8\",\"utf8\",\"utf8\",\"utf8\",\"utf8\",\"utf8\",\"utf8\",\"utf8\",\"utf8\",\"utf8\",\"utf8\",\"utf8\",\"utf8\",\"utf8\",\"utf8\",\"utf8\",\"utf8\",\"utf8\",\"utf8\",\"utf8\",\"utf8\",\"utf8\",\"utf8\"]}},\"QueryGenerator\":{\"dialect\":\"mysql\",\"OperatorMap\":{},\"_templateSettings\":{\"escape\":{},\"evaluate\":{},\"interpolate\":{},\"variable\":\"\",\"imports\":{}},\"options\":\"~transaction~sequelize~options\",\"OperatorsAliasMap\":false,\"_dialect\":\"~transaction~sequelize~dialect\",\"sequelize\":\"~transaction~sequelize\"}},\"queryInterface\":{\"sequelize\":\"~transaction~sequelize\",\"QueryGenerator\":\"~transaction~sequelize~dialect~QueryGenerator\"},\"models\":{},\"modelManager\":{\"models\":[null,null,null,null,null,null,null,null,null,null,null,null,null,null,null,null,null,null,null,null,null,null,null,null,null,null,null,null,null,null,null,null,null,null,null,null,null],\"sequelize\":\"~transaction~sequelize\"},\"connectionManager\":\"~transaction~sequelize~dialect~connectionManager\",\"importCache\":{},\"test\":{\"_trackRunningQueries\":false,\"_runningQueries\":0}},\"savepoints\":[],\"_afterCommitHooks\":[],\"options\":{\"autocommit\":null,\"type\":\"DEFERRED\",\"isolationLevel\":null,\"readOnly\":false},\"id\":\"79db7f34-5d69-48fd-b845-e6c0e61f7cc6\",\"connection\":{\"_events\":{},\"_eventsCount\":1,\"config\":{\"host\":\"127.0.0.1\",\"port\":3306,\"user\":\"root\",\"database\":\"interview_buddy\",\"connectTimeout\":10000,\"insecureAuth\":false,\"supportBigNumbers\":true,\"bigNumberStrings\":false,\"decimalNumbers\":false,\"dateStrings\":false,\"trace\":true,\"stringifyObjects\":false,\"timezone\":\"+00:00\",\"ssl\":false,\"multipleStatements\":false,\"rowsAsArray\":false,\"namedPlaceholders\":false,\"maxPacketSize\":0,\"charsetNumber\":224,\"compress\":false,\"clientFlags\":8582093,\"maxPreparedStatements\":16000},\"stream\":{\"connecting\":false,\"_hadError\":false,\"_handle\":{\"reading\":true,\"onconnection\":null},\"_parent\":null,\"_host\":null,\"_readableState\":{\"objectMode\":false,\"highWaterMark\":16384,\"buffer\":{\"head\":null,\"tail\":null,\"length\":0},\"length\":0,\"pipes\":null,\"pipesCount\":0,\"flowing\":true,\"ended\":false,\"endEmitted\":false,\"reading\":true,\"sync\":false,\"needReadable\":true,\"emittedReadable\":false,\"readableListening\":false,\"resumeScheduled\":false,\"paused\":false,\"emitClose\":false,\"autoDestroy\":false,\"destroyed\":false,\"defaultEncoding\":\"utf8\",\"awaitDrain\":0,\"readingMore\":false,\"decoder\":null,\"encoding\":null},\"readable\":true,\"_events\":{},\"_eventsCount\":4,\"_writableState\":{\"objectMode\":false,\"highWaterMark\":16384,\"finalCalled\":false,\"needDrain\":false,\"ending\":false,\"ended\":false,\"finished\":false,\"destroyed\":false,\"decodeStrings\":false,\"defaultEncoding\":\"utf8\",\"length\":0,\"writing\":false,\"corked\":0,\"sync\":false,\"bufferProcessing\":false,\"writecb\":null,\"writelen\":0,\"bufferedRequest\":null,\"lastBufferedRequest\":null,\"pendingcb\":0,\"prefinished\":false,\"errorEmitted\":false,\"emitClose\":false,\"autoDestroy\":false,\"bufferedRequestCount\":0,\"corkedRequestsFree\":{\"next\":null,\"entry\":null}},\"writable\":true,\"allowHalfOpen\":false,\"_sockname\":null,\"_pendingData\":null,\"_pendingEncoding\":\"\",\"server\":null,\"_server\":null},\"_internalId\":172,\"_commands\":{\"_head\":0,\"_tail\":0,\"_capacityMask\":3,\"_list\":[null,null,null,null]},\"_paused\":false,\"_paused_packets\":{\"_head\":0,\"_tail\":0,\"_capacityMask\":3,\"_list\":[null,null,null,null]},\"_statements\":{},\"serverCapabilityFlags\":2688546815,\"authorized\":true,\"sequenceId\":2,\"compressedSequenceId\":0,\"threadId\":480,\"_handshakePacket\":{\"protocolVersion\":10,\"serverVersion\":\"5.5.5-10.1.37-MariaDB\",\"capabilityFlags\":2688546815,\"connectionId\":480,\"authPluginData1\":{\"type\":\"Buffer\",\"data\":[70,34,113,55,90,65,119,84]},\"authPluginData2\":{\"type\":\"Buffer\",\"data\":[126,62,86,119,114,90,75,72,102,73,122,78]},\"characterSet\":8,\"statusFlags\":2},\"_fatalError\":null,\"_protocolError\":null,\"_outOfOrderPackets\":[],\"clientEncoding\":\"utf8\",\"packetParser\":{\"buffer\":[],\"bufferLength\":0,\"packetHeaderLength\":4,\"headerLen\":0,\"length\":46,\"largePacketParts\":[],\"firstPacketSequenceId\":0},\"serverEncoding\":\"latin1\",\"connectTimeout\":null,\"connectionId\":480,\"uuid\":\"79db7f34-5d69-48fd-b845-e6c0e61f7cc6\"}},\"fields\":[\"id\",\"userId\",\"userSkills\",\"createdAt\",\"updatedAt\"],\"auth\":1}', '[3,4,5]', 1, '2019-02-14 06:47:15', '2019-02-14 06:47:15');
INSERT INTO `logs` (`id`, `tableName`, `action`, `remarks`, `respectiveId`, `userId`, `createdAt`, `updatedAt`) VALUES
(47, 'user_groups_map', 'insert', '{\"validate\":false,\"hooks\":true,\"individualHooks\":false,\"ignoreDuplicates\":false,\"transaction\":{\"sequelize\":{\"options\":{\"dialect\":\"mysql\",\"dialectModulePath\":null,\"host\":\"127.0.0.1\",\"protocol\":\"tcp\",\"define\":{},\"query\":{},\"sync\":{},\"timezone\":\"+00:00\",\"omitNull\":false,\"native\":false,\"replication\":false,\"pool\":{},\"quoteIdentifiers\":true,\"hooks\":{\"afterCreate\":[null],\"afterUpdate\":[null],\"afterBulkUpdate\":[null],\"afterBulkCreate\":[null]},\"retry\":{\"max\":5,\"match\":[\"SQLITE_BUSY: database is locked\"]},\"transactionType\":\"DEFERRED\",\"isolationLevel\":null,\"databaseVersion\":\"10.1.37-MariaDB\",\"typeValidation\":false,\"benchmark\":false,\"operatorsAliases\":false,\"username\":\"root\",\"password\":null,\"database\":\"interview_buddy\"},\"config\":{\"database\":\"interview_buddy\",\"username\":\"root\",\"password\":null,\"host\":\"127.0.0.1\",\"port\":3306,\"pool\":\"~transaction~sequelize~options~pool\",\"protocol\":\"tcp\",\"native\":false,\"replication\":false,\"dialectModulePath\":null},\"dialect\":{\"sequelize\":\"~transaction~sequelize\",\"connectionManager\":{\"sequelize\":\"~transaction~sequelize\",\"config\":{\"database\":\"interview_buddy\",\"username\":\"root\",\"password\":null,\"host\":\"127.0.0.1\",\"pool\":{\"max\":5,\"min\":0,\"idle\":10000,\"acquire\":10000,\"evict\":10000,\"handleDisconnects\":true},\"protocol\":\"tcp\",\"native\":false,\"replication\":false,\"dialectModulePath\":null},\"dialect\":\"~transaction~sequelize~dialect\",\"versionPromise\":null,\"dialectName\":\"mysql\",\"pool\":{\"_events\":{},\"_eventsCount\":0,\"_config\":{\"fifo\":true,\"priorityRange\":1,\"testOnBorrow\":true,\"testOnReturn\":false,\"autostart\":false,\"acquireTimeoutMillis\":10000,\"max\":5,\"min\":0,\"evictionRunIntervalMillis\":10000,\"numTestsPerEvictionRun\":3,\"softIdleTimeoutMillis\":-1,\"idleTimeoutMillis\":10000},\"_factory\":{},\"_draining\":false,\"_started\":true,\"_waitingClientsQueue\":{\"_size\":1,\"_slots\":[{\"_list\":{\"head\":null,\"tail\":null,\"length\":0}}]},\"_factoryCreateOperations\":{},\"_factoryDestroyOperations\":{},\"_availableObjects\":{\"_list\":{\"head\":{\"prev\":null,\"next\":null,\"data\":{\"creationTime\":1550126835613,\"lastReturnTime\":1550126835617,\"lastBorrowTime\":1550126835613,\"lastIdleTime\":1550126835617,\"obj\":{\"_events\":{},\"_eventsCount\":1,\"config\":{\"host\":\"127.0.0.1\",\"port\":3306,\"user\":\"root\",\"database\":\"interview_buddy\",\"connectTimeout\":10000,\"insecureAuth\":false,\"supportBigNumbers\":true,\"bigNumberStrings\":false,\"decimalNumbers\":false,\"dateStrings\":false,\"trace\":true,\"stringifyObjects\":false,\"timezone\":\"+00:00\",\"ssl\":false,\"multipleStatements\":false,\"rowsAsArray\":false,\"namedPlaceholders\":false,\"maxPacketSize\":0,\"charsetNumber\":224,\"compress\":false,\"clientFlags\":8582093,\"maxPreparedStatements\":16000},\"stream\":{\"connecting\":false,\"_hadError\":false,\"_handle\":{\"reading\":true,\"onconnection\":null},\"_parent\":null,\"_host\":null,\"_readableState\":{\"objectMode\":false,\"highWaterMark\":16384,\"buffer\":{\"head\":null,\"tail\":null,\"length\":0},\"length\":0,\"pipes\":null,\"pipesCount\":0,\"flowing\":true,\"ended\":false,\"endEmitted\":false,\"reading\":true,\"sync\":false,\"needReadable\":true,\"emittedReadable\":false,\"readableListening\":false,\"resumeScheduled\":false,\"paused\":false,\"emitClose\":false,\"autoDestroy\":false,\"destroyed\":false,\"defaultEncoding\":\"utf8\",\"awaitDrain\":0,\"readingMore\":false,\"decoder\":null,\"encoding\":null},\"readable\":true,\"_events\":{},\"_eventsCount\":4,\"_writableState\":{\"objectMode\":false,\"highWaterMark\":16384,\"finalCalled\":false,\"needDrain\":false,\"ending\":false,\"ended\":false,\"finished\":false,\"destroyed\":false,\"decodeStrings\":false,\"defaultEncoding\":\"utf8\",\"length\":0,\"writing\":false,\"corked\":0,\"sync\":false,\"bufferProcessing\":false,\"writecb\":null,\"writelen\":0,\"bufferedRequest\":null,\"lastBufferedRequest\":null,\"pendingcb\":0,\"prefinished\":false,\"errorEmitted\":false,\"emitClose\":false,\"autoDestroy\":false,\"bufferedRequestCount\":0,\"corkedRequestsFree\":{\"next\":null,\"entry\":null}},\"writable\":true,\"allowHalfOpen\":false,\"_sockname\":null,\"_pendingData\":null,\"_pendingEncoding\":\"\",\"server\":null,\"_server\":null},\"_internalId\":173,\"_commands\":{\"_head\":0,\"_tail\":0,\"_capacityMask\":3,\"_list\":[null,null,null,null]},\"_paused\":false,\"_paused_packets\":{\"_head\":0,\"_tail\":0,\"_capacityMask\":3,\"_list\":[null,null,null,null]},\"_statements\":{},\"serverCapabilityFlags\":2688546815,\"authorized\":true,\"sequenceId\":2,\"compressedSequenceId\":0,\"threadId\":481,\"_handshakePacket\":{\"protocolVersion\":10,\"serverVersion\":\"5.5.5-10.1.37-MariaDB\",\"capabilityFlags\":2688546815,\"connectionId\":481,\"authPluginData1\":{\"type\":\"Buffer\",\"data\":[96,71,35,116,66,46,91,99]},\"authPluginData2\":{\"type\":\"Buffer\",\"data\":[93,42,88,92,71,47,82,47,53,90,72,56]},\"characterSet\":8,\"statusFlags\":2},\"_fatalError\":null,\"_protocolError\":null,\"_outOfOrderPackets\":[],\"clientEncoding\":\"utf8\",\"packetParser\":{\"buffer\":[],\"bufferLength\":0,\"packetHeaderLength\":4,\"headerLen\":0,\"length\":7,\"largePacketParts\":[],\"firstPacketSequenceId\":0},\"serverEncoding\":\"latin1\",\"connectTimeout\":null,\"connectionId\":481},\"state\":\"IDLE\"}},\"tail\":\"~transaction~sequelize~dialect~connectionManager~pool~_availableObjects~_list~head\",\"length\":1}},\"_testOnBorrowResources\":{},\"_testOnReturnResources\":{},\"_validationOperations\":{},\"_allObjects\":{},\"_resourceLoans\":{},\"_evictionIterator\":{\"_list\":\"~transaction~sequelize~dialect~connectionManager~pool~_availableObjects~_list\",\"_direction\":\"next\",\"_startPosition\":\"head\",\"_started\":true,\"_cursor\":{\"prev\":null,\"next\":null,\"data\":{\"creationTime\":1550126780016,\"lastReturnTime\":1550126815117,\"lastBorrowTime\":1550126815116,\"lastIdleTime\":1550126815117,\"obj\":{\"_events\":{},\"_eventsCount\":1,\"config\":{\"host\":\"127.0.0.1\",\"port\":3306,\"user\":\"root\",\"database\":\"interview_buddy\",\"connectTimeout\":10000,\"insecureAuth\":false,\"supportBigNumbers\":true,\"bigNumberStrings\":false,\"decimalNumbers\":false,\"dateStrings\":false,\"trace\":true,\"stringifyObjects\":false,\"timezone\":\"+00:00\",\"ssl\":false,\"multipleStatements\":false,\"rowsAsArray\":false,\"namedPlaceholders\":false,\"maxPacketSize\":0,\"charsetNumber\":224,\"compress\":false,\"clientFlags\":8582093,\"maxPreparedStatements\":16000},\"stream\":{\"connecting\":false,\"_hadError\":false,\"_handle\":null,\"_parent\":null,\"_host\":null,\"_readableState\":{\"objectMode\":false,\"highWaterMark\":16384,\"buffer\":{\"head\":null,\"tail\":null,\"length\":0},\"length\":0,\"pipes\":null,\"pipesCount\":0,\"flowing\":true,\"ended\":true,\"endEmitted\":true,\"reading\":false,\"sync\":false,\"needReadable\":false,\"emittedReadable\":false,\"readableListening\":false,\"resumeScheduled\":false,\"paused\":false,\"emitClose\":false,\"autoDestroy\":false,\"destroyed\":true,\"defaultEncoding\":\"utf8\",\"awaitDrain\":0,\"readingMore\":false,\"decoder\":null,\"encoding\":null},\"readable\":false,\"_events\":{},\"_eventsCount\":5,\"_writableState\":{\"objectMode\":false,\"highWaterMark\":16384,\"finalCalled\":true,\"needDrain\":false,\"ending\":true,\"ended\":true,\"finished\":false,\"destroyed\":true,\"decodeStrings\":false,\"defaultEncoding\":\"utf8\",\"length\":0,\"writing\":false,\"corked\":0,\"sync\":false,\"bufferProcessing\":false,\"writecb\":null,\"writelen\":0,\"bufferedRequest\":null,\"lastBufferedRequest\":null,\"pendingcb\":1,\"prefinished\":false,\"errorEmitted\":false,\"emitClose\":false,\"autoDestroy\":false,\"bufferedRequestCount\":0,\"corkedRequestsFree\":{\"next\":null,\"entry\":null}},\"writable\":false,\"allowHalfOpen\":false,\"_sockname\":null,\"_pendingData\":null,\"_pendingEncoding\":\"\",\"server\":null,\"_server\":null},\"_internalId\":168,\"_commands\":{\"_head\":0,\"_tail\":0,\"_capacityMask\":3,\"_list\":[null,null,null,null]},\"_paused\":false,\"_paused_packets\":{\"_head\":0,\"_tail\":0,\"_capacityMask\":3,\"_list\":[null,null,null,null]},\"_statements\":{},\"serverCapabilityFlags\":2688546815,\"authorized\":true,\"sequenceId\":1,\"compressedSequenceId\":0,\"threadId\":476,\"_handshakePacket\":{\"protocolVersion\":10,\"serverVersion\":\"5.5.5-10.1.37-MariaDB\",\"capabilityFlags\":2688546815,\"connectionId\":476,\"authPluginData1\":{\"type\":\"Buffer\",\"data\":[97,98,75,50,83,46,44,49]},\"authPluginData2\":{\"type\":\"Buffer\",\"data\":[81,38,104,89,101,110,122,59,85,121,37,69]},\"characterSet\":8,\"statusFlags\":2},\"_fatalError\":null,\"_protocolError\":null,\"_outOfOrderPackets\":[],\"clientEncoding\":\"utf8\",\"packetParser\":{\"buffer\":[],\"bufferLength\":0,\"packetHeaderLength\":4,\"headerLen\":0,\"length\":5,\"largePacketParts\":[],\"firstPacketSequenceId\":0},\"serverEncoding\":\"latin1\",\"connectTimeout\":null,\"connectionId\":476,\"_closing\":true},\"state\":\"INVALID\"}},\"_done\":false},\"_evictor\":{},\"_scheduledEviction\":{\"_idleTimeout\":10000,\"_idlePrev\":{\"_idleNext\":\"~transaction~sequelize~dialect~connectionManager~pool~_scheduledEviction\",\"_idlePrev\":\"~transaction~sequelize~dialect~connectionManager~pool~_scheduledEviction\",\"expiry\":3832969,\"id\":-9007199254740099,\"msecs\":10000,\"priorityQueuePosition\":3},\"_idleNext\":\"~transaction~sequelize~dialect~connectionManager~pool~_scheduledEviction~_idlePrev\",\"_idleStart\":3822969,\"_repeat\":null,\"_destroyed\":false}},\"lib\":{\"Types\":{\"DECIMAL\":0,\"TINY\":1,\"SHORT\":2,\"LONG\":3,\"FLOAT\":4,\"DOUBLE\":5,\"NULL\":6,\"TIMESTAMP\":7,\"LONGLONG\":8,\"INT24\":9,\"DATE\":10,\"TIME\":11,\"DATETIME\":12,\"YEAR\":13,\"NEWDATE\":14,\"VARCHAR\":15,\"BIT\":16,\"JSON\":245,\"NEWDECIMAL\":246,\"ENUM\":247,\"SET\":248,\"TINY_BLOB\":249,\"MEDIUM_BLOB\":250,\"LONG_BLOB\":251,\"BLOB\":252,\"VAR_STRING\":253,\"STRING\":254,\"GEOMETRY\":255},\"Charsets\":{\"BIG5_CHINESE_CI\":1,\"LATIN2_CZECH_CS\":2,\"DEC8_SWEDISH_CI\":3,\"CP850_GENERAL_CI\":4,\"LATIN1_GERMAN1_CI\":5,\"HP8_ENGLISH_CI\":6,\"KOI8R_GENERAL_CI\":7,\"LATIN1_SWEDISH_CI\":8,\"LATIN2_GENERAL_CI\":9,\"SWE7_SWEDISH_CI\":10,\"ASCII_GENERAL_CI\":11,\"UJIS_JAPANESE_CI\":12,\"SJIS_JAPANESE_CI\":13,\"CP1251_BULGARIAN_CI\":14,\"LATIN1_DANISH_CI\":15,\"HEBREW_GENERAL_CI\":16,\"TIS620_THAI_CI\":18,\"EUCKR_KOREAN_CI\":19,\"LATIN7_ESTONIAN_CS\":20,\"LATIN2_HUNGARIAN_CI\":21,\"KOI8U_GENERAL_CI\":22,\"CP1251_UKRAINIAN_CI\":23,\"GB2312_CHINESE_CI\":24,\"GREEK_GENERAL_CI\":25,\"CP1250_GENERAL_CI\":26,\"LATIN2_CROATIAN_CI\":27,\"GBK_CHINESE_CI\":28,\"CP1257_LITHUANIAN_CI\":29,\"LATIN5_TURKISH_CI\":30,\"LATIN1_GERMAN2_CI\":31,\"ARMSCII8_GENERAL_CI\":32,\"UTF8_GENERAL_CI\":33,\"CP1250_CZECH_CS\":34,\"UCS2_GENERAL_CI\":35,\"CP866_GENERAL_CI\":36,\"KEYBCS2_GENERAL_CI\":37,\"MACCE_GENERAL_CI\":38,\"MACROMAN_GENERAL_CI\":39,\"CP852_GENERAL_CI\":40,\"LATIN7_GENERAL_CI\":41,\"LATIN7_GENERAL_CS\":42,\"MACCE_BIN\":43,\"CP1250_CROATIAN_CI\":44,\"UTF8MB4_GENERAL_CI\":45,\"UTF8MB4_BIN\":46,\"LATIN1_BIN\":47,\"LATIN1_GENERAL_CI\":48,\"LATIN1_GENERAL_CS\":49,\"CP1251_BIN\":50,\"CP1251_GENERAL_CI\":51,\"CP1251_GENERAL_CS\":52,\"MACROMAN_BIN\":53,\"UTF16_GENERAL_CI\":54,\"UTF16_BIN\":55,\"UTF16LE_GENERAL_CI\":56,\"CP1256_GENERAL_CI\":57,\"CP1257_BIN\":58,\"CP1257_GENERAL_CI\":59,\"UTF32_GENERAL_CI\":60,\"UTF32_BIN\":61,\"UTF16LE_BIN\":62,\"BINARY\":63,\"ARMSCII8_BIN\":64,\"ASCII_BIN\":65,\"CP1250_BIN\":66,\"CP1256_BIN\":67,\"CP866_BIN\":68,\"DEC8_BIN\":69,\"GREEK_BIN\":70,\"HEBREW_BIN\":71,\"HP8_BIN\":72,\"KEYBCS2_BIN\":73,\"KOI8R_BIN\":74,\"KOI8U_BIN\":75,\"UTF8_TOLOWER_CI\":76,\"LATIN2_BIN\":77,\"LATIN5_BIN\":78,\"LATIN7_BIN\":79,\"CP850_BIN\":80,\"CP852_BIN\":81,\"SWE7_BIN\":82,\"UTF8_BIN\":83,\"BIG5_BIN\":84,\"EUCKR_BIN\":85,\"GB2312_BIN\":86,\"GBK_BIN\":87,\"SJIS_BIN\":88,\"TIS620_BIN\":89,\"UCS2_BIN\":90,\"UJIS_BIN\":91,\"GEOSTD8_GENERAL_CI\":92,\"GEOSTD8_BIN\":93,\"LATIN1_SPANISH_CI\":94,\"CP932_JAPANESE_CI\":95,\"CP932_BIN\":96,\"EUCJPMS_JAPANESE_CI\":97,\"EUCJPMS_BIN\":98,\"CP1250_POLISH_CI\":99,\"UTF16_UNICODE_CI\":101,\"UTF16_ICELANDIC_CI\":102,\"UTF16_LATVIAN_CI\":103,\"UTF16_ROMANIAN_CI\":104,\"UTF16_SLOVENIAN_CI\":105,\"UTF16_POLISH_CI\":106,\"UTF16_ESTONIAN_CI\":107,\"UTF16_SPANISH_CI\":108,\"UTF16_SWEDISH_CI\":109,\"UTF16_TURKISH_CI\":110,\"UTF16_CZECH_CI\":111,\"UTF16_DANISH_CI\":112,\"UTF16_LITHUANIAN_CI\":113,\"UTF16_SLOVAK_CI\":114,\"UTF16_SPANISH2_CI\":115,\"UTF16_ROMAN_CI\":116,\"UTF16_PERSIAN_CI\":117,\"UTF16_ESPERANTO_CI\":118,\"UTF16_HUNGARIAN_CI\":119,\"UTF16_SINHALA_CI\":120,\"UTF16_GERMAN2_CI\":121,\"UTF16_CROATIAN_CI\":122,\"UTF16_UNICODE_520_CI\":123,\"UTF16_VIETNAMESE_CI\":124,\"UCS2_UNICODE_CI\":128,\"UCS2_ICELANDIC_CI\":129,\"UCS2_LATVIAN_CI\":130,\"UCS2_ROMANIAN_CI\":131,\"UCS2_SLOVENIAN_CI\":132,\"UCS2_POLISH_CI\":133,\"UCS2_ESTONIAN_CI\":134,\"UCS2_SPANISH_CI\":135,\"UCS2_SWEDISH_CI\":136,\"UCS2_TURKISH_CI\":137,\"UCS2_CZECH_CI\":138,\"UCS2_DANISH_CI\":139,\"UCS2_LITHUANIAN_CI\":140,\"UCS2_SLOVAK_CI\":141,\"UCS2_SPANISH2_CI\":142,\"UCS2_ROMAN_CI\":143,\"UCS2_PERSIAN_CI\":144,\"UCS2_ESPERANTO_CI\":145,\"UCS2_HUNGARIAN_CI\":146,\"UCS2_SINHALA_CI\":147,\"UCS2_GERMAN2_CI\":148,\"UCS2_CROATIAN_CI\":149,\"UCS2_UNICODE_520_CI\":150,\"UCS2_VIETNAMESE_CI\":151,\"UCS2_GENERAL_MYSQL500_CI\":159,\"UTF32_UNICODE_CI\":160,\"UTF32_ICELANDIC_CI\":161,\"UTF32_LATVIAN_CI\":162,\"UTF32_ROMANIAN_CI\":163,\"UTF32_SLOVENIAN_CI\":164,\"UTF32_POLISH_CI\":165,\"UTF32_ESTONIAN_CI\":166,\"UTF32_SPANISH_CI\":167,\"UTF32_SWEDISH_CI\":168,\"UTF32_TURKISH_CI\":169,\"UTF32_CZECH_CI\":170,\"UTF32_DANISH_CI\":171,\"UTF32_LITHUANIAN_CI\":172,\"UTF32_SLOVAK_CI\":173,\"UTF32_SPANISH2_CI\":174,\"UTF32_ROMAN_CI\":175,\"UTF32_PERSIAN_CI\":176,\"UTF32_ESPERANTO_CI\":177,\"UTF32_HUNGARIAN_CI\":178,\"UTF32_SINHALA_CI\":179,\"UTF32_GERMAN2_CI\":180,\"UTF32_CROATIAN_CI\":181,\"UTF32_UNICODE_520_CI\":182,\"UTF32_VIETNAMESE_CI\":183,\"UTF8_UNICODE_CI\":192,\"UTF8_ICELANDIC_CI\":193,\"UTF8_LATVIAN_CI\":194,\"UTF8_ROMANIAN_CI\":195,\"UTF8_SLOVENIAN_CI\":196,\"UTF8_POLISH_CI\":197,\"UTF8_ESTONIAN_CI\":198,\"UTF8_SPANISH_CI\":199,\"UTF8_SWEDISH_CI\":200,\"UTF8_TURKISH_CI\":201,\"UTF8_CZECH_CI\":202,\"UTF8_DANISH_CI\":203,\"UTF8_LITHUANIAN_CI\":204,\"UTF8_SLOVAK_CI\":205,\"UTF8_SPANISH2_CI\":206,\"UTF8_ROMAN_CI\":207,\"UTF8_PERSIAN_CI\":208,\"UTF8_ESPERANTO_CI\":209,\"UTF8_HUNGARIAN_CI\":210,\"UTF8_SINHALA_CI\":211,\"UTF8_GERMAN2_CI\":212,\"UTF8_CROATIAN_CI\":213,\"UTF8_UNICODE_520_CI\":214,\"UTF8_VIETNAMESE_CI\":215,\"UTF8_GENERAL_MYSQL500_CI\":223,\"UTF8MB4_UNICODE_CI\":224,\"UTF8MB4_ICELANDIC_CI\":225,\"UTF8MB4_LATVIAN_CI\":226,\"UTF8MB4_ROMANIAN_CI\":227,\"UTF8MB4_SLOVENIAN_CI\":228,\"UTF8MB4_POLISH_CI\":229,\"UTF8MB4_ESTONIAN_CI\":230,\"UTF8MB4_SPANISH_CI\":231,\"UTF8MB4_SWEDISH_CI\":232,\"UTF8MB4_TURKISH_CI\":233,\"UTF8MB4_CZECH_CI\":234,\"UTF8MB4_DANISH_CI\":235,\"UTF8MB4_LITHUANIAN_CI\":236,\"UTF8MB4_SLOVAK_CI\":237,\"UTF8MB4_SPANISH2_CI\":238,\"UTF8MB4_ROMAN_CI\":239,\"UTF8MB4_PERSIAN_CI\":240,\"UTF8MB4_ESPERANTO_CI\":241,\"UTF8MB4_HUNGARIAN_CI\":242,\"UTF8MB4_SINHALA_CI\":243,\"UTF8MB4_GERMAN2_CI\":244,\"UTF8MB4_CROATIAN_CI\":245,\"UTF8MB4_UNICODE_520_CI\":246,\"UTF8MB4_VIETNAMESE_CI\":247,\"GB18030_CHINESE_CI\":248,\"GB18030_BIN\":249,\"GB18030_UNICODE_520_CI\":250,\"UTF8_GENERAL50_CI\":253,\"UTF8MB4_0900_AI_CI\":255,\"UTF8MB4_CS_0900_AI_CI\":266,\"UTF8MB4_DA_0900_AI_CI\":267,\"UTF8MB4_DE_PB_0900_AI_CI\":256,\"UTF8MB4_EO_0900_AI_CI\":273,\"UTF8MB4_ES_0900_AI_CI\":263,\"UTF8MB4_ES_TRAD_0900_AI_CI\":270,\"UTF8MB4_ET_0900_AI_CI\":262,\"UTF8MB4_HR_0900_AI_CI\":275,\"UTF8MB4_HU_0900_AI_CI\":274,\"UTF8MB4_IS_0900_AI_CI\":257,\"UTF8MB4_LA_0900_AI_CI\":271,\"UTF8MB4_LT_0900_AI_CI\":268,\"UTF8MB4_LV_0900_AI_CI\":258,\"UTF8MB4_PL_0900_AI_CI\":261,\"UTF8MB4_RO_0900_AI_CI\":259,\"UTF8MB4_SK_0900_AI_CI\":269,\"UTF8MB4_SL_0900_AI_CI\":260,\"UTF8MB4_SV_0900_AI_CI\":264,\"UTF8MB4_TR_0900_AI_CI\":265,\"UTF8MB4_VI_0900_AI_CI\":277,\"BIG5\":1,\"DEC8\":3,\"CP850\":4,\"HP8\":6,\"KOI8R\":7,\"LATIN1\":8,\"LATIN2\":9,\"SWE7\":10,\"ASCII\":11,\"UJIS\":12,\"SJIS\":13,\"HEBREW\":16,\"TIS620\":18,\"EUCKR\":19,\"KOI8U\":22,\"GB2312\":24,\"GREEK\":25,\"CP1250\":26,\"GBK\":28,\"LATIN5\":30,\"ARMSCII8\":32,\"UTF8\":33,\"UCS2\":35,\"CP866\":36,\"KEYBCS2\":37,\"MACCE\":38,\"MACROMAN\":39,\"CP852\":40,\"LATIN7\":41,\"UTF8MB4\":45,\"CP1251\":51,\"UTF16\":54,\"UTF16LE\":56,\"CP1256\":57,\"CP1257\":59,\"UTF32\":60,\"CP932\":95,\"EUCJPMS\":97,\"GB18030\":248,\"GEOSTD8\":92},\"CharsetToEncoding\":[\"utf8\",\"big5\",\"latin2\",\"dec8\",\"cp850\",\"latin1\",\"hp8\",\"koi8r\",\"latin1\",\"latin2\",\"swe7\",\"ascii\",\"eucjp\",\"sjis\",\"cp1251\",\"latin1\",\"hebrew\",\"utf8\",\"tis620\",\"euckr\",\"latin7\",\"latin2\",\"koi8u\",\"cp1251\",\"gb2312\",\"greek\",\"cp1250\",\"latin2\",\"gbk\",\"cp1257\",\"latin5\",\"latin1\",\"armscii8\",\"cesu8\",\"cp1250\",\"ucs2\",\"cp866\",\"keybcs2\",\"macintosh\",\"macroman\",\"cp852\",\"latin7\",\"latin7\",\"macintosh\",\"cp1250\",\"utf8\",\"utf8\",\"latin1\",\"latin1\",\"latin1\",\"cp1251\",\"cp1251\",\"cp1251\",\"macroman\",\"utf16\",\"utf16\",\"utf16-le\",\"cp1256\",\"cp1257\",\"cp1257\",\"utf32\",\"utf32\",\"utf16-le\",\"binary\",\"armscii8\",\"ascii\",\"cp1250\",\"cp1256\",\"cp866\",\"dec8\",\"greek\",\"hebrew\",\"hp8\",\"keybcs2\",\"koi8r\",\"koi8u\",\"cesu8\",\"latin2\",\"latin5\",\"latin7\",\"cp850\",\"cp852\",\"swe7\",\"cesu8\",\"big5\",\"euckr\",\"gb2312\",\"gbk\",\"sjis\",\"tis620\",\"ucs2\",\"eucjp\",\"geostd8\",\"geostd8\",\"latin1\",\"cp932\",\"cp932\",\"eucjpms\",\"eucjpms\",\"cp1250\",\"utf8\",\"utf16\",\"utf16\",\"utf16\",\"utf16\",\"utf16\",\"utf16\",\"utf16\",\"utf16\",\"utf16\",\"utf16\",\"utf16\",\"utf16\",\"utf16\",\"utf16\",\"utf16\",\"utf16\",\"utf16\",\"utf16\",\"utf16\",\"utf16\",\"utf16\",\"utf16\",\"utf16\",\"utf16\",\"utf8\",\"utf8\",\"utf8\",\"ucs2\",\"ucs2\",\"ucs2\",\"ucs2\",\"ucs2\",\"ucs2\",\"ucs2\",\"ucs2\",\"ucs2\",\"ucs2\",\"ucs2\",\"ucs2\",\"ucs2\",\"ucs2\",\"ucs2\",\"ucs2\",\"ucs2\",\"ucs2\",\"ucs2\",\"ucs2\",\"ucs2\",\"ucs2\",\"ucs2\",\"ucs2\",\"utf8\",\"utf8\",\"utf8\",\"utf8\",\"utf8\",\"utf8\",\"utf8\",\"ucs2\",\"utf32\",\"utf32\",\"utf32\",\"utf32\",\"utf32\",\"utf32\",\"utf32\",\"utf32\",\"utf32\",\"utf32\",\"utf32\",\"utf32\",\"utf32\",\"utf32\",\"utf32\",\"utf32\",\"utf32\",\"utf32\",\"utf32\",\"utf32\",\"utf32\",\"utf32\",\"utf32\",\"utf32\",\"utf8\",\"utf8\",\"utf8\",\"utf8\",\"utf8\",\"utf8\",\"utf8\",\"utf8\",\"cesu8\",\"cesu8\",\"cesu8\",\"cesu8\",\"cesu8\",\"cesu8\",\"cesu8\",\"cesu8\",\"cesu8\",\"cesu8\",\"cesu8\",\"cesu8\",\"cesu8\",\"cesu8\",\"cesu8\",\"cesu8\",\"cesu8\",\"cesu8\",\"cesu8\",\"cesu8\",\"cesu8\",\"cesu8\",\"cesu8\",\"cesu8\",\"utf8\",\"utf8\",\"utf8\",\"utf8\",\"utf8\",\"utf8\",\"utf8\",\"cesu8\",\"utf8\",\"utf8\",\"utf8\",\"utf8\",\"utf8\",\"utf8\",\"utf8\",\"utf8\",\"utf8\",\"utf8\",\"utf8\",\"utf8\",\"utf8\",\"utf8\",\"utf8\",\"utf8\",\"utf8\",\"utf8\",\"utf8\",\"utf8\",\"utf8\",\"utf8\",\"utf8\",\"utf8\",\"gb18030\",\"gb18030\",\"gb18030\",\"utf8\",\"utf8\",\"utf8\",\"utf8\",\"utf8\",\"utf8\",\"utf8\",\"utf8\",\"utf8\",\"utf8\",\"utf8\",\"utf8\",\"utf8\",\"utf8\",\"utf8\",\"utf8\",\"utf8\",\"utf8\",\"utf8\",\"utf8\",\"utf8\",\"utf8\",\"utf8\",\"utf8\",\"utf8\",\"utf8\",\"utf8\",\"utf8\",\"utf8\",\"utf8\",\"utf8\",\"utf8\",\"utf8\",\"utf8\",\"utf8\",\"utf8\",\"utf8\",\"utf8\",\"utf8\",\"utf8\",\"utf8\",\"utf8\",\"utf8\",\"utf8\",\"utf8\",\"utf8\",\"utf8\",\"utf8\",\"utf8\",\"utf8\",\"utf8\",\"utf8\",\"utf8\",\"utf8\",\"utf8\"]}},\"QueryGenerator\":{\"dialect\":\"mysql\",\"OperatorMap\":{},\"_templateSettings\":{\"escape\":{},\"evaluate\":{},\"interpolate\":{},\"variable\":\"\",\"imports\":{}},\"options\":\"~transaction~sequelize~options\",\"OperatorsAliasMap\":false,\"_dialect\":\"~transaction~sequelize~dialect\",\"sequelize\":\"~transaction~sequelize\"}},\"queryInterface\":{\"sequelize\":\"~transaction~sequelize\",\"QueryGenerator\":\"~transaction~sequelize~dialect~QueryGenerator\"},\"models\":{},\"modelManager\":{\"models\":[null,null,null,null,null,null,null,null,null,null,null,null,null,null,null,null,null,null,null,null,null,null,null,null,null,null,null,null,null,null,null,null,null,null,null,null,null],\"sequelize\":\"~transaction~sequelize\"},\"connectionManager\":\"~transaction~sequelize~dialect~connectionManager\",\"importCache\":{},\"test\":{\"_trackRunningQueries\":false,\"_runningQueries\":0}},\"savepoints\":[],\"_afterCommitHooks\":[],\"options\":{\"autocommit\":null,\"type\":\"DEFERRED\",\"isolationLevel\":null,\"readOnly\":false},\"id\":\"79db7f34-5d69-48fd-b845-e6c0e61f7cc6\",\"connection\":{\"_events\":{},\"_eventsCount\":1,\"config\":{\"host\":\"127.0.0.1\",\"port\":3306,\"user\":\"root\",\"database\":\"interview_buddy\",\"connectTimeout\":10000,\"insecureAuth\":false,\"supportBigNumbers\":true,\"bigNumberStrings\":false,\"decimalNumbers\":false,\"dateStrings\":false,\"trace\":true,\"stringifyObjects\":false,\"timezone\":\"+00:00\",\"ssl\":false,\"multipleStatements\":false,\"rowsAsArray\":false,\"namedPlaceholders\":false,\"maxPacketSize\":0,\"charsetNumber\":224,\"compress\":false,\"clientFlags\":8582093,\"maxPreparedStatements\":16000},\"stream\":{\"connecting\":false,\"_hadError\":false,\"_handle\":{\"reading\":true,\"onconnection\":null},\"_parent\":null,\"_host\":null,\"_readableState\":{\"objectMode\":false,\"highWaterMark\":16384,\"buffer\":{\"head\":null,\"tail\":null,\"length\":0},\"length\":0,\"pipes\":null,\"pipesCount\":0,\"flowing\":true,\"ended\":false,\"endEmitted\":false,\"reading\":true,\"sync\":false,\"needReadable\":true,\"emittedReadable\":false,\"readableListening\":false,\"resumeScheduled\":false,\"paused\":false,\"emitClose\":false,\"autoDestroy\":false,\"destroyed\":false,\"defaultEncoding\":\"utf8\",\"awaitDrain\":0,\"readingMore\":false,\"decoder\":null,\"encoding\":null},\"readable\":true,\"_events\":{},\"_eventsCount\":4,\"_writableState\":{\"objectMode\":false,\"highWaterMark\":16384,\"finalCalled\":false,\"needDrain\":false,\"ending\":false,\"ended\":false,\"finished\":false,\"destroyed\":false,\"decodeStrings\":false,\"defaultEncoding\":\"utf8\",\"length\":0,\"writing\":false,\"corked\":0,\"sync\":false,\"bufferProcessing\":false,\"writecb\":null,\"writelen\":0,\"bufferedRequest\":null,\"lastBufferedRequest\":null,\"pendingcb\":0,\"prefinished\":false,\"errorEmitted\":false,\"emitClose\":false,\"autoDestroy\":false,\"bufferedRequestCount\":0,\"corkedRequestsFree\":{\"next\":null,\"entry\":null}},\"writable\":true,\"allowHalfOpen\":false,\"_sockname\":null,\"_pendingData\":null,\"_pendingEncoding\":\"\",\"server\":null,\"_server\":null},\"_internalId\":172,\"_commands\":{\"_head\":0,\"_tail\":0,\"_capacityMask\":3,\"_list\":[null,null,null,null]},\"_paused\":false,\"_paused_packets\":{\"_head\":0,\"_tail\":0,\"_capacityMask\":3,\"_list\":[null,null,null,null]},\"_statements\":{},\"serverCapabilityFlags\":2688546815,\"authorized\":true,\"sequenceId\":2,\"compressedSequenceId\":0,\"threadId\":480,\"_handshakePacket\":{\"protocolVersion\":10,\"serverVersion\":\"5.5.5-10.1.37-MariaDB\",\"capabilityFlags\":2688546815,\"connectionId\":480,\"authPluginData1\":{\"type\":\"Buffer\",\"data\":[70,34,113,55,90,65,119,84]},\"authPluginData2\":{\"type\":\"Buffer\",\"data\":[126,62,86,119,114,90,75,72,102,73,122,78]},\"characterSet\":8,\"statusFlags\":2},\"_fatalError\":null,\"_protocolError\":null,\"_outOfOrderPackets\":[],\"clientEncoding\":\"utf8\",\"packetParser\":{\"buffer\":[],\"bufferLength\":0,\"packetHeaderLength\":4,\"headerLen\":0,\"length\":7,\"largePacketParts\":[],\"firstPacketSequenceId\":0},\"serverEncoding\":\"latin1\",\"connectTimeout\":null,\"connectionId\":480,\"uuid\":\"79db7f34-5d69-48fd-b845-e6c0e61f7cc6\"}},\"fields\":[\"id\",\"userId\",\"groupId\",\"createdAt\",\"updatedAt\"],\"auth\":1}', '[3]', 1, '2019-02-14 06:47:15', '2019-02-14 06:47:15'),
(48, 'users', 'insert', '{\"id\":9,\"fname\":\"santhosh\",\"mname\":\"Kumar\",\"lname\":\"V\",\"email\":\"santosh@testing.com\",\"password\":\"5993b72d18857ab06ec21aaad101b97e\",\"phone\":\"8787649879\",\"gender\":\"male\",\"status\":\"active\",\"roleId\":4,\"organizationId\":1,\"updatedAt\":\"2019-02-14T07:01:32.226Z\",\"createdAt\":\"2019-02-14T07:01:32.226Z\"}', '9', 1, '2019-02-14 07:01:32', '2019-02-14 07:01:32'),
(49, 'user_profile_subdomains', 'insert', '{\"validate\":false,\"hooks\":true,\"individualHooks\":false,\"ignoreDuplicates\":false,\"transaction\":{\"sequelize\":{\"options\":{\"dialect\":\"mysql\",\"dialectModulePath\":null,\"host\":\"127.0.0.1\",\"protocol\":\"tcp\",\"define\":{},\"query\":{},\"sync\":{},\"timezone\":\"+00:00\",\"omitNull\":false,\"native\":false,\"replication\":false,\"pool\":{},\"quoteIdentifiers\":true,\"hooks\":{\"afterCreate\":[null],\"afterUpdate\":[null],\"afterBulkUpdate\":[null],\"afterBulkCreate\":[null]},\"retry\":{\"max\":5,\"match\":[\"SQLITE_BUSY: database is locked\"]},\"transactionType\":\"DEFERRED\",\"isolationLevel\":null,\"databaseVersion\":\"10.1.37-MariaDB\",\"typeValidation\":false,\"benchmark\":false,\"operatorsAliases\":false,\"username\":\"root\",\"password\":null,\"database\":\"interview_buddy\"},\"config\":{\"database\":\"interview_buddy\",\"username\":\"root\",\"password\":null,\"host\":\"127.0.0.1\",\"port\":3306,\"pool\":\"~transaction~sequelize~options~pool\",\"protocol\":\"tcp\",\"native\":false,\"replication\":false,\"dialectModulePath\":null},\"dialect\":{\"sequelize\":\"~transaction~sequelize\",\"connectionManager\":{\"sequelize\":\"~transaction~sequelize\",\"config\":{\"database\":\"interview_buddy\",\"username\":\"root\",\"password\":null,\"host\":\"127.0.0.1\",\"pool\":{\"max\":5,\"min\":0,\"idle\":10000,\"acquire\":10000,\"evict\":10000,\"handleDisconnects\":true},\"protocol\":\"tcp\",\"native\":false,\"replication\":false,\"dialectModulePath\":null},\"dialect\":\"~transaction~sequelize~dialect\",\"versionPromise\":null,\"dialectName\":\"mysql\",\"pool\":{\"_events\":{},\"_eventsCount\":0,\"_config\":{\"fifo\":true,\"priorityRange\":1,\"testOnBorrow\":true,\"testOnReturn\":false,\"autostart\":false,\"acquireTimeoutMillis\":10000,\"max\":5,\"min\":0,\"evictionRunIntervalMillis\":10000,\"numTestsPerEvictionRun\":3,\"softIdleTimeoutMillis\":-1,\"idleTimeoutMillis\":10000},\"_factory\":{},\"_draining\":false,\"_started\":true,\"_waitingClientsQueue\":{\"_size\":1,\"_slots\":[{\"_list\":{\"head\":{\"prev\":null,\"next\":null,\"data\":{\"_state\":\"PENDING\",\"_promise\":{\"isFulfilled\":false,\"isRejected\":false},\"_creationTimestamp\":1550127692230,\"_timeout\":{\"_idleTimeout\":10000,\"_idlePrev\":{\"_idleTimeout\":10000,\"_idlePrev\":{\"_idleNext\":\"~transaction~sequelize~dialect~connectionManager~pool~_waitingClientsQueue~_slots~0~_list~head~data~_timeout~_idlePrev\",\"_idlePrev\":{\"_idleTimeout\":10000,\"_idlePrev\":\"~transaction~sequelize~dialect~connectionManager~pool~_waitingClientsQueue~_slots~0~_list~head~data~_timeout\",\"_idleNext\":\"~transaction~sequelize~dialect~connectionManager~pool~_waitingClientsQueue~_slots~0~_list~head~data~_timeout~_idlePrev~_idlePrev\",\"_idleStart\":4683005,\"_repeat\":null,\"_destroyed\":false},\"expiry\":4693005,\"id\":-9007199254739966,\"msecs\":10000,\"priorityQueuePosition\":3},\"_idleNext\":\"~transaction~sequelize~dialect~connectionManager~pool~_waitingClientsQueue~_slots~0~_list~head~data~_timeout\",\"_idleStart\":4684056,\"_repeat\":null,\"_destroyed\":false},\"_idleNext\":\"~transaction~sequelize~dialect~connectionManager~pool~_waitingClientsQueue~_slots~0~_list~head~data~_timeout~_idlePrev~_idlePrev~_idlePrev\",\"_idleStart\":4684056,\"_repeat\":null,\"_destroyed\":false}}},\"tail\":\"~transaction~sequelize~dialect~connectionManager~pool~_waitingClientsQueue~_slots~0~_list~head\",\"length\":1}}]},\"_factoryCreateOperations\":{},\"_factoryDestroyOperations\":{},\"_availableObjects\":{\"_list\":{\"head\":null,\"tail\":null,\"length\":0}},\"_testOnBorrowResources\":{},\"_testOnReturnResources\":{},\"_validationOperations\":{},\"_allObjects\":{},\"_resourceLoans\":{},\"_evictionIterator\":{\"_list\":\"~transaction~sequelize~dialect~connectionManager~pool~_availableObjects~_list\",\"_direction\":\"next\",\"_startPosition\":\"head\",\"_started\":true,\"_cursor\":{\"prev\":null,\"next\":null,\"data\":{\"creationTime\":1550127676194,\"lastReturnTime\":1550127683056,\"lastBorrowTime\":1550127683055,\"lastIdleTime\":1550127683056,\"obj\":{\"_events\":{},\"_eventsCount\":1,\"config\":{\"host\":\"127.0.0.1\",\"port\":3306,\"user\":\"root\",\"database\":\"interview_buddy\",\"connectTimeout\":10000,\"insecureAuth\":false,\"supportBigNumbers\":true,\"bigNumberStrings\":false,\"decimalNumbers\":false,\"dateStrings\":false,\"trace\":true,\"stringifyObjects\":false,\"timezone\":\"+00:00\",\"ssl\":false,\"multipleStatements\":false,\"rowsAsArray\":false,\"namedPlaceholders\":false,\"maxPacketSize\":0,\"charsetNumber\":224,\"compress\":false,\"clientFlags\":8582093,\"maxPreparedStatements\":16000},\"stream\":{\"connecting\":false,\"_hadError\":false,\"_handle\":null,\"_parent\":null,\"_host\":null,\"_readableState\":{\"objectMode\":false,\"highWaterMark\":16384,\"buffer\":{\"head\":null,\"tail\":null,\"length\":0},\"length\":0,\"pipes\":null,\"pipesCount\":0,\"flowing\":true,\"ended\":true,\"endEmitted\":true,\"reading\":false,\"sync\":false,\"needReadable\":false,\"emittedReadable\":false,\"readableListening\":false,\"resumeScheduled\":false,\"paused\":false,\"emitClose\":false,\"autoDestroy\":false,\"destroyed\":true,\"defaultEncoding\":\"utf8\",\"awaitDrain\":0,\"readingMore\":false,\"decoder\":null,\"encoding\":null},\"readable\":false,\"_events\":{},\"_eventsCount\":5,\"_writableState\":{\"objectMode\":false,\"highWaterMark\":16384,\"finalCalled\":true,\"needDrain\":false,\"ending\":true,\"ended\":true,\"finished\":false,\"destroyed\":true,\"decodeStrings\":false,\"defaultEncoding\":\"utf8\",\"length\":0,\"writing\":false,\"corked\":0,\"sync\":false,\"bufferProcessing\":false,\"writecb\":null,\"writelen\":0,\"bufferedRequest\":null,\"lastBufferedRequest\":null,\"pendingcb\":1,\"prefinished\":false,\"errorEmitted\":false,\"emitClose\":false,\"autoDestroy\":false,\"bufferedRequestCount\":0,\"corkedRequestsFree\":{\"next\":null,\"entry\":null}},\"writable\":false,\"allowHalfOpen\":false,\"_sockname\":null,\"_pendingData\":null,\"_pendingEncoding\":\"\",\"server\":null,\"_server\":null},\"_internalId\":185,\"_commands\":{\"_head\":0,\"_tail\":0,\"_capacityMask\":3,\"_list\":[null,null,null,null]},\"_paused\":false,\"_paused_packets\":{\"_head\":0,\"_tail\":0,\"_capacityMask\":3,\"_list\":[null,null,null,null]},\"_statements\":{},\"serverCapabilityFlags\":2688546815,\"authorized\":true,\"sequenceId\":1,\"compressedSequenceId\":0,\"threadId\":507,\"_handshakePacket\":{\"protocolVersion\":10,\"serverVersion\":\"5.5.5-10.1.37-MariaDB\",\"capabilityFlags\":2688546815,\"connectionId\":507,\"authPluginData1\":{\"type\":\"Buffer\",\"data\":[35,46,95,116,75,89,92,66]},\"authPluginData2\":{\"type\":\"Buffer\",\"data\":[116,67,48,102,49,97,115,64,37,55,37,82]},\"characterSet\":8,\"statusFlags\":2},\"_fatalError\":null,\"_protocolError\":null,\"_outOfOrderPackets\":[],\"clientEncoding\":\"utf8\",\"packetParser\":{\"buffer\":[],\"bufferLength\":0,\"packetHeaderLength\":4,\"headerLen\":0,\"length\":5,\"largePacketParts\":[],\"firstPacketSequenceId\":0},\"serverEncoding\":\"latin1\",\"connectTimeout\":null,\"connectionId\":507,\"_closing\":true},\"state\":\"INVALID\"}},\"_done\":false},\"_evictor\":{},\"_scheduledEviction\":\"~transaction~sequelize~dialect~connectionManager~pool~_waitingClientsQueue~_slots~0~_list~head~data~_timeout~_idlePrev~_idlePrev~_idlePrev\"},\"lib\":{\"Types\":{\"DECIMAL\":0,\"TINY\":1,\"SHORT\":2,\"LONG\":3,\"FLOAT\":4,\"DOUBLE\":5,\"NULL\":6,\"TIMESTAMP\":7,\"LONGLONG\":8,\"INT24\":9,\"DATE\":10,\"TIME\":11,\"DATETIME\":12,\"YEAR\":13,\"NEWDATE\":14,\"VARCHAR\":15,\"BIT\":16,\"JSON\":245,\"NEWDECIMAL\":246,\"ENUM\":247,\"SET\":248,\"TINY_BLOB\":249,\"MEDIUM_BLOB\":250,\"LONG_BLOB\":251,\"BLOB\":252,\"VAR_STRING\":253,\"STRING\":254,\"GEOMETRY\":255},\"Charsets\":{\"BIG5_CHINESE_CI\":1,\"LATIN2_CZECH_CS\":2,\"DEC8_SWEDISH_CI\":3,\"CP850_GENERAL_CI\":4,\"LATIN1_GERMAN1_CI\":5,\"HP8_ENGLISH_CI\":6,\"KOI8R_GENERAL_CI\":7,\"LATIN1_SWEDISH_CI\":8,\"LATIN2_GENERAL_CI\":9,\"SWE7_SWEDISH_CI\":10,\"ASCII_GENERAL_CI\":11,\"UJIS_JAPANESE_CI\":12,\"SJIS_JAPANESE_CI\":13,\"CP1251_BULGARIAN_CI\":14,\"LATIN1_DANISH_CI\":15,\"HEBREW_GENERAL_CI\":16,\"TIS620_THAI_CI\":18,\"EUCKR_KOREAN_CI\":19,\"LATIN7_ESTONIAN_CS\":20,\"LATIN2_HUNGARIAN_CI\":21,\"KOI8U_GENERAL_CI\":22,\"CP1251_UKRAINIAN_CI\":23,\"GB2312_CHINESE_CI\":24,\"GREEK_GENERAL_CI\":25,\"CP1250_GENERAL_CI\":26,\"LATIN2_CROATIAN_CI\":27,\"GBK_CHINESE_CI\":28,\"CP1257_LITHUANIAN_CI\":29,\"LATIN5_TURKISH_CI\":30,\"LATIN1_GERMAN2_CI\":31,\"ARMSCII8_GENERAL_CI\":32,\"UTF8_GENERAL_CI\":33,\"CP1250_CZECH_CS\":34,\"UCS2_GENERAL_CI\":35,\"CP866_GENERAL_CI\":36,\"KEYBCS2_GENERAL_CI\":37,\"MACCE_GENERAL_CI\":38,\"MACROMAN_GENERAL_CI\":39,\"CP852_GENERAL_CI\":40,\"LATIN7_GENERAL_CI\":41,\"LATIN7_GENERAL_CS\":42,\"MACCE_BIN\":43,\"CP1250_CROATIAN_CI\":44,\"UTF8MB4_GENERAL_CI\":45,\"UTF8MB4_BIN\":46,\"LATIN1_BIN\":47,\"LATIN1_GENERAL_CI\":48,\"LATIN1_GENERAL_CS\":49,\"CP1251_BIN\":50,\"CP1251_GENERAL_CI\":51,\"CP1251_GENERAL_CS\":52,\"MACROMAN_BIN\":53,\"UTF16_GENERAL_CI\":54,\"UTF16_BIN\":55,\"UTF16LE_GENERAL_CI\":56,\"CP1256_GENERAL_CI\":57,\"CP1257_BIN\":58,\"CP1257_GENERAL_CI\":59,\"UTF32_GENERAL_CI\":60,\"UTF32_BIN\":61,\"UTF16LE_BIN\":62,\"BINARY\":63,\"ARMSCII8_BIN\":64,\"ASCII_BIN\":65,\"CP1250_BIN\":66,\"CP1256_BIN\":67,\"CP866_BIN\":68,\"DEC8_BIN\":69,\"GREEK_BIN\":70,\"HEBREW_BIN\":71,\"HP8_BIN\":72,\"KEYBCS2_BIN\":73,\"KOI8R_BIN\":74,\"KOI8U_BIN\":75,\"UTF8_TOLOWER_CI\":76,\"LATIN2_BIN\":77,\"LATIN5_BIN\":78,\"LATIN7_BIN\":79,\"CP850_BIN\":80,\"CP852_BIN\":81,\"SWE7_BIN\":82,\"UTF8_BIN\":83,\"BIG5_BIN\":84,\"EUCKR_BIN\":85,\"GB2312_BIN\":86,\"GBK_BIN\":87,\"SJIS_BIN\":88,\"TIS620_BIN\":89,\"UCS2_BIN\":90,\"UJIS_BIN\":91,\"GEOSTD8_GENERAL_CI\":92,\"GEOSTD8_BIN\":93,\"LATIN1_SPANISH_CI\":94,\"CP932_JAPANESE_CI\":95,\"CP932_BIN\":96,\"EUCJPMS_JAPANESE_CI\":97,\"EUCJPMS_BIN\":98,\"CP1250_POLISH_CI\":99,\"UTF16_UNICODE_CI\":101,\"UTF16_ICELANDIC_CI\":102,\"UTF16_LATVIAN_CI\":103,\"UTF16_ROMANIAN_CI\":104,\"UTF16_SLOVENIAN_CI\":105,\"UTF16_POLISH_CI\":106,\"UTF16_ESTONIAN_CI\":107,\"UTF16_SPANISH_CI\":108,\"UTF16_SWEDISH_CI\":109,\"UTF16_TURKISH_CI\":110,\"UTF16_CZECH_CI\":111,\"UTF16_DANISH_CI\":112,\"UTF16_LITHUANIAN_CI\":113,\"UTF16_SLOVAK_CI\":114,\"UTF16_SPANISH2_CI\":115,\"UTF16_ROMAN_CI\":116,\"UTF16_PERSIAN_CI\":117,\"UTF16_ESPERANTO_CI\":118,\"UTF16_HUNGARIAN_CI\":119,\"UTF16_SINHALA_CI\":120,\"UTF16_GERMAN2_CI\":121,\"UTF16_CROATIAN_CI\":122,\"UTF16_UNICODE_520_CI\":123,\"UTF16_VIETNAMESE_CI\":124,\"UCS2_UNICODE_CI\":128,\"UCS2_ICELANDIC_CI\":129,\"UCS2_LATVIAN_CI\":130,\"UCS2_ROMANIAN_CI\":131,\"UCS2_SLOVENIAN_CI\":132,\"UCS2_POLISH_CI\":133,\"UCS2_ESTONIAN_CI\":134,\"UCS2_SPANISH_CI\":135,\"UCS2_SWEDISH_CI\":136,\"UCS2_TURKISH_CI\":137,\"UCS2_CZECH_CI\":138,\"UCS2_DANISH_CI\":139,\"UCS2_LITHUANIAN_CI\":140,\"UCS2_SLOVAK_CI\":141,\"UCS2_SPANISH2_CI\":142,\"UCS2_ROMAN_CI\":143,\"UCS2_PERSIAN_CI\":144,\"UCS2_ESPERANTO_CI\":145,\"UCS2_HUNGARIAN_CI\":146,\"UCS2_SINHALA_CI\":147,\"UCS2_GERMAN2_CI\":148,\"UCS2_CROATIAN_CI\":149,\"UCS2_UNICODE_520_CI\":150,\"UCS2_VIETNAMESE_CI\":151,\"UCS2_GENERAL_MYSQL500_CI\":159,\"UTF32_UNICODE_CI\":160,\"UTF32_ICELANDIC_CI\":161,\"UTF32_LATVIAN_CI\":162,\"UTF32_ROMANIAN_CI\":163,\"UTF32_SLOVENIAN_CI\":164,\"UTF32_POLISH_CI\":165,\"UTF32_ESTONIAN_CI\":166,\"UTF32_SPANISH_CI\":167,\"UTF32_SWEDISH_CI\":168,\"UTF32_TURKISH_CI\":169,\"UTF32_CZECH_CI\":170,\"UTF32_DANISH_CI\":171,\"UTF32_LITHUANIAN_CI\":172,\"UTF32_SLOVAK_CI\":173,\"UTF32_SPANISH2_CI\":174,\"UTF32_ROMAN_CI\":175,\"UTF32_PERSIAN_CI\":176,\"UTF32_ESPERANTO_CI\":177,\"UTF32_HUNGARIAN_CI\":178,\"UTF32_SINHALA_CI\":179,\"UTF32_GERMAN2_CI\":180,\"UTF32_CROATIAN_CI\":181,\"UTF32_UNICODE_520_CI\":182,\"UTF32_VIETNAMESE_CI\":183,\"UTF8_UNICODE_CI\":192,\"UTF8_ICELANDIC_CI\":193,\"UTF8_LATVIAN_CI\":194,\"UTF8_ROMANIAN_CI\":195,\"UTF8_SLOVENIAN_CI\":196,\"UTF8_POLISH_CI\":197,\"UTF8_ESTONIAN_CI\":198,\"UTF8_SPANISH_CI\":199,\"UTF8_SWEDISH_CI\":200,\"UTF8_TURKISH_CI\":201,\"UTF8_CZECH_CI\":202,\"UTF8_DANISH_CI\":203,\"UTF8_LITHUANIAN_CI\":204,\"UTF8_SLOVAK_CI\":205,\"UTF8_SPANISH2_CI\":206,\"UTF8_ROMAN_CI\":207,\"UTF8_PERSIAN_CI\":208,\"UTF8_ESPERANTO_CI\":209,\"UTF8_HUNGARIAN_CI\":210,\"UTF8_SINHALA_CI\":211,\"UTF8_GERMAN2_CI\":212,\"UTF8_CROATIAN_CI\":213,\"UTF8_UNICODE_520_CI\":214,\"UTF8_VIETNAMESE_CI\":215,\"UTF8_GENERAL_MYSQL500_CI\":223,\"UTF8MB4_UNICODE_CI\":224,\"UTF8MB4_ICELANDIC_CI\":225,\"UTF8MB4_LATVIAN_CI\":226,\"UTF8MB4_ROMANIAN_CI\":227,\"UTF8MB4_SLOVENIAN_CI\":228,\"UTF8MB4_POLISH_CI\":229,\"UTF8MB4_ESTONIAN_CI\":230,\"UTF8MB4_SPANISH_CI\":231,\"UTF8MB4_SWEDISH_CI\":232,\"UTF8MB4_TURKISH_CI\":233,\"UTF8MB4_CZECH_CI\":234,\"UTF8MB4_DANISH_CI\":235,\"UTF8MB4_LITHUANIAN_CI\":236,\"UTF8MB4_SLOVAK_CI\":237,\"UTF8MB4_SPANISH2_CI\":238,\"UTF8MB4_ROMAN_CI\":239,\"UTF8MB4_PERSIAN_CI\":240,\"UTF8MB4_ESPERANTO_CI\":241,\"UTF8MB4_HUNGARIAN_CI\":242,\"UTF8MB4_SINHALA_CI\":243,\"UTF8MB4_GERMAN2_CI\":244,\"UTF8MB4_CROATIAN_CI\":245,\"UTF8MB4_UNICODE_520_CI\":246,\"UTF8MB4_VIETNAMESE_CI\":247,\"GB18030_CHINESE_CI\":248,\"GB18030_BIN\":249,\"GB18030_UNICODE_520_CI\":250,\"UTF8_GENERAL50_CI\":253,\"UTF8MB4_0900_AI_CI\":255,\"UTF8MB4_CS_0900_AI_CI\":266,\"UTF8MB4_DA_0900_AI_CI\":267,\"UTF8MB4_DE_PB_0900_AI_CI\":256,\"UTF8MB4_EO_0900_AI_CI\":273,\"UTF8MB4_ES_0900_AI_CI\":263,\"UTF8MB4_ES_TRAD_0900_AI_CI\":270,\"UTF8MB4_ET_0900_AI_CI\":262,\"UTF8MB4_HR_0900_AI_CI\":275,\"UTF8MB4_HU_0900_AI_CI\":274,\"UTF8MB4_IS_0900_AI_CI\":257,\"UTF8MB4_LA_0900_AI_CI\":271,\"UTF8MB4_LT_0900_AI_CI\":268,\"UTF8MB4_LV_0900_AI_CI\":258,\"UTF8MB4_PL_0900_AI_CI\":261,\"UTF8MB4_RO_0900_AI_CI\":259,\"UTF8MB4_SK_0900_AI_CI\":269,\"UTF8MB4_SL_0900_AI_CI\":260,\"UTF8MB4_SV_0900_AI_CI\":264,\"UTF8MB4_TR_0900_AI_CI\":265,\"UTF8MB4_VI_0900_AI_CI\":277,\"BIG5\":1,\"DEC8\":3,\"CP850\":4,\"HP8\":6,\"KOI8R\":7,\"LATIN1\":8,\"LATIN2\":9,\"SWE7\":10,\"ASCII\":11,\"UJIS\":12,\"SJIS\":13,\"HEBREW\":16,\"TIS620\":18,\"EUCKR\":19,\"KOI8U\":22,\"GB2312\":24,\"GREEK\":25,\"CP1250\":26,\"GBK\":28,\"LATIN5\":30,\"ARMSCII8\":32,\"UTF8\":33,\"UCS2\":35,\"CP866\":36,\"KEYBCS2\":37,\"MACCE\":38,\"MACROMAN\":39,\"CP852\":40,\"LATIN7\":41,\"UTF8MB4\":45,\"CP1251\":51,\"UTF16\":54,\"UTF16LE\":56,\"CP1256\":57,\"CP1257\":59,\"UTF32\":60,\"CP932\":95,\"EUCJPMS\":97,\"GB18030\":248,\"GEOSTD8\":92},\"CharsetToEncoding\":[\"utf8\",\"big5\",\"latin2\",\"dec8\",\"cp850\",\"latin1\",\"hp8\",\"koi8r\",\"latin1\",\"latin2\",\"swe7\",\"ascii\",\"eucjp\",\"sjis\",\"cp1251\",\"latin1\",\"hebrew\",\"utf8\",\"tis620\",\"euckr\",\"latin7\",\"latin2\",\"koi8u\",\"cp1251\",\"gb2312\",\"greek\",\"cp1250\",\"latin2\",\"gbk\",\"cp1257\",\"latin5\",\"latin1\",\"armscii8\",\"cesu8\",\"cp1250\",\"ucs2\",\"cp866\",\"keybcs2\",\"macintosh\",\"macroman\",\"cp852\",\"latin7\",\"latin7\",\"macintosh\",\"cp1250\",\"utf8\",\"utf8\",\"latin1\",\"latin1\",\"latin1\",\"cp1251\",\"cp1251\",\"cp1251\",\"macroman\",\"utf16\",\"utf16\",\"utf16-le\",\"cp1256\",\"cp1257\",\"cp1257\",\"utf32\",\"utf32\",\"utf16-le\",\"binary\",\"armscii8\",\"ascii\",\"cp1250\",\"cp1256\",\"cp866\",\"dec8\",\"greek\",\"hebrew\",\"hp8\",\"keybcs2\",\"koi8r\",\"koi8u\",\"cesu8\",\"latin2\",\"latin5\",\"latin7\",\"cp850\",\"cp852\",\"swe7\",\"cesu8\",\"big5\",\"euckr\",\"gb2312\",\"gbk\",\"sjis\",\"tis620\",\"ucs2\",\"eucjp\",\"geostd8\",\"geostd8\",\"latin1\",\"cp932\",\"cp932\",\"eucjpms\",\"eucjpms\",\"cp1250\",\"utf8\",\"utf16\",\"utf16\",\"utf16\",\"utf16\",\"utf16\",\"utf16\",\"utf16\",\"utf16\",\"utf16\",\"utf16\",\"utf16\",\"utf16\",\"utf16\",\"utf16\",\"utf16\",\"utf16\",\"utf16\",\"utf16\",\"utf16\",\"utf16\",\"utf16\",\"utf16\",\"utf16\",\"utf16\",\"utf8\",\"utf8\",\"utf8\",\"ucs2\",\"ucs2\",\"ucs2\",\"ucs2\",\"ucs2\",\"ucs2\",\"ucs2\",\"ucs2\",\"ucs2\",\"ucs2\",\"ucs2\",\"ucs2\",\"ucs2\",\"ucs2\",\"ucs2\",\"ucs2\",\"ucs2\",\"ucs2\",\"ucs2\",\"ucs2\",\"ucs2\",\"ucs2\",\"ucs2\",\"ucs2\",\"utf8\",\"utf8\",\"utf8\",\"utf8\",\"utf8\",\"utf8\",\"utf8\",\"ucs2\",\"utf32\",\"utf32\",\"utf32\",\"utf32\",\"utf32\",\"utf32\",\"utf32\",\"utf32\",\"utf32\",\"utf32\",\"utf32\",\"utf32\",\"utf32\",\"utf32\",\"utf32\",\"utf32\",\"utf32\",\"utf32\",\"utf32\",\"utf32\",\"utf32\",\"utf32\",\"utf32\",\"utf32\",\"utf8\",\"utf8\",\"utf8\",\"utf8\",\"utf8\",\"utf8\",\"utf8\",\"utf8\",\"cesu8\",\"cesu8\",\"cesu8\",\"cesu8\",\"cesu8\",\"cesu8\",\"cesu8\",\"cesu8\",\"cesu8\",\"cesu8\",\"cesu8\",\"cesu8\",\"cesu8\",\"cesu8\",\"cesu8\",\"cesu8\",\"cesu8\",\"cesu8\",\"cesu8\",\"cesu8\",\"cesu8\",\"cesu8\",\"cesu8\",\"cesu8\",\"utf8\",\"utf8\",\"utf8\",\"utf8\",\"utf8\",\"utf8\",\"utf8\",\"cesu8\",\"utf8\",\"utf8\",\"utf8\",\"utf8\",\"utf8\",\"utf8\",\"utf8\",\"utf8\",\"utf8\",\"utf8\",\"utf8\",\"utf8\",\"utf8\",\"utf8\",\"utf8\",\"utf8\",\"utf8\",\"utf8\",\"utf8\",\"utf8\",\"utf8\",\"utf8\",\"utf8\",\"utf8\",\"gb18030\",\"gb18030\",\"gb18030\",\"utf8\",\"utf8\",\"utf8\",\"utf8\",\"utf8\",\"utf8\",\"utf8\",\"utf8\",\"utf8\",\"utf8\",\"utf8\",\"utf8\",\"utf8\",\"utf8\",\"utf8\",\"utf8\",\"utf8\",\"utf8\",\"utf8\",\"utf8\",\"utf8\",\"utf8\",\"utf8\",\"utf8\",\"utf8\",\"utf8\",\"utf8\",\"utf8\",\"utf8\",\"utf8\",\"utf8\",\"utf8\",\"utf8\",\"utf8\",\"utf8\",\"utf8\",\"utf8\",\"utf8\",\"utf8\",\"utf8\",\"utf8\",\"utf8\",\"utf8\",\"utf8\",\"utf8\",\"utf8\",\"utf8\",\"utf8\",\"utf8\",\"utf8\",\"utf8\",\"utf8\",\"utf8\",\"utf8\",\"utf8\"]}},\"QueryGenerator\":{\"dialect\":\"mysql\",\"OperatorMap\":{},\"_templateSettings\":{\"escape\":{},\"evaluate\":{},\"interpolate\":{},\"variable\":\"\",\"imports\":{}},\"options\":\"~transaction~sequelize~options\",\"OperatorsAliasMap\":false,\"_dialect\":\"~transaction~sequelize~dialect\",\"sequelize\":\"~transaction~sequelize\"}},\"queryInterface\":{\"sequelize\":\"~transaction~sequelize\",\"QueryGenerator\":\"~transaction~sequelize~dialect~QueryGenerator\"},\"models\":{},\"modelManager\":{\"models\":[null,null,null,null,null,null,null,null,null,null,null,null,null,null,null,null,null,null,null,null,null,null,null,null,null,null,null,null,null,null,null,null,null,null,null,null,null],\"sequelize\":\"~transaction~sequelize\"},\"connectionManager\":\"~transaction~sequelize~dialect~connectionManager\",\"importCache\":{},\"test\":{\"_trackRunningQueries\":false,\"_runningQueries\":0}},\"savepoints\":[],\"_afterCommitHooks\":[],\"options\":{\"autocommit\":null,\"type\":\"DEFERRED\",\"isolationLevel\":null,\"readOnly\":false},\"id\":\"ba6471bf-fb1f-416b-854f-ed67a9bfa6bb\",\"connection\":{\"_events\":{},\"_eventsCount\":1,\"config\":{\"host\":\"127.0.0.1\",\"port\":3306,\"user\":\"root\",\"database\":\"interview_buddy\",\"connectTimeout\":10000,\"insecureAuth\":false,\"supportBigNumbers\":true,\"bigNumberStrings\":false,\"decimalNumbers\":false,\"dateStrings\":false,\"trace\":true,\"stringifyObjects\":false,\"timezone\":\"+00:00\",\"ssl\":false,\"multipleStatements\":false,\"rowsAsArray\":false,\"namedPlaceholders\":false,\"maxPacketSize\":0,\"charsetNumber\":224,\"compress\":false,\"clientFlags\":8582093,\"maxPreparedStatements\":16000},\"stream\":{\"connecting\":false,\"_hadError\":false,\"_handle\":{\"reading\":true,\"onconnection\":null},\"_parent\":null,\"_host\":null,\"_readableState\":{\"objectMode\":false,\"highWaterMark\":16384,\"buffer\":{\"head\":null,\"tail\":null,\"length\":0},\"length\":0,\"pipes\":null,\"pipesCount\":0,\"flowing\":true,\"ended\":false,\"endEmitted\":false,\"reading\":true,\"sync\":false,\"needReadable\":true,\"emittedReadable\":false,\"readableListening\":false,\"resumeScheduled\":false,\"paused\":false,\"emitClose\":false,\"autoDestroy\":false,\"destroyed\":false,\"defaultEncoding\":\"utf8\",\"awaitDrain\":0,\"readingMore\":false,\"decoder\":null,\"encoding\":null},\"readable\":true,\"_events\":{},\"_eventsCount\":4,\"_writableState\":{\"objectMode\":false,\"highWaterMark\":16384,\"finalCalled\":false,\"needDrain\":false,\"ending\":false,\"ended\":false,\"finished\":false,\"destroyed\":false,\"decodeStrings\":false,\"defaultEncoding\":\"utf8\",\"length\":0,\"writing\":false,\"corked\":0,\"sync\":false,\"bufferProcessing\":false,\"writecb\":null,\"writelen\":0,\"bufferedRequest\":null,\"lastBufferedRequest\":null,\"pendingcb\":0,\"prefinished\":false,\"errorEmitted\":false,\"emitClose\":false,\"autoDestroy\":false,\"bufferedRequestCount\":0,\"corkedRequestsFree\":{\"next\":null,\"entry\":null}},\"writable\":true,\"allowHalfOpen\":false,\"_sockname\":null,\"_pendingData\":null,\"_pendingEncoding\":\"\",\"server\":null,\"_server\":null},\"_internalId\":186,\"_commands\":{\"_head\":0,\"_tail\":0,\"_capacityMask\":3,\"_list\":[null,null,null,null]},\"_paused\":false,\"_paused_packets\":{\"_head\":0,\"_tail\":0,\"_capacityMask\":3,\"_list\":[null,null,null,null]},\"_statements\":{},\"serverCapabilityFlags\":2688546815,\"authorized\":true,\"sequenceId\":2,\"compressedSequenceId\":0,\"threadId\":508,\"_handshakePacket\":{\"protocolVersion\":10,\"serverVersion\":\"5.5.5-10.1.37-MariaDB\",\"capabilityFlags\":2688546815,\"connectionId\":508,\"authPluginData1\":{\"type\":\"Buffer\",\"data\":[87,80,107,76,121,62,101,98]},\"authPluginData2\":{\"type\":\"Buffer\",\"data\":[61,73,54,112,85,57,91,62,101,98,59,62]},\"characterSet\":8,\"statusFlags\":2},\"_fatalError\":null,\"_protocolError\":null,\"_outOfOrderPackets\":[],\"clientEncoding\":\"utf8\",\"packetParser\":{\"buffer\":[],\"bufferLength\":0,\"packetHeaderLength\":4,\"headerLen\":0,\"length\":46,\"largePacketParts\":[],\"firstPacketSequenceId\":0},\"serverEncoding\":\"latin1\",\"connectTimeout\":null,\"connectionId\":508,\"uuid\":\"ba6471bf-fb1f-416b-854f-ed67a9bfa6bb\"}},\"fields\":[\"id\",\"userId\",\"userSkills\",\"createdAt\",\"updatedAt\"],\"auth\":1}', '[6,7,8,9]', 1, '2019-02-14 07:01:32', '2019-02-14 07:01:32');
INSERT INTO `logs` (`id`, `tableName`, `action`, `remarks`, `respectiveId`, `userId`, `createdAt`, `updatedAt`) VALUES
(50, 'user_groups_map', 'insert', '{\"validate\":false,\"hooks\":true,\"individualHooks\":false,\"ignoreDuplicates\":false,\"transaction\":{\"sequelize\":{\"options\":{\"dialect\":\"mysql\",\"dialectModulePath\":null,\"host\":\"127.0.0.1\",\"protocol\":\"tcp\",\"define\":{},\"query\":{},\"sync\":{},\"timezone\":\"+00:00\",\"omitNull\":false,\"native\":false,\"replication\":false,\"pool\":{},\"quoteIdentifiers\":true,\"hooks\":{\"afterCreate\":[null],\"afterUpdate\":[null],\"afterBulkUpdate\":[null],\"afterBulkCreate\":[null]},\"retry\":{\"max\":5,\"match\":[\"SQLITE_BUSY: database is locked\"]},\"transactionType\":\"DEFERRED\",\"isolationLevel\":null,\"databaseVersion\":\"10.1.37-MariaDB\",\"typeValidation\":false,\"benchmark\":false,\"operatorsAliases\":false,\"username\":\"root\",\"password\":null,\"database\":\"interview_buddy\"},\"config\":{\"database\":\"interview_buddy\",\"username\":\"root\",\"password\":null,\"host\":\"127.0.0.1\",\"port\":3306,\"pool\":\"~transaction~sequelize~options~pool\",\"protocol\":\"tcp\",\"native\":false,\"replication\":false,\"dialectModulePath\":null},\"dialect\":{\"sequelize\":\"~transaction~sequelize\",\"connectionManager\":{\"sequelize\":\"~transaction~sequelize\",\"config\":{\"database\":\"interview_buddy\",\"username\":\"root\",\"password\":null,\"host\":\"127.0.0.1\",\"pool\":{\"max\":5,\"min\":0,\"idle\":10000,\"acquire\":10000,\"evict\":10000,\"handleDisconnects\":true},\"protocol\":\"tcp\",\"native\":false,\"replication\":false,\"dialectModulePath\":null},\"dialect\":\"~transaction~sequelize~dialect\",\"versionPromise\":null,\"dialectName\":\"mysql\",\"pool\":{\"_events\":{},\"_eventsCount\":0,\"_config\":{\"fifo\":true,\"priorityRange\":1,\"testOnBorrow\":true,\"testOnReturn\":false,\"autostart\":false,\"acquireTimeoutMillis\":10000,\"max\":5,\"min\":0,\"evictionRunIntervalMillis\":10000,\"numTestsPerEvictionRun\":3,\"softIdleTimeoutMillis\":-1,\"idleTimeoutMillis\":10000},\"_factory\":{},\"_draining\":false,\"_started\":true,\"_waitingClientsQueue\":{\"_size\":1,\"_slots\":[{\"_list\":{\"head\":{\"prev\":null,\"next\":{\"prev\":\"~transaction~sequelize~dialect~connectionManager~pool~_waitingClientsQueue~_slots~0~_list~head\",\"next\":null,\"data\":{\"_state\":\"PENDING\",\"_promise\":{\"isFulfilled\":false,\"isRejected\":false},\"_creationTimestamp\":1550127692233,\"_timeout\":{\"_idleTimeout\":10000,\"_idlePrev\":{\"_idleNext\":\"~transaction~sequelize~dialect~connectionManager~pool~_waitingClientsQueue~_slots~0~_list~head~next~data~_timeout\",\"_idlePrev\":{\"_idleTimeout\":10000,\"_idlePrev\":{\"_idleTimeout\":10000,\"_idlePrev\":\"~transaction~sequelize~dialect~connectionManager~pool~_waitingClientsQueue~_slots~0~_list~head~next~data~_timeout\",\"_idleNext\":\"~transaction~sequelize~dialect~connectionManager~pool~_waitingClientsQueue~_slots~0~_list~head~next~data~_timeout~_idlePrev~_idlePrev\",\"_idleStart\":4684056,\"_repeat\":null,\"_destroyed\":false},\"_idleNext\":\"~transaction~sequelize~dialect~connectionManager~pool~_waitingClientsQueue~_slots~0~_list~head~next~data~_timeout~_idlePrev\",\"_idleStart\":4683005,\"_repeat\":null,\"_destroyed\":false},\"expiry\":4693005,\"id\":-9007199254739966,\"msecs\":10000,\"priorityQueuePosition\":3},\"_idleNext\":\"~transaction~sequelize~dialect~connectionManager~pool~_waitingClientsQueue~_slots~0~_list~head~next~data~_timeout~_idlePrev~_idlePrev~_idlePrev\",\"_idleStart\":4684059,\"_repeat\":null,\"_destroyed\":false}}},\"data\":{\"_state\":\"PENDING\",\"_promise\":{\"isFulfilled\":false,\"isRejected\":false},\"_creationTimestamp\":1550127692230,\"_timeout\":\"~transaction~sequelize~dialect~connectionManager~pool~_waitingClientsQueue~_slots~0~_list~head~next~data~_timeout~_idlePrev~_idlePrev~_idlePrev\"}},\"tail\":\"~transaction~sequelize~dialect~connectionManager~pool~_waitingClientsQueue~_slots~0~_list~head~next\",\"length\":2}}]},\"_factoryCreateOperations\":{},\"_factoryDestroyOperations\":{},\"_availableObjects\":{\"_list\":{\"head\":null,\"tail\":null,\"length\":0}},\"_testOnBorrowResources\":{},\"_testOnReturnResources\":{},\"_validationOperations\":{},\"_allObjects\":{},\"_resourceLoans\":{},\"_evictionIterator\":{\"_list\":\"~transaction~sequelize~dialect~connectionManager~pool~_availableObjects~_list\",\"_direction\":\"next\",\"_startPosition\":\"head\",\"_started\":true,\"_cursor\":{\"prev\":null,\"next\":null,\"data\":{\"creationTime\":1550127676194,\"lastReturnTime\":1550127683056,\"lastBorrowTime\":1550127683055,\"lastIdleTime\":1550127683056,\"obj\":{\"_events\":{},\"_eventsCount\":1,\"config\":{\"host\":\"127.0.0.1\",\"port\":3306,\"user\":\"root\",\"database\":\"interview_buddy\",\"connectTimeout\":10000,\"insecureAuth\":false,\"supportBigNumbers\":true,\"bigNumberStrings\":false,\"decimalNumbers\":false,\"dateStrings\":false,\"trace\":true,\"stringifyObjects\":false,\"timezone\":\"+00:00\",\"ssl\":false,\"multipleStatements\":false,\"rowsAsArray\":false,\"namedPlaceholders\":false,\"maxPacketSize\":0,\"charsetNumber\":224,\"compress\":false,\"clientFlags\":8582093,\"maxPreparedStatements\":16000},\"stream\":{\"connecting\":false,\"_hadError\":false,\"_handle\":null,\"_parent\":null,\"_host\":null,\"_readableState\":{\"objectMode\":false,\"highWaterMark\":16384,\"buffer\":{\"head\":null,\"tail\":null,\"length\":0},\"length\":0,\"pipes\":null,\"pipesCount\":0,\"flowing\":true,\"ended\":true,\"endEmitted\":true,\"reading\":false,\"sync\":false,\"needReadable\":false,\"emittedReadable\":false,\"readableListening\":false,\"resumeScheduled\":false,\"paused\":false,\"emitClose\":false,\"autoDestroy\":false,\"destroyed\":true,\"defaultEncoding\":\"utf8\",\"awaitDrain\":0,\"readingMore\":false,\"decoder\":null,\"encoding\":null},\"readable\":false,\"_events\":{},\"_eventsCount\":5,\"_writableState\":{\"objectMode\":false,\"highWaterMark\":16384,\"finalCalled\":true,\"needDrain\":false,\"ending\":true,\"ended\":true,\"finished\":false,\"destroyed\":true,\"decodeStrings\":false,\"defaultEncoding\":\"utf8\",\"length\":0,\"writing\":false,\"corked\":0,\"sync\":false,\"bufferProcessing\":false,\"writecb\":null,\"writelen\":0,\"bufferedRequest\":null,\"lastBufferedRequest\":null,\"pendingcb\":1,\"prefinished\":false,\"errorEmitted\":false,\"emitClose\":false,\"autoDestroy\":false,\"bufferedRequestCount\":0,\"corkedRequestsFree\":{\"next\":null,\"entry\":null}},\"writable\":false,\"allowHalfOpen\":false,\"_sockname\":null,\"_pendingData\":null,\"_pendingEncoding\":\"\",\"server\":null,\"_server\":null},\"_internalId\":185,\"_commands\":{\"_head\":0,\"_tail\":0,\"_capacityMask\":3,\"_list\":[null,null,null,null]},\"_paused\":false,\"_paused_packets\":{\"_head\":0,\"_tail\":0,\"_capacityMask\":3,\"_list\":[null,null,null,null]},\"_statements\":{},\"serverCapabilityFlags\":2688546815,\"authorized\":true,\"sequenceId\":1,\"compressedSequenceId\":0,\"threadId\":507,\"_handshakePacket\":{\"protocolVersion\":10,\"serverVersion\":\"5.5.5-10.1.37-MariaDB\",\"capabilityFlags\":2688546815,\"connectionId\":507,\"authPluginData1\":{\"type\":\"Buffer\",\"data\":[35,46,95,116,75,89,92,66]},\"authPluginData2\":{\"type\":\"Buffer\",\"data\":[116,67,48,102,49,97,115,64,37,55,37,82]},\"characterSet\":8,\"statusFlags\":2},\"_fatalError\":null,\"_protocolError\":null,\"_outOfOrderPackets\":[],\"clientEncoding\":\"utf8\",\"packetParser\":{\"buffer\":[],\"bufferLength\":0,\"packetHeaderLength\":4,\"headerLen\":0,\"length\":5,\"largePacketParts\":[],\"firstPacketSequenceId\":0},\"serverEncoding\":\"latin1\",\"connectTimeout\":null,\"connectionId\":507,\"_closing\":true},\"state\":\"INVALID\"}},\"_done\":false},\"_evictor\":{},\"_scheduledEviction\":\"~transaction~sequelize~dialect~connectionManager~pool~_waitingClientsQueue~_slots~0~_list~head~next~data~_timeout~_idlePrev~_idlePrev\"},\"lib\":{\"Types\":{\"DECIMAL\":0,\"TINY\":1,\"SHORT\":2,\"LONG\":3,\"FLOAT\":4,\"DOUBLE\":5,\"NULL\":6,\"TIMESTAMP\":7,\"LONGLONG\":8,\"INT24\":9,\"DATE\":10,\"TIME\":11,\"DATETIME\":12,\"YEAR\":13,\"NEWDATE\":14,\"VARCHAR\":15,\"BIT\":16,\"JSON\":245,\"NEWDECIMAL\":246,\"ENUM\":247,\"SET\":248,\"TINY_BLOB\":249,\"MEDIUM_BLOB\":250,\"LONG_BLOB\":251,\"BLOB\":252,\"VAR_STRING\":253,\"STRING\":254,\"GEOMETRY\":255},\"Charsets\":{\"BIG5_CHINESE_CI\":1,\"LATIN2_CZECH_CS\":2,\"DEC8_SWEDISH_CI\":3,\"CP850_GENERAL_CI\":4,\"LATIN1_GERMAN1_CI\":5,\"HP8_ENGLISH_CI\":6,\"KOI8R_GENERAL_CI\":7,\"LATIN1_SWEDISH_CI\":8,\"LATIN2_GENERAL_CI\":9,\"SWE7_SWEDISH_CI\":10,\"ASCII_GENERAL_CI\":11,\"UJIS_JAPANESE_CI\":12,\"SJIS_JAPANESE_CI\":13,\"CP1251_BULGARIAN_CI\":14,\"LATIN1_DANISH_CI\":15,\"HEBREW_GENERAL_CI\":16,\"TIS620_THAI_CI\":18,\"EUCKR_KOREAN_CI\":19,\"LATIN7_ESTONIAN_CS\":20,\"LATIN2_HUNGARIAN_CI\":21,\"KOI8U_GENERAL_CI\":22,\"CP1251_UKRAINIAN_CI\":23,\"GB2312_CHINESE_CI\":24,\"GREEK_GENERAL_CI\":25,\"CP1250_GENERAL_CI\":26,\"LATIN2_CROATIAN_CI\":27,\"GBK_CHINESE_CI\":28,\"CP1257_LITHUANIAN_CI\":29,\"LATIN5_TURKISH_CI\":30,\"LATIN1_GERMAN2_CI\":31,\"ARMSCII8_GENERAL_CI\":32,\"UTF8_GENERAL_CI\":33,\"CP1250_CZECH_CS\":34,\"UCS2_GENERAL_CI\":35,\"CP866_GENERAL_CI\":36,\"KEYBCS2_GENERAL_CI\":37,\"MACCE_GENERAL_CI\":38,\"MACROMAN_GENERAL_CI\":39,\"CP852_GENERAL_CI\":40,\"LATIN7_GENERAL_CI\":41,\"LATIN7_GENERAL_CS\":42,\"MACCE_BIN\":43,\"CP1250_CROATIAN_CI\":44,\"UTF8MB4_GENERAL_CI\":45,\"UTF8MB4_BIN\":46,\"LATIN1_BIN\":47,\"LATIN1_GENERAL_CI\":48,\"LATIN1_GENERAL_CS\":49,\"CP1251_BIN\":50,\"CP1251_GENERAL_CI\":51,\"CP1251_GENERAL_CS\":52,\"MACROMAN_BIN\":53,\"UTF16_GENERAL_CI\":54,\"UTF16_BIN\":55,\"UTF16LE_GENERAL_CI\":56,\"CP1256_GENERAL_CI\":57,\"CP1257_BIN\":58,\"CP1257_GENERAL_CI\":59,\"UTF32_GENERAL_CI\":60,\"UTF32_BIN\":61,\"UTF16LE_BIN\":62,\"BINARY\":63,\"ARMSCII8_BIN\":64,\"ASCII_BIN\":65,\"CP1250_BIN\":66,\"CP1256_BIN\":67,\"CP866_BIN\":68,\"DEC8_BIN\":69,\"GREEK_BIN\":70,\"HEBREW_BIN\":71,\"HP8_BIN\":72,\"KEYBCS2_BIN\":73,\"KOI8R_BIN\":74,\"KOI8U_BIN\":75,\"UTF8_TOLOWER_CI\":76,\"LATIN2_BIN\":77,\"LATIN5_BIN\":78,\"LATIN7_BIN\":79,\"CP850_BIN\":80,\"CP852_BIN\":81,\"SWE7_BIN\":82,\"UTF8_BIN\":83,\"BIG5_BIN\":84,\"EUCKR_BIN\":85,\"GB2312_BIN\":86,\"GBK_BIN\":87,\"SJIS_BIN\":88,\"TIS620_BIN\":89,\"UCS2_BIN\":90,\"UJIS_BIN\":91,\"GEOSTD8_GENERAL_CI\":92,\"GEOSTD8_BIN\":93,\"LATIN1_SPANISH_CI\":94,\"CP932_JAPANESE_CI\":95,\"CP932_BIN\":96,\"EUCJPMS_JAPANESE_CI\":97,\"EUCJPMS_BIN\":98,\"CP1250_POLISH_CI\":99,\"UTF16_UNICODE_CI\":101,\"UTF16_ICELANDIC_CI\":102,\"UTF16_LATVIAN_CI\":103,\"UTF16_ROMANIAN_CI\":104,\"UTF16_SLOVENIAN_CI\":105,\"UTF16_POLISH_CI\":106,\"UTF16_ESTONIAN_CI\":107,\"UTF16_SPANISH_CI\":108,\"UTF16_SWEDISH_CI\":109,\"UTF16_TURKISH_CI\":110,\"UTF16_CZECH_CI\":111,\"UTF16_DANISH_CI\":112,\"UTF16_LITHUANIAN_CI\":113,\"UTF16_SLOVAK_CI\":114,\"UTF16_SPANISH2_CI\":115,\"UTF16_ROMAN_CI\":116,\"UTF16_PERSIAN_CI\":117,\"UTF16_ESPERANTO_CI\":118,\"UTF16_HUNGARIAN_CI\":119,\"UTF16_SINHALA_CI\":120,\"UTF16_GERMAN2_CI\":121,\"UTF16_CROATIAN_CI\":122,\"UTF16_UNICODE_520_CI\":123,\"UTF16_VIETNAMESE_CI\":124,\"UCS2_UNICODE_CI\":128,\"UCS2_ICELANDIC_CI\":129,\"UCS2_LATVIAN_CI\":130,\"UCS2_ROMANIAN_CI\":131,\"UCS2_SLOVENIAN_CI\":132,\"UCS2_POLISH_CI\":133,\"UCS2_ESTONIAN_CI\":134,\"UCS2_SPANISH_CI\":135,\"UCS2_SWEDISH_CI\":136,\"UCS2_TURKISH_CI\":137,\"UCS2_CZECH_CI\":138,\"UCS2_DANISH_CI\":139,\"UCS2_LITHUANIAN_CI\":140,\"UCS2_SLOVAK_CI\":141,\"UCS2_SPANISH2_CI\":142,\"UCS2_ROMAN_CI\":143,\"UCS2_PERSIAN_CI\":144,\"UCS2_ESPERANTO_CI\":145,\"UCS2_HUNGARIAN_CI\":146,\"UCS2_SINHALA_CI\":147,\"UCS2_GERMAN2_CI\":148,\"UCS2_CROATIAN_CI\":149,\"UCS2_UNICODE_520_CI\":150,\"UCS2_VIETNAMESE_CI\":151,\"UCS2_GENERAL_MYSQL500_CI\":159,\"UTF32_UNICODE_CI\":160,\"UTF32_ICELANDIC_CI\":161,\"UTF32_LATVIAN_CI\":162,\"UTF32_ROMANIAN_CI\":163,\"UTF32_SLOVENIAN_CI\":164,\"UTF32_POLISH_CI\":165,\"UTF32_ESTONIAN_CI\":166,\"UTF32_SPANISH_CI\":167,\"UTF32_SWEDISH_CI\":168,\"UTF32_TURKISH_CI\":169,\"UTF32_CZECH_CI\":170,\"UTF32_DANISH_CI\":171,\"UTF32_LITHUANIAN_CI\":172,\"UTF32_SLOVAK_CI\":173,\"UTF32_SPANISH2_CI\":174,\"UTF32_ROMAN_CI\":175,\"UTF32_PERSIAN_CI\":176,\"UTF32_ESPERANTO_CI\":177,\"UTF32_HUNGARIAN_CI\":178,\"UTF32_SINHALA_CI\":179,\"UTF32_GERMAN2_CI\":180,\"UTF32_CROATIAN_CI\":181,\"UTF32_UNICODE_520_CI\":182,\"UTF32_VIETNAMESE_CI\":183,\"UTF8_UNICODE_CI\":192,\"UTF8_ICELANDIC_CI\":193,\"UTF8_LATVIAN_CI\":194,\"UTF8_ROMANIAN_CI\":195,\"UTF8_SLOVENIAN_CI\":196,\"UTF8_POLISH_CI\":197,\"UTF8_ESTONIAN_CI\":198,\"UTF8_SPANISH_CI\":199,\"UTF8_SWEDISH_CI\":200,\"UTF8_TURKISH_CI\":201,\"UTF8_CZECH_CI\":202,\"UTF8_DANISH_CI\":203,\"UTF8_LITHUANIAN_CI\":204,\"UTF8_SLOVAK_CI\":205,\"UTF8_SPANISH2_CI\":206,\"UTF8_ROMAN_CI\":207,\"UTF8_PERSIAN_CI\":208,\"UTF8_ESPERANTO_CI\":209,\"UTF8_HUNGARIAN_CI\":210,\"UTF8_SINHALA_CI\":211,\"UTF8_GERMAN2_CI\":212,\"UTF8_CROATIAN_CI\":213,\"UTF8_UNICODE_520_CI\":214,\"UTF8_VIETNAMESE_CI\":215,\"UTF8_GENERAL_MYSQL500_CI\":223,\"UTF8MB4_UNICODE_CI\":224,\"UTF8MB4_ICELANDIC_CI\":225,\"UTF8MB4_LATVIAN_CI\":226,\"UTF8MB4_ROMANIAN_CI\":227,\"UTF8MB4_SLOVENIAN_CI\":228,\"UTF8MB4_POLISH_CI\":229,\"UTF8MB4_ESTONIAN_CI\":230,\"UTF8MB4_SPANISH_CI\":231,\"UTF8MB4_SWEDISH_CI\":232,\"UTF8MB4_TURKISH_CI\":233,\"UTF8MB4_CZECH_CI\":234,\"UTF8MB4_DANISH_CI\":235,\"UTF8MB4_LITHUANIAN_CI\":236,\"UTF8MB4_SLOVAK_CI\":237,\"UTF8MB4_SPANISH2_CI\":238,\"UTF8MB4_ROMAN_CI\":239,\"UTF8MB4_PERSIAN_CI\":240,\"UTF8MB4_ESPERANTO_CI\":241,\"UTF8MB4_HUNGARIAN_CI\":242,\"UTF8MB4_SINHALA_CI\":243,\"UTF8MB4_GERMAN2_CI\":244,\"UTF8MB4_CROATIAN_CI\":245,\"UTF8MB4_UNICODE_520_CI\":246,\"UTF8MB4_VIETNAMESE_CI\":247,\"GB18030_CHINESE_CI\":248,\"GB18030_BIN\":249,\"GB18030_UNICODE_520_CI\":250,\"UTF8_GENERAL50_CI\":253,\"UTF8MB4_0900_AI_CI\":255,\"UTF8MB4_CS_0900_AI_CI\":266,\"UTF8MB4_DA_0900_AI_CI\":267,\"UTF8MB4_DE_PB_0900_AI_CI\":256,\"UTF8MB4_EO_0900_AI_CI\":273,\"UTF8MB4_ES_0900_AI_CI\":263,\"UTF8MB4_ES_TRAD_0900_AI_CI\":270,\"UTF8MB4_ET_0900_AI_CI\":262,\"UTF8MB4_HR_0900_AI_CI\":275,\"UTF8MB4_HU_0900_AI_CI\":274,\"UTF8MB4_IS_0900_AI_CI\":257,\"UTF8MB4_LA_0900_AI_CI\":271,\"UTF8MB4_LT_0900_AI_CI\":268,\"UTF8MB4_LV_0900_AI_CI\":258,\"UTF8MB4_PL_0900_AI_CI\":261,\"UTF8MB4_RO_0900_AI_CI\":259,\"UTF8MB4_SK_0900_AI_CI\":269,\"UTF8MB4_SL_0900_AI_CI\":260,\"UTF8MB4_SV_0900_AI_CI\":264,\"UTF8MB4_TR_0900_AI_CI\":265,\"UTF8MB4_VI_0900_AI_CI\":277,\"BIG5\":1,\"DEC8\":3,\"CP850\":4,\"HP8\":6,\"KOI8R\":7,\"LATIN1\":8,\"LATIN2\":9,\"SWE7\":10,\"ASCII\":11,\"UJIS\":12,\"SJIS\":13,\"HEBREW\":16,\"TIS620\":18,\"EUCKR\":19,\"KOI8U\":22,\"GB2312\":24,\"GREEK\":25,\"CP1250\":26,\"GBK\":28,\"LATIN5\":30,\"ARMSCII8\":32,\"UTF8\":33,\"UCS2\":35,\"CP866\":36,\"KEYBCS2\":37,\"MACCE\":38,\"MACROMAN\":39,\"CP852\":40,\"LATIN7\":41,\"UTF8MB4\":45,\"CP1251\":51,\"UTF16\":54,\"UTF16LE\":56,\"CP1256\":57,\"CP1257\":59,\"UTF32\":60,\"CP932\":95,\"EUCJPMS\":97,\"GB18030\":248,\"GEOSTD8\":92},\"CharsetToEncoding\":[\"utf8\",\"big5\",\"latin2\",\"dec8\",\"cp850\",\"latin1\",\"hp8\",\"koi8r\",\"latin1\",\"latin2\",\"swe7\",\"ascii\",\"eucjp\",\"sjis\",\"cp1251\",\"latin1\",\"hebrew\",\"utf8\",\"tis620\",\"euckr\",\"latin7\",\"latin2\",\"koi8u\",\"cp1251\",\"gb2312\",\"greek\",\"cp1250\",\"latin2\",\"gbk\",\"cp1257\",\"latin5\",\"latin1\",\"armscii8\",\"cesu8\",\"cp1250\",\"ucs2\",\"cp866\",\"keybcs2\",\"macintosh\",\"macroman\",\"cp852\",\"latin7\",\"latin7\",\"macintosh\",\"cp1250\",\"utf8\",\"utf8\",\"latin1\",\"latin1\",\"latin1\",\"cp1251\",\"cp1251\",\"cp1251\",\"macroman\",\"utf16\",\"utf16\",\"utf16-le\",\"cp1256\",\"cp1257\",\"cp1257\",\"utf32\",\"utf32\",\"utf16-le\",\"binary\",\"armscii8\",\"ascii\",\"cp1250\",\"cp1256\",\"cp866\",\"dec8\",\"greek\",\"hebrew\",\"hp8\",\"keybcs2\",\"koi8r\",\"koi8u\",\"cesu8\",\"latin2\",\"latin5\",\"latin7\",\"cp850\",\"cp852\",\"swe7\",\"cesu8\",\"big5\",\"euckr\",\"gb2312\",\"gbk\",\"sjis\",\"tis620\",\"ucs2\",\"eucjp\",\"geostd8\",\"geostd8\",\"latin1\",\"cp932\",\"cp932\",\"eucjpms\",\"eucjpms\",\"cp1250\",\"utf8\",\"utf16\",\"utf16\",\"utf16\",\"utf16\",\"utf16\",\"utf16\",\"utf16\",\"utf16\",\"utf16\",\"utf16\",\"utf16\",\"utf16\",\"utf16\",\"utf16\",\"utf16\",\"utf16\",\"utf16\",\"utf16\",\"utf16\",\"utf16\",\"utf16\",\"utf16\",\"utf16\",\"utf16\",\"utf8\",\"utf8\",\"utf8\",\"ucs2\",\"ucs2\",\"ucs2\",\"ucs2\",\"ucs2\",\"ucs2\",\"ucs2\",\"ucs2\",\"ucs2\",\"ucs2\",\"ucs2\",\"ucs2\",\"ucs2\",\"ucs2\",\"ucs2\",\"ucs2\",\"ucs2\",\"ucs2\",\"ucs2\",\"ucs2\",\"ucs2\",\"ucs2\",\"ucs2\",\"ucs2\",\"utf8\",\"utf8\",\"utf8\",\"utf8\",\"utf8\",\"utf8\",\"utf8\",\"ucs2\",\"utf32\",\"utf32\",\"utf32\",\"utf32\",\"utf32\",\"utf32\",\"utf32\",\"utf32\",\"utf32\",\"utf32\",\"utf32\",\"utf32\",\"utf32\",\"utf32\",\"utf32\",\"utf32\",\"utf32\",\"utf32\",\"utf32\",\"utf32\",\"utf32\",\"utf32\",\"utf32\",\"utf32\",\"utf8\",\"utf8\",\"utf8\",\"utf8\",\"utf8\",\"utf8\",\"utf8\",\"utf8\",\"cesu8\",\"cesu8\",\"cesu8\",\"cesu8\",\"cesu8\",\"cesu8\",\"cesu8\",\"cesu8\",\"cesu8\",\"cesu8\",\"cesu8\",\"cesu8\",\"cesu8\",\"cesu8\",\"cesu8\",\"cesu8\",\"cesu8\",\"cesu8\",\"cesu8\",\"cesu8\",\"cesu8\",\"cesu8\",\"cesu8\",\"cesu8\",\"utf8\",\"utf8\",\"utf8\",\"utf8\",\"utf8\",\"utf8\",\"utf8\",\"cesu8\",\"utf8\",\"utf8\",\"utf8\",\"utf8\",\"utf8\",\"utf8\",\"utf8\",\"utf8\",\"utf8\",\"utf8\",\"utf8\",\"utf8\",\"utf8\",\"utf8\",\"utf8\",\"utf8\",\"utf8\",\"utf8\",\"utf8\",\"utf8\",\"utf8\",\"utf8\",\"utf8\",\"utf8\",\"gb18030\",\"gb18030\",\"gb18030\",\"utf8\",\"utf8\",\"utf8\",\"utf8\",\"utf8\",\"utf8\",\"utf8\",\"utf8\",\"utf8\",\"utf8\",\"utf8\",\"utf8\",\"utf8\",\"utf8\",\"utf8\",\"utf8\",\"utf8\",\"utf8\",\"utf8\",\"utf8\",\"utf8\",\"utf8\",\"utf8\",\"utf8\",\"utf8\",\"utf8\",\"utf8\",\"utf8\",\"utf8\",\"utf8\",\"utf8\",\"utf8\",\"utf8\",\"utf8\",\"utf8\",\"utf8\",\"utf8\",\"utf8\",\"utf8\",\"utf8\",\"utf8\",\"utf8\",\"utf8\",\"utf8\",\"utf8\",\"utf8\",\"utf8\",\"utf8\",\"utf8\",\"utf8\",\"utf8\",\"utf8\",\"utf8\",\"utf8\",\"utf8\"]}},\"QueryGenerator\":{\"dialect\":\"mysql\",\"OperatorMap\":{},\"_templateSettings\":{\"escape\":{},\"evaluate\":{},\"interpolate\":{},\"variable\":\"\",\"imports\":{}},\"options\":\"~transaction~sequelize~options\",\"OperatorsAliasMap\":false,\"_dialect\":\"~transaction~sequelize~dialect\",\"sequelize\":\"~transaction~sequelize\"}},\"queryInterface\":{\"sequelize\":\"~transaction~sequelize\",\"QueryGenerator\":\"~transaction~sequelize~dialect~QueryGenerator\"},\"models\":{},\"modelManager\":{\"models\":[null,null,null,null,null,null,null,null,null,null,null,null,null,null,null,null,null,null,null,null,null,null,null,null,null,null,null,null,null,null,null,null,null,null,null,null,null],\"sequelize\":\"~transaction~sequelize\"},\"connectionManager\":\"~transaction~sequelize~dialect~connectionManager\",\"importCache\":{},\"test\":{\"_trackRunningQueries\":false,\"_runningQueries\":0}},\"savepoints\":[],\"_afterCommitHooks\":[],\"options\":{\"autocommit\":null,\"type\":\"DEFERRED\",\"isolationLevel\":null,\"readOnly\":false},\"id\":\"ba6471bf-fb1f-416b-854f-ed67a9bfa6bb\",\"connection\":{\"_events\":{},\"_eventsCount\":1,\"config\":{\"host\":\"127.0.0.1\",\"port\":3306,\"user\":\"root\",\"database\":\"interview_buddy\",\"connectTimeout\":10000,\"insecureAuth\":false,\"supportBigNumbers\":true,\"bigNumberStrings\":false,\"decimalNumbers\":false,\"dateStrings\":false,\"trace\":true,\"stringifyObjects\":false,\"timezone\":\"+00:00\",\"ssl\":false,\"multipleStatements\":false,\"rowsAsArray\":false,\"namedPlaceholders\":false,\"maxPacketSize\":0,\"charsetNumber\":224,\"compress\":false,\"clientFlags\":8582093,\"maxPreparedStatements\":16000},\"stream\":{\"connecting\":false,\"_hadError\":false,\"_handle\":{\"reading\":true,\"onconnection\":null},\"_parent\":null,\"_host\":null,\"_readableState\":{\"objectMode\":false,\"highWaterMark\":16384,\"buffer\":{\"head\":null,\"tail\":null,\"length\":0},\"length\":0,\"pipes\":null,\"pipesCount\":0,\"flowing\":true,\"ended\":false,\"endEmitted\":false,\"reading\":true,\"sync\":false,\"needReadable\":true,\"emittedReadable\":false,\"readableListening\":false,\"resumeScheduled\":false,\"paused\":false,\"emitClose\":false,\"autoDestroy\":false,\"destroyed\":false,\"defaultEncoding\":\"utf8\",\"awaitDrain\":0,\"readingMore\":false,\"decoder\":null,\"encoding\":null},\"readable\":true,\"_events\":{},\"_eventsCount\":4,\"_writableState\":{\"objectMode\":false,\"highWaterMark\":16384,\"finalCalled\":false,\"needDrain\":false,\"ending\":false,\"ended\":false,\"finished\":false,\"destroyed\":false,\"decodeStrings\":false,\"defaultEncoding\":\"utf8\",\"length\":0,\"writing\":false,\"corked\":0,\"sync\":false,\"bufferProcessing\":false,\"writecb\":null,\"writelen\":0,\"bufferedRequest\":null,\"lastBufferedRequest\":null,\"pendingcb\":0,\"prefinished\":false,\"errorEmitted\":false,\"emitClose\":false,\"autoDestroy\":false,\"bufferedRequestCount\":0,\"corkedRequestsFree\":{\"next\":null,\"entry\":null}},\"writable\":true,\"allowHalfOpen\":false,\"_sockname\":null,\"_pendingData\":null,\"_pendingEncoding\":\"\",\"server\":null,\"_server\":null},\"_internalId\":186,\"_commands\":{\"_head\":0,\"_tail\":0,\"_capacityMask\":3,\"_list\":[null,null,null,null]},\"_paused\":false,\"_paused_packets\":{\"_head\":0,\"_tail\":0,\"_capacityMask\":3,\"_list\":[null,null,null,null]},\"_statements\":{},\"serverCapabilityFlags\":2688546815,\"authorized\":true,\"sequenceId\":2,\"compressedSequenceId\":0,\"threadId\":508,\"_handshakePacket\":{\"protocolVersion\":10,\"serverVersion\":\"5.5.5-10.1.37-MariaDB\",\"capabilityFlags\":2688546815,\"connectionId\":508,\"authPluginData1\":{\"type\":\"Buffer\",\"data\":[87,80,107,76,121,62,101,98]},\"authPluginData2\":{\"type\":\"Buffer\",\"data\":[61,73,54,112,85,57,91,62,101,98,59,62]},\"characterSet\":8,\"statusFlags\":2},\"_fatalError\":null,\"_protocolError\":null,\"_outOfOrderPackets\":[],\"clientEncoding\":\"utf8\",\"packetParser\":{\"buffer\":[],\"bufferLength\":0,\"packetHeaderLength\":4,\"headerLen\":0,\"length\":46,\"largePacketParts\":[],\"firstPacketSequenceId\":0},\"serverEncoding\":\"latin1\",\"connectTimeout\":null,\"connectionId\":508,\"uuid\":\"ba6471bf-fb1f-416b-854f-ed67a9bfa6bb\"}},\"fields\":[\"id\",\"userId\",\"groupId\",\"createdAt\",\"updatedAt\"],\"auth\":1}', '[4,5]', 1, '2019-02-14 07:01:32', '2019-02-14 07:01:32'),
(51, 'users', 'insert', '{\"id\":10,\"fname\":\"Santhosh \",\"mname\":\"kumar\",\"lname\":\"Sathya\",\"email\":\"santosh@schemaxtech.com\",\"password\":\"5ea9477c6f31a2ce1be5fb1ab2fa3989\",\"phone\":\"8987564783\",\"gender\":\"male\",\"status\":\"active\",\"roleId\":4,\"organizationId\":2,\"updatedAt\":\"2019-02-14T09:25:32.915Z\",\"createdAt\":\"2019-02-14T09:25:32.915Z\"}', '10', 1, '2019-02-14 09:25:32', '2019-02-14 09:25:32'),
(52, 'user_profile_subdomains', 'insert', '{\"validate\":false,\"hooks\":true,\"individualHooks\":false,\"ignoreDuplicates\":false,\"transaction\":{\"sequelize\":{\"options\":{\"dialect\":\"mysql\",\"dialectModulePath\":null,\"host\":\"127.0.0.1\",\"protocol\":\"tcp\",\"define\":{},\"query\":{},\"sync\":{},\"timezone\":\"+00:00\",\"omitNull\":false,\"native\":false,\"replication\":false,\"pool\":{},\"quoteIdentifiers\":true,\"hooks\":{\"afterCreate\":[null],\"afterUpdate\":[null],\"afterBulkUpdate\":[null],\"afterBulkCreate\":[null]},\"retry\":{\"max\":5,\"match\":[\"SQLITE_BUSY: database is locked\"]},\"transactionType\":\"DEFERRED\",\"isolationLevel\":null,\"databaseVersion\":\"10.1.37-MariaDB\",\"typeValidation\":false,\"benchmark\":false,\"operatorsAliases\":false,\"username\":\"root\",\"password\":null,\"database\":\"interview_buddy\"},\"config\":{\"database\":\"interview_buddy\",\"username\":\"root\",\"password\":null,\"host\":\"127.0.0.1\",\"port\":3306,\"pool\":\"~transaction~sequelize~options~pool\",\"protocol\":\"tcp\",\"native\":false,\"replication\":false,\"dialectModulePath\":null},\"dialect\":{\"sequelize\":\"~transaction~sequelize\",\"connectionManager\":{\"sequelize\":\"~transaction~sequelize\",\"config\":{\"database\":\"interview_buddy\",\"username\":\"root\",\"password\":null,\"host\":\"127.0.0.1\",\"pool\":{\"max\":5,\"min\":0,\"idle\":10000,\"acquire\":10000,\"evict\":10000,\"handleDisconnects\":true},\"protocol\":\"tcp\",\"native\":false,\"replication\":false,\"dialectModulePath\":null},\"dialect\":\"~transaction~sequelize~dialect\",\"versionPromise\":null,\"dialectName\":\"mysql\",\"pool\":{\"_events\":{},\"_eventsCount\":0,\"_config\":{\"fifo\":true,\"priorityRange\":1,\"testOnBorrow\":true,\"testOnReturn\":false,\"autostart\":false,\"acquireTimeoutMillis\":10000,\"max\":5,\"min\":0,\"evictionRunIntervalMillis\":10000,\"numTestsPerEvictionRun\":3,\"softIdleTimeoutMillis\":-1,\"idleTimeoutMillis\":10000},\"_factory\":{},\"_draining\":false,\"_started\":true,\"_waitingClientsQueue\":{\"_size\":1,\"_slots\":[{\"_list\":{\"head\":{\"prev\":null,\"next\":null,\"data\":{\"_state\":\"PENDING\",\"_promise\":{\"isFulfilled\":false,\"isRejected\":false},\"_creationTimestamp\":1550136332923,\"_timeout\":{\"_idleTimeout\":10000,\"_idlePrev\":{\"_idleNext\":\"~transaction~sequelize~dialect~connectionManager~pool~_waitingClientsQueue~_slots~0~_list~head~data~_timeout\",\"_idlePrev\":{\"_idleTimeout\":10000,\"_idlePrev\":\"~transaction~sequelize~dialect~connectionManager~pool~_waitingClientsQueue~_slots~0~_list~head~data~_timeout\",\"_idleNext\":\"~transaction~sequelize~dialect~connectionManager~pool~_waitingClientsQueue~_slots~0~_list~head~data~_timeout~_idlePrev\",\"_idleStart\":13323426,\"_repeat\":null,\"_destroyed\":false},\"expiry\":13333426,\"id\":-9007199254738188,\"msecs\":10000,\"priorityQueuePosition\":3},\"_idleNext\":\"~transaction~sequelize~dialect~connectionManager~pool~_waitingClientsQueue~_slots~0~_list~head~data~_timeout~_idlePrev~_idlePrev\",\"_idleStart\":13324748,\"_repeat\":null,\"_destroyed\":false}}},\"tail\":\"~transaction~sequelize~dialect~connectionManager~pool~_waitingClientsQueue~_slots~0~_list~head\",\"length\":1}}]},\"_factoryCreateOperations\":{},\"_factoryDestroyOperations\":{},\"_availableObjects\":{\"_list\":{\"head\":null,\"tail\":null,\"length\":0}},\"_testOnBorrowResources\":{},\"_testOnReturnResources\":{},\"_validationOperations\":{},\"_allObjects\":{},\"_resourceLoans\":{},\"_evictionIterator\":{\"_list\":\"~transaction~sequelize~dialect~connectionManager~pool~_availableObjects~_list\",\"_direction\":\"next\",\"_startPosition\":\"head\",\"_started\":true,\"_cursor\":{\"prev\":null,\"next\":null,\"data\":{\"creationTime\":1550136314900,\"lastReturnTime\":1550136314903,\"lastBorrowTime\":1550136314902,\"lastIdleTime\":1550136314903,\"obj\":{\"_events\":{},\"_eventsCount\":1,\"config\":{\"host\":\"127.0.0.1\",\"port\":3306,\"user\":\"root\",\"database\":\"interview_buddy\",\"connectTimeout\":10000,\"insecureAuth\":false,\"supportBigNumbers\":true,\"bigNumberStrings\":false,\"decimalNumbers\":false,\"dateStrings\":false,\"trace\":true,\"stringifyObjects\":false,\"timezone\":\"+00:00\",\"ssl\":false,\"multipleStatements\":false,\"rowsAsArray\":false,\"namedPlaceholders\":false,\"maxPacketSize\":0,\"charsetNumber\":224,\"compress\":false,\"clientFlags\":8582093,\"maxPreparedStatements\":16000},\"stream\":{\"connecting\":false,\"_hadError\":false,\"_handle\":null,\"_parent\":null,\"_host\":null,\"_readableState\":{\"objectMode\":false,\"highWaterMark\":16384,\"buffer\":{\"head\":null,\"tail\":null,\"length\":0},\"length\":0,\"pipes\":null,\"pipesCount\":0,\"flowing\":true,\"ended\":true,\"endEmitted\":true,\"reading\":false,\"sync\":false,\"needReadable\":false,\"emittedReadable\":false,\"readableListening\":false,\"resumeScheduled\":false,\"paused\":false,\"emitClose\":false,\"autoDestroy\":false,\"destroyed\":true,\"defaultEncoding\":\"utf8\",\"awaitDrain\":0,\"readingMore\":false,\"decoder\":null,\"encoding\":null},\"readable\":false,\"_events\":{},\"_eventsCount\":5,\"_writableState\":{\"objectMode\":false,\"highWaterMark\":16384,\"finalCalled\":true,\"needDrain\":false,\"ending\":true,\"ended\":true,\"finished\":false,\"destroyed\":true,\"decodeStrings\":false,\"defaultEncoding\":\"utf8\",\"length\":0,\"writing\":false,\"corked\":0,\"sync\":false,\"bufferProcessing\":false,\"writecb\":null,\"writelen\":0,\"bufferedRequest\":null,\"lastBufferedRequest\":null,\"pendingcb\":1,\"prefinished\":false,\"errorEmitted\":false,\"emitClose\":false,\"autoDestroy\":false,\"bufferedRequestCount\":0,\"corkedRequestsFree\":{\"next\":null,\"entry\":null}},\"writable\":false,\"allowHalfOpen\":false,\"_sockname\":null,\"_pendingData\":null,\"_pendingEncoding\":\"\",\"server\":null,\"_server\":null},\"_internalId\":472,\"_commands\":{\"_head\":0,\"_tail\":0,\"_capacityMask\":3,\"_list\":[null,null,null,null]},\"_paused\":false,\"_paused_packets\":{\"_head\":0,\"_tail\":0,\"_capacityMask\":3,\"_list\":[null,null,null,null]},\"_statements\":{},\"serverCapabilityFlags\":2688546815,\"authorized\":true,\"sequenceId\":1,\"compressedSequenceId\":0,\"threadId\":878,\"_handshakePacket\":{\"protocolVersion\":10,\"serverVersion\":\"5.5.5-10.1.37-MariaDB\",\"capabilityFlags\":2688546815,\"connectionId\":878,\"authPluginData1\":{\"type\":\"Buffer\",\"data\":[61,63,101,96,50,115,114,95]},\"authPluginData2\":{\"type\":\"Buffer\",\"data\":[102,100,68,101,81,69,68,101,82,73,86,85]},\"characterSet\":8,\"statusFlags\":2},\"_fatalError\":null,\"_protocolError\":null,\"_outOfOrderPackets\":[],\"clientEncoding\":\"utf8\",\"packetParser\":{\"buffer\":[],\"bufferLength\":0,\"packetHeaderLength\":4,\"headerLen\":0,\"length\":5,\"largePacketParts\":[],\"firstPacketSequenceId\":0},\"serverEncoding\":\"latin1\",\"connectTimeout\":null,\"connectionId\":878,\"_closing\":true},\"state\":\"INVALID\"}},\"_done\":false},\"_evictor\":{},\"_scheduledEviction\":\"~transaction~sequelize~dialect~connectionManager~pool~_waitingClientsQueue~_slots~0~_list~head~data~_timeout~_idlePrev~_idlePrev\"},\"lib\":{\"Types\":{\"DECIMAL\":0,\"TINY\":1,\"SHORT\":2,\"LONG\":3,\"FLOAT\":4,\"DOUBLE\":5,\"NULL\":6,\"TIMESTAMP\":7,\"LONGLONG\":8,\"INT24\":9,\"DATE\":10,\"TIME\":11,\"DATETIME\":12,\"YEAR\":13,\"NEWDATE\":14,\"VARCHAR\":15,\"BIT\":16,\"JSON\":245,\"NEWDECIMAL\":246,\"ENUM\":247,\"SET\":248,\"TINY_BLOB\":249,\"MEDIUM_BLOB\":250,\"LONG_BLOB\":251,\"BLOB\":252,\"VAR_STRING\":253,\"STRING\":254,\"GEOMETRY\":255},\"Charsets\":{\"BIG5_CHINESE_CI\":1,\"LATIN2_CZECH_CS\":2,\"DEC8_SWEDISH_CI\":3,\"CP850_GENERAL_CI\":4,\"LATIN1_GERMAN1_CI\":5,\"HP8_ENGLISH_CI\":6,\"KOI8R_GENERAL_CI\":7,\"LATIN1_SWEDISH_CI\":8,\"LATIN2_GENERAL_CI\":9,\"SWE7_SWEDISH_CI\":10,\"ASCII_GENERAL_CI\":11,\"UJIS_JAPANESE_CI\":12,\"SJIS_JAPANESE_CI\":13,\"CP1251_BULGARIAN_CI\":14,\"LATIN1_DANISH_CI\":15,\"HEBREW_GENERAL_CI\":16,\"TIS620_THAI_CI\":18,\"EUCKR_KOREAN_CI\":19,\"LATIN7_ESTONIAN_CS\":20,\"LATIN2_HUNGARIAN_CI\":21,\"KOI8U_GENERAL_CI\":22,\"CP1251_UKRAINIAN_CI\":23,\"GB2312_CHINESE_CI\":24,\"GREEK_GENERAL_CI\":25,\"CP1250_GENERAL_CI\":26,\"LATIN2_CROATIAN_CI\":27,\"GBK_CHINESE_CI\":28,\"CP1257_LITHUANIAN_CI\":29,\"LATIN5_TURKISH_CI\":30,\"LATIN1_GERMAN2_CI\":31,\"ARMSCII8_GENERAL_CI\":32,\"UTF8_GENERAL_CI\":33,\"CP1250_CZECH_CS\":34,\"UCS2_GENERAL_CI\":35,\"CP866_GENERAL_CI\":36,\"KEYBCS2_GENERAL_CI\":37,\"MACCE_GENERAL_CI\":38,\"MACROMAN_GENERAL_CI\":39,\"CP852_GENERAL_CI\":40,\"LATIN7_GENERAL_CI\":41,\"LATIN7_GENERAL_CS\":42,\"MACCE_BIN\":43,\"CP1250_CROATIAN_CI\":44,\"UTF8MB4_GENERAL_CI\":45,\"UTF8MB4_BIN\":46,\"LATIN1_BIN\":47,\"LATIN1_GENERAL_CI\":48,\"LATIN1_GENERAL_CS\":49,\"CP1251_BIN\":50,\"CP1251_GENERAL_CI\":51,\"CP1251_GENERAL_CS\":52,\"MACROMAN_BIN\":53,\"UTF16_GENERAL_CI\":54,\"UTF16_BIN\":55,\"UTF16LE_GENERAL_CI\":56,\"CP1256_GENERAL_CI\":57,\"CP1257_BIN\":58,\"CP1257_GENERAL_CI\":59,\"UTF32_GENERAL_CI\":60,\"UTF32_BIN\":61,\"UTF16LE_BIN\":62,\"BINARY\":63,\"ARMSCII8_BIN\":64,\"ASCII_BIN\":65,\"CP1250_BIN\":66,\"CP1256_BIN\":67,\"CP866_BIN\":68,\"DEC8_BIN\":69,\"GREEK_BIN\":70,\"HEBREW_BIN\":71,\"HP8_BIN\":72,\"KEYBCS2_BIN\":73,\"KOI8R_BIN\":74,\"KOI8U_BIN\":75,\"UTF8_TOLOWER_CI\":76,\"LATIN2_BIN\":77,\"LATIN5_BIN\":78,\"LATIN7_BIN\":79,\"CP850_BIN\":80,\"CP852_BIN\":81,\"SWE7_BIN\":82,\"UTF8_BIN\":83,\"BIG5_BIN\":84,\"EUCKR_BIN\":85,\"GB2312_BIN\":86,\"GBK_BIN\":87,\"SJIS_BIN\":88,\"TIS620_BIN\":89,\"UCS2_BIN\":90,\"UJIS_BIN\":91,\"GEOSTD8_GENERAL_CI\":92,\"GEOSTD8_BIN\":93,\"LATIN1_SPANISH_CI\":94,\"CP932_JAPANESE_CI\":95,\"CP932_BIN\":96,\"EUCJPMS_JAPANESE_CI\":97,\"EUCJPMS_BIN\":98,\"CP1250_POLISH_CI\":99,\"UTF16_UNICODE_CI\":101,\"UTF16_ICELANDIC_CI\":102,\"UTF16_LATVIAN_CI\":103,\"UTF16_ROMANIAN_CI\":104,\"UTF16_SLOVENIAN_CI\":105,\"UTF16_POLISH_CI\":106,\"UTF16_ESTONIAN_CI\":107,\"UTF16_SPANISH_CI\":108,\"UTF16_SWEDISH_CI\":109,\"UTF16_TURKISH_CI\":110,\"UTF16_CZECH_CI\":111,\"UTF16_DANISH_CI\":112,\"UTF16_LITHUANIAN_CI\":113,\"UTF16_SLOVAK_CI\":114,\"UTF16_SPANISH2_CI\":115,\"UTF16_ROMAN_CI\":116,\"UTF16_PERSIAN_CI\":117,\"UTF16_ESPERANTO_CI\":118,\"UTF16_HUNGARIAN_CI\":119,\"UTF16_SINHALA_CI\":120,\"UTF16_GERMAN2_CI\":121,\"UTF16_CROATIAN_CI\":122,\"UTF16_UNICODE_520_CI\":123,\"UTF16_VIETNAMESE_CI\":124,\"UCS2_UNICODE_CI\":128,\"UCS2_ICELANDIC_CI\":129,\"UCS2_LATVIAN_CI\":130,\"UCS2_ROMANIAN_CI\":131,\"UCS2_SLOVENIAN_CI\":132,\"UCS2_POLISH_CI\":133,\"UCS2_ESTONIAN_CI\":134,\"UCS2_SPANISH_CI\":135,\"UCS2_SWEDISH_CI\":136,\"UCS2_TURKISH_CI\":137,\"UCS2_CZECH_CI\":138,\"UCS2_DANISH_CI\":139,\"UCS2_LITHUANIAN_CI\":140,\"UCS2_SLOVAK_CI\":141,\"UCS2_SPANISH2_CI\":142,\"UCS2_ROMAN_CI\":143,\"UCS2_PERSIAN_CI\":144,\"UCS2_ESPERANTO_CI\":145,\"UCS2_HUNGARIAN_CI\":146,\"UCS2_SINHALA_CI\":147,\"UCS2_GERMAN2_CI\":148,\"UCS2_CROATIAN_CI\":149,\"UCS2_UNICODE_520_CI\":150,\"UCS2_VIETNAMESE_CI\":151,\"UCS2_GENERAL_MYSQL500_CI\":159,\"UTF32_UNICODE_CI\":160,\"UTF32_ICELANDIC_CI\":161,\"UTF32_LATVIAN_CI\":162,\"UTF32_ROMANIAN_CI\":163,\"UTF32_SLOVENIAN_CI\":164,\"UTF32_POLISH_CI\":165,\"UTF32_ESTONIAN_CI\":166,\"UTF32_SPANISH_CI\":167,\"UTF32_SWEDISH_CI\":168,\"UTF32_TURKISH_CI\":169,\"UTF32_CZECH_CI\":170,\"UTF32_DANISH_CI\":171,\"UTF32_LITHUANIAN_CI\":172,\"UTF32_SLOVAK_CI\":173,\"UTF32_SPANISH2_CI\":174,\"UTF32_ROMAN_CI\":175,\"UTF32_PERSIAN_CI\":176,\"UTF32_ESPERANTO_CI\":177,\"UTF32_HUNGARIAN_CI\":178,\"UTF32_SINHALA_CI\":179,\"UTF32_GERMAN2_CI\":180,\"UTF32_CROATIAN_CI\":181,\"UTF32_UNICODE_520_CI\":182,\"UTF32_VIETNAMESE_CI\":183,\"UTF8_UNICODE_CI\":192,\"UTF8_ICELANDIC_CI\":193,\"UTF8_LATVIAN_CI\":194,\"UTF8_ROMANIAN_CI\":195,\"UTF8_SLOVENIAN_CI\":196,\"UTF8_POLISH_CI\":197,\"UTF8_ESTONIAN_CI\":198,\"UTF8_SPANISH_CI\":199,\"UTF8_SWEDISH_CI\":200,\"UTF8_TURKISH_CI\":201,\"UTF8_CZECH_CI\":202,\"UTF8_DANISH_CI\":203,\"UTF8_LITHUANIAN_CI\":204,\"UTF8_SLOVAK_CI\":205,\"UTF8_SPANISH2_CI\":206,\"UTF8_ROMAN_CI\":207,\"UTF8_PERSIAN_CI\":208,\"UTF8_ESPERANTO_CI\":209,\"UTF8_HUNGARIAN_CI\":210,\"UTF8_SINHALA_CI\":211,\"UTF8_GERMAN2_CI\":212,\"UTF8_CROATIAN_CI\":213,\"UTF8_UNICODE_520_CI\":214,\"UTF8_VIETNAMESE_CI\":215,\"UTF8_GENERAL_MYSQL500_CI\":223,\"UTF8MB4_UNICODE_CI\":224,\"UTF8MB4_ICELANDIC_CI\":225,\"UTF8MB4_LATVIAN_CI\":226,\"UTF8MB4_ROMANIAN_CI\":227,\"UTF8MB4_SLOVENIAN_CI\":228,\"UTF8MB4_POLISH_CI\":229,\"UTF8MB4_ESTONIAN_CI\":230,\"UTF8MB4_SPANISH_CI\":231,\"UTF8MB4_SWEDISH_CI\":232,\"UTF8MB4_TURKISH_CI\":233,\"UTF8MB4_CZECH_CI\":234,\"UTF8MB4_DANISH_CI\":235,\"UTF8MB4_LITHUANIAN_CI\":236,\"UTF8MB4_SLOVAK_CI\":237,\"UTF8MB4_SPANISH2_CI\":238,\"UTF8MB4_ROMAN_CI\":239,\"UTF8MB4_PERSIAN_CI\":240,\"UTF8MB4_ESPERANTO_CI\":241,\"UTF8MB4_HUNGARIAN_CI\":242,\"UTF8MB4_SINHALA_CI\":243,\"UTF8MB4_GERMAN2_CI\":244,\"UTF8MB4_CROATIAN_CI\":245,\"UTF8MB4_UNICODE_520_CI\":246,\"UTF8MB4_VIETNAMESE_CI\":247,\"GB18030_CHINESE_CI\":248,\"GB18030_BIN\":249,\"GB18030_UNICODE_520_CI\":250,\"UTF8_GENERAL50_CI\":253,\"UTF8MB4_0900_AI_CI\":255,\"UTF8MB4_CS_0900_AI_CI\":266,\"UTF8MB4_DA_0900_AI_CI\":267,\"UTF8MB4_DE_PB_0900_AI_CI\":256,\"UTF8MB4_EO_0900_AI_CI\":273,\"UTF8MB4_ES_0900_AI_CI\":263,\"UTF8MB4_ES_TRAD_0900_AI_CI\":270,\"UTF8MB4_ET_0900_AI_CI\":262,\"UTF8MB4_HR_0900_AI_CI\":275,\"UTF8MB4_HU_0900_AI_CI\":274,\"UTF8MB4_IS_0900_AI_CI\":257,\"UTF8MB4_LA_0900_AI_CI\":271,\"UTF8MB4_LT_0900_AI_CI\":268,\"UTF8MB4_LV_0900_AI_CI\":258,\"UTF8MB4_PL_0900_AI_CI\":261,\"UTF8MB4_RO_0900_AI_CI\":259,\"UTF8MB4_SK_0900_AI_CI\":269,\"UTF8MB4_SL_0900_AI_CI\":260,\"UTF8MB4_SV_0900_AI_CI\":264,\"UTF8MB4_TR_0900_AI_CI\":265,\"UTF8MB4_VI_0900_AI_CI\":277,\"BIG5\":1,\"DEC8\":3,\"CP850\":4,\"HP8\":6,\"KOI8R\":7,\"LATIN1\":8,\"LATIN2\":9,\"SWE7\":10,\"ASCII\":11,\"UJIS\":12,\"SJIS\":13,\"HEBREW\":16,\"TIS620\":18,\"EUCKR\":19,\"KOI8U\":22,\"GB2312\":24,\"GREEK\":25,\"CP1250\":26,\"GBK\":28,\"LATIN5\":30,\"ARMSCII8\":32,\"UTF8\":33,\"UCS2\":35,\"CP866\":36,\"KEYBCS2\":37,\"MACCE\":38,\"MACROMAN\":39,\"CP852\":40,\"LATIN7\":41,\"UTF8MB4\":45,\"CP1251\":51,\"UTF16\":54,\"UTF16LE\":56,\"CP1256\":57,\"CP1257\":59,\"UTF32\":60,\"CP932\":95,\"EUCJPMS\":97,\"GB18030\":248,\"GEOSTD8\":92},\"CharsetToEncoding\":[\"utf8\",\"big5\",\"latin2\",\"dec8\",\"cp850\",\"latin1\",\"hp8\",\"koi8r\",\"latin1\",\"latin2\",\"swe7\",\"ascii\",\"eucjp\",\"sjis\",\"cp1251\",\"latin1\",\"hebrew\",\"utf8\",\"tis620\",\"euckr\",\"latin7\",\"latin2\",\"koi8u\",\"cp1251\",\"gb2312\",\"greek\",\"cp1250\",\"latin2\",\"gbk\",\"cp1257\",\"latin5\",\"latin1\",\"armscii8\",\"cesu8\",\"cp1250\",\"ucs2\",\"cp866\",\"keybcs2\",\"macintosh\",\"macroman\",\"cp852\",\"latin7\",\"latin7\",\"macintosh\",\"cp1250\",\"utf8\",\"utf8\",\"latin1\",\"latin1\",\"latin1\",\"cp1251\",\"cp1251\",\"cp1251\",\"macroman\",\"utf16\",\"utf16\",\"utf16-le\",\"cp1256\",\"cp1257\",\"cp1257\",\"utf32\",\"utf32\",\"utf16-le\",\"binary\",\"armscii8\",\"ascii\",\"cp1250\",\"cp1256\",\"cp866\",\"dec8\",\"greek\",\"hebrew\",\"hp8\",\"keybcs2\",\"koi8r\",\"koi8u\",\"cesu8\",\"latin2\",\"latin5\",\"latin7\",\"cp850\",\"cp852\",\"swe7\",\"cesu8\",\"big5\",\"euckr\",\"gb2312\",\"gbk\",\"sjis\",\"tis620\",\"ucs2\",\"eucjp\",\"geostd8\",\"geostd8\",\"latin1\",\"cp932\",\"cp932\",\"eucjpms\",\"eucjpms\",\"cp1250\",\"utf8\",\"utf16\",\"utf16\",\"utf16\",\"utf16\",\"utf16\",\"utf16\",\"utf16\",\"utf16\",\"utf16\",\"utf16\",\"utf16\",\"utf16\",\"utf16\",\"utf16\",\"utf16\",\"utf16\",\"utf16\",\"utf16\",\"utf16\",\"utf16\",\"utf16\",\"utf16\",\"utf16\",\"utf16\",\"utf8\",\"utf8\",\"utf8\",\"ucs2\",\"ucs2\",\"ucs2\",\"ucs2\",\"ucs2\",\"ucs2\",\"ucs2\",\"ucs2\",\"ucs2\",\"ucs2\",\"ucs2\",\"ucs2\",\"ucs2\",\"ucs2\",\"ucs2\",\"ucs2\",\"ucs2\",\"ucs2\",\"ucs2\",\"ucs2\",\"ucs2\",\"ucs2\",\"ucs2\",\"ucs2\",\"utf8\",\"utf8\",\"utf8\",\"utf8\",\"utf8\",\"utf8\",\"utf8\",\"ucs2\",\"utf32\",\"utf32\",\"utf32\",\"utf32\",\"utf32\",\"utf32\",\"utf32\",\"utf32\",\"utf32\",\"utf32\",\"utf32\",\"utf32\",\"utf32\",\"utf32\",\"utf32\",\"utf32\",\"utf32\",\"utf32\",\"utf32\",\"utf32\",\"utf32\",\"utf32\",\"utf32\",\"utf32\",\"utf8\",\"utf8\",\"utf8\",\"utf8\",\"utf8\",\"utf8\",\"utf8\",\"utf8\",\"cesu8\",\"cesu8\",\"cesu8\",\"cesu8\",\"cesu8\",\"cesu8\",\"cesu8\",\"cesu8\",\"cesu8\",\"cesu8\",\"cesu8\",\"cesu8\",\"cesu8\",\"cesu8\",\"cesu8\",\"cesu8\",\"cesu8\",\"cesu8\",\"cesu8\",\"cesu8\",\"cesu8\",\"cesu8\",\"cesu8\",\"cesu8\",\"utf8\",\"utf8\",\"utf8\",\"utf8\",\"utf8\",\"utf8\",\"utf8\",\"cesu8\",\"utf8\",\"utf8\",\"utf8\",\"utf8\",\"utf8\",\"utf8\",\"utf8\",\"utf8\",\"utf8\",\"utf8\",\"utf8\",\"utf8\",\"utf8\",\"utf8\",\"utf8\",\"utf8\",\"utf8\",\"utf8\",\"utf8\",\"utf8\",\"utf8\",\"utf8\",\"utf8\",\"utf8\",\"gb18030\",\"gb18030\",\"gb18030\",\"utf8\",\"utf8\",\"utf8\",\"utf8\",\"utf8\",\"utf8\",\"utf8\",\"utf8\",\"utf8\",\"utf8\",\"utf8\",\"utf8\",\"utf8\",\"utf8\",\"utf8\",\"utf8\",\"utf8\",\"utf8\",\"utf8\",\"utf8\",\"utf8\",\"utf8\",\"utf8\",\"utf8\",\"utf8\",\"utf8\",\"utf8\",\"utf8\",\"utf8\",\"utf8\",\"utf8\",\"utf8\",\"utf8\",\"utf8\",\"utf8\",\"utf8\",\"utf8\",\"utf8\",\"utf8\",\"utf8\",\"utf8\",\"utf8\",\"utf8\",\"utf8\",\"utf8\",\"utf8\",\"utf8\",\"utf8\",\"utf8\",\"utf8\",\"utf8\",\"utf8\",\"utf8\",\"utf8\",\"utf8\"]}},\"QueryGenerator\":{\"dialect\":\"mysql\",\"OperatorMap\":{},\"_templateSettings\":{\"escape\":{},\"evaluate\":{},\"interpolate\":{},\"variable\":\"\",\"imports\":{}},\"options\":\"~transaction~sequelize~options\",\"OperatorsAliasMap\":false,\"_dialect\":\"~transaction~sequelize~dialect\",\"sequelize\":\"~transaction~sequelize\"}},\"queryInterface\":{\"sequelize\":\"~transaction~sequelize\",\"QueryGenerator\":\"~transaction~sequelize~dialect~QueryGenerator\"},\"models\":{},\"modelManager\":{\"models\":[null,null,null,null,null,null,null,null,null,null,null,null,null,null,null,null,null,null,null,null,null,null,null,null,null,null,null,null,null,null,null,null,null,null,null,null,null],\"sequelize\":\"~transaction~sequelize\"},\"connectionManager\":\"~transaction~sequelize~dialect~connectionManager\",\"importCache\":{},\"test\":{\"_trackRunningQueries\":false,\"_runningQueries\":0}},\"savepoints\":[],\"_afterCommitHooks\":[],\"options\":{\"autocommit\":null,\"type\":\"DEFERRED\",\"isolationLevel\":null,\"readOnly\":false},\"id\":\"3b863b24-74d0-4617-a4e8-a0f456f12809\",\"connection\":{\"_events\":{},\"_eventsCount\":1,\"config\":{\"host\":\"127.0.0.1\",\"port\":3306,\"user\":\"root\",\"database\":\"interview_buddy\",\"connectTimeout\":10000,\"insecureAuth\":false,\"supportBigNumbers\":true,\"bigNumberStrings\":false,\"decimalNumbers\":false,\"dateStrings\":false,\"trace\":true,\"stringifyObjects\":false,\"timezone\":\"+00:00\",\"ssl\":false,\"multipleStatements\":false,\"rowsAsArray\":false,\"namedPlaceholders\":false,\"maxPacketSize\":0,\"charsetNumber\":224,\"compress\":false,\"clientFlags\":8582093,\"maxPreparedStatements\":16000},\"stream\":{\"connecting\":false,\"_hadError\":false,\"_handle\":{\"reading\":true,\"onconnection\":null},\"_parent\":null,\"_host\":null,\"_readableState\":{\"objectMode\":false,\"highWaterMark\":16384,\"buffer\":{\"head\":null,\"tail\":null,\"length\":0},\"length\":0,\"pipes\":null,\"pipesCount\":0,\"flowing\":true,\"ended\":false,\"endEmitted\":false,\"reading\":true,\"sync\":false,\"needReadable\":true,\"emittedReadable\":false,\"readableListening\":false,\"resumeScheduled\":false,\"paused\":false,\"emitClose\":false,\"autoDestroy\":false,\"destroyed\":false,\"defaultEncoding\":\"utf8\",\"awaitDrain\":0,\"readingMore\":false,\"decoder\":null,\"encoding\":null},\"readable\":true,\"_events\":{},\"_eventsCount\":4,\"_writableState\":{\"objectMode\":false,\"highWaterMark\":16384,\"finalCalled\":false,\"needDrain\":false,\"ending\":false,\"ended\":false,\"finished\":false,\"destroyed\":false,\"decodeStrings\":false,\"defaultEncoding\":\"utf8\",\"length\":0,\"writing\":false,\"corked\":0,\"sync\":false,\"bufferProcessing\":false,\"writecb\":null,\"writelen\":0,\"bufferedRequest\":null,\"lastBufferedRequest\":null,\"pendingcb\":0,\"prefinished\":false,\"errorEmitted\":false,\"emitClose\":false,\"autoDestroy\":false,\"bufferedRequestCount\":0,\"corkedRequestsFree\":{\"next\":null,\"entry\":null}},\"writable\":true,\"allowHalfOpen\":false,\"_sockname\":null,\"_pendingData\":null,\"_pendingEncoding\":\"\",\"server\":null,\"_server\":null},\"_internalId\":473,\"_commands\":{\"_head\":0,\"_tail\":0,\"_capacityMask\":3,\"_list\":[null,null,null,null]},\"_paused\":false,\"_paused_packets\":{\"_head\":0,\"_tail\":0,\"_capacityMask\":3,\"_list\":[null,null,null,null]},\"_statements\":{},\"serverCapabilityFlags\":2688546815,\"authorized\":true,\"sequenceId\":2,\"compressedSequenceId\":0,\"threadId\":879,\"_handshakePacket\":{\"protocolVersion\":10,\"serverVersion\":\"5.5.5-10.1.37-MariaDB\",\"capabilityFlags\":2688546815,\"connectionId\":879,\"authPluginData1\":{\"type\":\"Buffer\",\"data\":[104,59,43,102,67,89,117,100]},\"authPluginData2\":{\"type\":\"Buffer\",\"data\":[113,47,50,77,110,98,33,121,98,92,43,93]},\"characterSet\":8,\"statusFlags\":2},\"_fatalError\":null,\"_protocolError\":null,\"_outOfOrderPackets\":[],\"clientEncoding\":\"utf8\",\"packetParser\":{\"buffer\":[],\"bufferLength\":0,\"packetHeaderLength\":4,\"headerLen\":0,\"length\":46,\"largePacketParts\":[],\"firstPacketSequenceId\":0},\"serverEncoding\":\"latin1\",\"connectTimeout\":null,\"connectionId\":879,\"uuid\":\"3b863b24-74d0-4617-a4e8-a0f456f12809\"}},\"fields\":[\"id\",\"userId\",\"userSkills\",\"createdAt\",\"updatedAt\"],\"auth\":1}', '[10,11,12,13]', 1, '2019-02-14 09:25:32', '2019-02-14 09:25:32');
INSERT INTO `logs` (`id`, `tableName`, `action`, `remarks`, `respectiveId`, `userId`, `createdAt`, `updatedAt`) VALUES
(53, 'user_groups_map', 'insert', '{\"validate\":false,\"hooks\":true,\"individualHooks\":false,\"ignoreDuplicates\":false,\"transaction\":{\"sequelize\":{\"options\":{\"dialect\":\"mysql\",\"dialectModulePath\":null,\"host\":\"127.0.0.1\",\"protocol\":\"tcp\",\"define\":{},\"query\":{},\"sync\":{},\"timezone\":\"+00:00\",\"omitNull\":false,\"native\":false,\"replication\":false,\"pool\":{},\"quoteIdentifiers\":true,\"hooks\":{\"afterCreate\":[null],\"afterUpdate\":[null],\"afterBulkUpdate\":[null],\"afterBulkCreate\":[null]},\"retry\":{\"max\":5,\"match\":[\"SQLITE_BUSY: database is locked\"]},\"transactionType\":\"DEFERRED\",\"isolationLevel\":null,\"databaseVersion\":\"10.1.37-MariaDB\",\"typeValidation\":false,\"benchmark\":false,\"operatorsAliases\":false,\"username\":\"root\",\"password\":null,\"database\":\"interview_buddy\"},\"config\":{\"database\":\"interview_buddy\",\"username\":\"root\",\"password\":null,\"host\":\"127.0.0.1\",\"port\":3306,\"pool\":\"~transaction~sequelize~options~pool\",\"protocol\":\"tcp\",\"native\":false,\"replication\":false,\"dialectModulePath\":null},\"dialect\":{\"sequelize\":\"~transaction~sequelize\",\"connectionManager\":{\"sequelize\":\"~transaction~sequelize\",\"config\":{\"database\":\"interview_buddy\",\"username\":\"root\",\"password\":null,\"host\":\"127.0.0.1\",\"pool\":{\"max\":5,\"min\":0,\"idle\":10000,\"acquire\":10000,\"evict\":10000,\"handleDisconnects\":true},\"protocol\":\"tcp\",\"native\":false,\"replication\":false,\"dialectModulePath\":null},\"dialect\":\"~transaction~sequelize~dialect\",\"versionPromise\":null,\"dialectName\":\"mysql\",\"pool\":{\"_events\":{},\"_eventsCount\":0,\"_config\":{\"fifo\":true,\"priorityRange\":1,\"testOnBorrow\":true,\"testOnReturn\":false,\"autostart\":false,\"acquireTimeoutMillis\":10000,\"max\":5,\"min\":0,\"evictionRunIntervalMillis\":10000,\"numTestsPerEvictionRun\":3,\"softIdleTimeoutMillis\":-1,\"idleTimeoutMillis\":10000},\"_factory\":{},\"_draining\":false,\"_started\":true,\"_waitingClientsQueue\":{\"_size\":1,\"_slots\":[{\"_list\":{\"head\":null,\"tail\":null,\"length\":0}}]},\"_factoryCreateOperations\":{},\"_factoryDestroyOperations\":{},\"_availableObjects\":{\"_list\":{\"head\":null,\"tail\":null,\"length\":0}},\"_testOnBorrowResources\":{},\"_testOnReturnResources\":{},\"_validationOperations\":{},\"_allObjects\":{},\"_resourceLoans\":{},\"_evictionIterator\":{\"_list\":\"~transaction~sequelize~dialect~connectionManager~pool~_availableObjects~_list\",\"_direction\":\"next\",\"_startPosition\":\"head\",\"_started\":true,\"_cursor\":{\"prev\":null,\"next\":null,\"data\":{\"creationTime\":1550136314900,\"lastReturnTime\":1550136314903,\"lastBorrowTime\":1550136314902,\"lastIdleTime\":1550136314903,\"obj\":{\"_events\":{},\"_eventsCount\":1,\"config\":{\"host\":\"127.0.0.1\",\"port\":3306,\"user\":\"root\",\"database\":\"interview_buddy\",\"connectTimeout\":10000,\"insecureAuth\":false,\"supportBigNumbers\":true,\"bigNumberStrings\":false,\"decimalNumbers\":false,\"dateStrings\":false,\"trace\":true,\"stringifyObjects\":false,\"timezone\":\"+00:00\",\"ssl\":false,\"multipleStatements\":false,\"rowsAsArray\":false,\"namedPlaceholders\":false,\"maxPacketSize\":0,\"charsetNumber\":224,\"compress\":false,\"clientFlags\":8582093,\"maxPreparedStatements\":16000},\"stream\":{\"connecting\":false,\"_hadError\":false,\"_handle\":null,\"_parent\":null,\"_host\":null,\"_readableState\":{\"objectMode\":false,\"highWaterMark\":16384,\"buffer\":{\"head\":null,\"tail\":null,\"length\":0},\"length\":0,\"pipes\":null,\"pipesCount\":0,\"flowing\":true,\"ended\":true,\"endEmitted\":true,\"reading\":false,\"sync\":false,\"needReadable\":false,\"emittedReadable\":false,\"readableListening\":false,\"resumeScheduled\":false,\"paused\":false,\"emitClose\":false,\"autoDestroy\":false,\"destroyed\":true,\"defaultEncoding\":\"utf8\",\"awaitDrain\":0,\"readingMore\":false,\"decoder\":null,\"encoding\":null},\"readable\":false,\"_events\":{},\"_eventsCount\":5,\"_writableState\":{\"objectMode\":false,\"highWaterMark\":16384,\"finalCalled\":true,\"needDrain\":false,\"ending\":true,\"ended\":true,\"finished\":false,\"destroyed\":true,\"decodeStrings\":false,\"defaultEncoding\":\"utf8\",\"length\":0,\"writing\":false,\"corked\":0,\"sync\":false,\"bufferProcessing\":false,\"writecb\":null,\"writelen\":0,\"bufferedRequest\":null,\"lastBufferedRequest\":null,\"pendingcb\":1,\"prefinished\":false,\"errorEmitted\":false,\"emitClose\":false,\"autoDestroy\":false,\"bufferedRequestCount\":0,\"corkedRequestsFree\":{\"next\":null,\"entry\":null}},\"writable\":false,\"allowHalfOpen\":false,\"_sockname\":null,\"_pendingData\":null,\"_pendingEncoding\":\"\",\"server\":null,\"_server\":null},\"_internalId\":472,\"_commands\":{\"_head\":0,\"_tail\":0,\"_capacityMask\":3,\"_list\":[null,null,null,null]},\"_paused\":false,\"_paused_packets\":{\"_head\":0,\"_tail\":0,\"_capacityMask\":3,\"_list\":[null,null,null,null]},\"_statements\":{},\"serverCapabilityFlags\":2688546815,\"authorized\":true,\"sequenceId\":1,\"compressedSequenceId\":0,\"threadId\":878,\"_handshakePacket\":{\"protocolVersion\":10,\"serverVersion\":\"5.5.5-10.1.37-MariaDB\",\"capabilityFlags\":2688546815,\"connectionId\":878,\"authPluginData1\":{\"type\":\"Buffer\",\"data\":[61,63,101,96,50,115,114,95]},\"authPluginData2\":{\"type\":\"Buffer\",\"data\":[102,100,68,101,81,69,68,101,82,73,86,85]},\"characterSet\":8,\"statusFlags\":2},\"_fatalError\":null,\"_protocolError\":null,\"_outOfOrderPackets\":[],\"clientEncoding\":\"utf8\",\"packetParser\":{\"buffer\":[],\"bufferLength\":0,\"packetHeaderLength\":4,\"headerLen\":0,\"length\":5,\"largePacketParts\":[],\"firstPacketSequenceId\":0},\"serverEncoding\":\"latin1\",\"connectTimeout\":null,\"connectionId\":878,\"_closing\":true},\"state\":\"INVALID\"}},\"_done\":false},\"_evictor\":{},\"_scheduledEviction\":{\"_idleTimeout\":10000,\"_idlePrev\":{\"_idleNext\":\"~transaction~sequelize~dialect~connectionManager~pool~_scheduledEviction\",\"_idlePrev\":\"~transaction~sequelize~dialect~connectionManager~pool~_scheduledEviction\",\"expiry\":13333426,\"id\":-9007199254738188,\"msecs\":10000,\"priorityQueuePosition\":3},\"_idleNext\":\"~transaction~sequelize~dialect~connectionManager~pool~_scheduledEviction~_idlePrev\",\"_idleStart\":13323426,\"_repeat\":null,\"_destroyed\":false}},\"lib\":{\"Types\":{\"DECIMAL\":0,\"TINY\":1,\"SHORT\":2,\"LONG\":3,\"FLOAT\":4,\"DOUBLE\":5,\"NULL\":6,\"TIMESTAMP\":7,\"LONGLONG\":8,\"INT24\":9,\"DATE\":10,\"TIME\":11,\"DATETIME\":12,\"YEAR\":13,\"NEWDATE\":14,\"VARCHAR\":15,\"BIT\":16,\"JSON\":245,\"NEWDECIMAL\":246,\"ENUM\":247,\"SET\":248,\"TINY_BLOB\":249,\"MEDIUM_BLOB\":250,\"LONG_BLOB\":251,\"BLOB\":252,\"VAR_STRING\":253,\"STRING\":254,\"GEOMETRY\":255},\"Charsets\":{\"BIG5_CHINESE_CI\":1,\"LATIN2_CZECH_CS\":2,\"DEC8_SWEDISH_CI\":3,\"CP850_GENERAL_CI\":4,\"LATIN1_GERMAN1_CI\":5,\"HP8_ENGLISH_CI\":6,\"KOI8R_GENERAL_CI\":7,\"LATIN1_SWEDISH_CI\":8,\"LATIN2_GENERAL_CI\":9,\"SWE7_SWEDISH_CI\":10,\"ASCII_GENERAL_CI\":11,\"UJIS_JAPANESE_CI\":12,\"SJIS_JAPANESE_CI\":13,\"CP1251_BULGARIAN_CI\":14,\"LATIN1_DANISH_CI\":15,\"HEBREW_GENERAL_CI\":16,\"TIS620_THAI_CI\":18,\"EUCKR_KOREAN_CI\":19,\"LATIN7_ESTONIAN_CS\":20,\"LATIN2_HUNGARIAN_CI\":21,\"KOI8U_GENERAL_CI\":22,\"CP1251_UKRAINIAN_CI\":23,\"GB2312_CHINESE_CI\":24,\"GREEK_GENERAL_CI\":25,\"CP1250_GENERAL_CI\":26,\"LATIN2_CROATIAN_CI\":27,\"GBK_CHINESE_CI\":28,\"CP1257_LITHUANIAN_CI\":29,\"LATIN5_TURKISH_CI\":30,\"LATIN1_GERMAN2_CI\":31,\"ARMSCII8_GENERAL_CI\":32,\"UTF8_GENERAL_CI\":33,\"CP1250_CZECH_CS\":34,\"UCS2_GENERAL_CI\":35,\"CP866_GENERAL_CI\":36,\"KEYBCS2_GENERAL_CI\":37,\"MACCE_GENERAL_CI\":38,\"MACROMAN_GENERAL_CI\":39,\"CP852_GENERAL_CI\":40,\"LATIN7_GENERAL_CI\":41,\"LATIN7_GENERAL_CS\":42,\"MACCE_BIN\":43,\"CP1250_CROATIAN_CI\":44,\"UTF8MB4_GENERAL_CI\":45,\"UTF8MB4_BIN\":46,\"LATIN1_BIN\":47,\"LATIN1_GENERAL_CI\":48,\"LATIN1_GENERAL_CS\":49,\"CP1251_BIN\":50,\"CP1251_GENERAL_CI\":51,\"CP1251_GENERAL_CS\":52,\"MACROMAN_BIN\":53,\"UTF16_GENERAL_CI\":54,\"UTF16_BIN\":55,\"UTF16LE_GENERAL_CI\":56,\"CP1256_GENERAL_CI\":57,\"CP1257_BIN\":58,\"CP1257_GENERAL_CI\":59,\"UTF32_GENERAL_CI\":60,\"UTF32_BIN\":61,\"UTF16LE_BIN\":62,\"BINARY\":63,\"ARMSCII8_BIN\":64,\"ASCII_BIN\":65,\"CP1250_BIN\":66,\"CP1256_BIN\":67,\"CP866_BIN\":68,\"DEC8_BIN\":69,\"GREEK_BIN\":70,\"HEBREW_BIN\":71,\"HP8_BIN\":72,\"KEYBCS2_BIN\":73,\"KOI8R_BIN\":74,\"KOI8U_BIN\":75,\"UTF8_TOLOWER_CI\":76,\"LATIN2_BIN\":77,\"LATIN5_BIN\":78,\"LATIN7_BIN\":79,\"CP850_BIN\":80,\"CP852_BIN\":81,\"SWE7_BIN\":82,\"UTF8_BIN\":83,\"BIG5_BIN\":84,\"EUCKR_BIN\":85,\"GB2312_BIN\":86,\"GBK_BIN\":87,\"SJIS_BIN\":88,\"TIS620_BIN\":89,\"UCS2_BIN\":90,\"UJIS_BIN\":91,\"GEOSTD8_GENERAL_CI\":92,\"GEOSTD8_BIN\":93,\"LATIN1_SPANISH_CI\":94,\"CP932_JAPANESE_CI\":95,\"CP932_BIN\":96,\"EUCJPMS_JAPANESE_CI\":97,\"EUCJPMS_BIN\":98,\"CP1250_POLISH_CI\":99,\"UTF16_UNICODE_CI\":101,\"UTF16_ICELANDIC_CI\":102,\"UTF16_LATVIAN_CI\":103,\"UTF16_ROMANIAN_CI\":104,\"UTF16_SLOVENIAN_CI\":105,\"UTF16_POLISH_CI\":106,\"UTF16_ESTONIAN_CI\":107,\"UTF16_SPANISH_CI\":108,\"UTF16_SWEDISH_CI\":109,\"UTF16_TURKISH_CI\":110,\"UTF16_CZECH_CI\":111,\"UTF16_DANISH_CI\":112,\"UTF16_LITHUANIAN_CI\":113,\"UTF16_SLOVAK_CI\":114,\"UTF16_SPANISH2_CI\":115,\"UTF16_ROMAN_CI\":116,\"UTF16_PERSIAN_CI\":117,\"UTF16_ESPERANTO_CI\":118,\"UTF16_HUNGARIAN_CI\":119,\"UTF16_SINHALA_CI\":120,\"UTF16_GERMAN2_CI\":121,\"UTF16_CROATIAN_CI\":122,\"UTF16_UNICODE_520_CI\":123,\"UTF16_VIETNAMESE_CI\":124,\"UCS2_UNICODE_CI\":128,\"UCS2_ICELANDIC_CI\":129,\"UCS2_LATVIAN_CI\":130,\"UCS2_ROMANIAN_CI\":131,\"UCS2_SLOVENIAN_CI\":132,\"UCS2_POLISH_CI\":133,\"UCS2_ESTONIAN_CI\":134,\"UCS2_SPANISH_CI\":135,\"UCS2_SWEDISH_CI\":136,\"UCS2_TURKISH_CI\":137,\"UCS2_CZECH_CI\":138,\"UCS2_DANISH_CI\":139,\"UCS2_LITHUANIAN_CI\":140,\"UCS2_SLOVAK_CI\":141,\"UCS2_SPANISH2_CI\":142,\"UCS2_ROMAN_CI\":143,\"UCS2_PERSIAN_CI\":144,\"UCS2_ESPERANTO_CI\":145,\"UCS2_HUNGARIAN_CI\":146,\"UCS2_SINHALA_CI\":147,\"UCS2_GERMAN2_CI\":148,\"UCS2_CROATIAN_CI\":149,\"UCS2_UNICODE_520_CI\":150,\"UCS2_VIETNAMESE_CI\":151,\"UCS2_GENERAL_MYSQL500_CI\":159,\"UTF32_UNICODE_CI\":160,\"UTF32_ICELANDIC_CI\":161,\"UTF32_LATVIAN_CI\":162,\"UTF32_ROMANIAN_CI\":163,\"UTF32_SLOVENIAN_CI\":164,\"UTF32_POLISH_CI\":165,\"UTF32_ESTONIAN_CI\":166,\"UTF32_SPANISH_CI\":167,\"UTF32_SWEDISH_CI\":168,\"UTF32_TURKISH_CI\":169,\"UTF32_CZECH_CI\":170,\"UTF32_DANISH_CI\":171,\"UTF32_LITHUANIAN_CI\":172,\"UTF32_SLOVAK_CI\":173,\"UTF32_SPANISH2_CI\":174,\"UTF32_ROMAN_CI\":175,\"UTF32_PERSIAN_CI\":176,\"UTF32_ESPERANTO_CI\":177,\"UTF32_HUNGARIAN_CI\":178,\"UTF32_SINHALA_CI\":179,\"UTF32_GERMAN2_CI\":180,\"UTF32_CROATIAN_CI\":181,\"UTF32_UNICODE_520_CI\":182,\"UTF32_VIETNAMESE_CI\":183,\"UTF8_UNICODE_CI\":192,\"UTF8_ICELANDIC_CI\":193,\"UTF8_LATVIAN_CI\":194,\"UTF8_ROMANIAN_CI\":195,\"UTF8_SLOVENIAN_CI\":196,\"UTF8_POLISH_CI\":197,\"UTF8_ESTONIAN_CI\":198,\"UTF8_SPANISH_CI\":199,\"UTF8_SWEDISH_CI\":200,\"UTF8_TURKISH_CI\":201,\"UTF8_CZECH_CI\":202,\"UTF8_DANISH_CI\":203,\"UTF8_LITHUANIAN_CI\":204,\"UTF8_SLOVAK_CI\":205,\"UTF8_SPANISH2_CI\":206,\"UTF8_ROMAN_CI\":207,\"UTF8_PERSIAN_CI\":208,\"UTF8_ESPERANTO_CI\":209,\"UTF8_HUNGARIAN_CI\":210,\"UTF8_SINHALA_CI\":211,\"UTF8_GERMAN2_CI\":212,\"UTF8_CROATIAN_CI\":213,\"UTF8_UNICODE_520_CI\":214,\"UTF8_VIETNAMESE_CI\":215,\"UTF8_GENERAL_MYSQL500_CI\":223,\"UTF8MB4_UNICODE_CI\":224,\"UTF8MB4_ICELANDIC_CI\":225,\"UTF8MB4_LATVIAN_CI\":226,\"UTF8MB4_ROMANIAN_CI\":227,\"UTF8MB4_SLOVENIAN_CI\":228,\"UTF8MB4_POLISH_CI\":229,\"UTF8MB4_ESTONIAN_CI\":230,\"UTF8MB4_SPANISH_CI\":231,\"UTF8MB4_SWEDISH_CI\":232,\"UTF8MB4_TURKISH_CI\":233,\"UTF8MB4_CZECH_CI\":234,\"UTF8MB4_DANISH_CI\":235,\"UTF8MB4_LITHUANIAN_CI\":236,\"UTF8MB4_SLOVAK_CI\":237,\"UTF8MB4_SPANISH2_CI\":238,\"UTF8MB4_ROMAN_CI\":239,\"UTF8MB4_PERSIAN_CI\":240,\"UTF8MB4_ESPERANTO_CI\":241,\"UTF8MB4_HUNGARIAN_CI\":242,\"UTF8MB4_SINHALA_CI\":243,\"UTF8MB4_GERMAN2_CI\":244,\"UTF8MB4_CROATIAN_CI\":245,\"UTF8MB4_UNICODE_520_CI\":246,\"UTF8MB4_VIETNAMESE_CI\":247,\"GB18030_CHINESE_CI\":248,\"GB18030_BIN\":249,\"GB18030_UNICODE_520_CI\":250,\"UTF8_GENERAL50_CI\":253,\"UTF8MB4_0900_AI_CI\":255,\"UTF8MB4_CS_0900_AI_CI\":266,\"UTF8MB4_DA_0900_AI_CI\":267,\"UTF8MB4_DE_PB_0900_AI_CI\":256,\"UTF8MB4_EO_0900_AI_CI\":273,\"UTF8MB4_ES_0900_AI_CI\":263,\"UTF8MB4_ES_TRAD_0900_AI_CI\":270,\"UTF8MB4_ET_0900_AI_CI\":262,\"UTF8MB4_HR_0900_AI_CI\":275,\"UTF8MB4_HU_0900_AI_CI\":274,\"UTF8MB4_IS_0900_AI_CI\":257,\"UTF8MB4_LA_0900_AI_CI\":271,\"UTF8MB4_LT_0900_AI_CI\":268,\"UTF8MB4_LV_0900_AI_CI\":258,\"UTF8MB4_PL_0900_AI_CI\":261,\"UTF8MB4_RO_0900_AI_CI\":259,\"UTF8MB4_SK_0900_AI_CI\":269,\"UTF8MB4_SL_0900_AI_CI\":260,\"UTF8MB4_SV_0900_AI_CI\":264,\"UTF8MB4_TR_0900_AI_CI\":265,\"UTF8MB4_VI_0900_AI_CI\":277,\"BIG5\":1,\"DEC8\":3,\"CP850\":4,\"HP8\":6,\"KOI8R\":7,\"LATIN1\":8,\"LATIN2\":9,\"SWE7\":10,\"ASCII\":11,\"UJIS\":12,\"SJIS\":13,\"HEBREW\":16,\"TIS620\":18,\"EUCKR\":19,\"KOI8U\":22,\"GB2312\":24,\"GREEK\":25,\"CP1250\":26,\"GBK\":28,\"LATIN5\":30,\"ARMSCII8\":32,\"UTF8\":33,\"UCS2\":35,\"CP866\":36,\"KEYBCS2\":37,\"MACCE\":38,\"MACROMAN\":39,\"CP852\":40,\"LATIN7\":41,\"UTF8MB4\":45,\"CP1251\":51,\"UTF16\":54,\"UTF16LE\":56,\"CP1256\":57,\"CP1257\":59,\"UTF32\":60,\"CP932\":95,\"EUCJPMS\":97,\"GB18030\":248,\"GEOSTD8\":92},\"CharsetToEncoding\":[\"utf8\",\"big5\",\"latin2\",\"dec8\",\"cp850\",\"latin1\",\"hp8\",\"koi8r\",\"latin1\",\"latin2\",\"swe7\",\"ascii\",\"eucjp\",\"sjis\",\"cp1251\",\"latin1\",\"hebrew\",\"utf8\",\"tis620\",\"euckr\",\"latin7\",\"latin2\",\"koi8u\",\"cp1251\",\"gb2312\",\"greek\",\"cp1250\",\"latin2\",\"gbk\",\"cp1257\",\"latin5\",\"latin1\",\"armscii8\",\"cesu8\",\"cp1250\",\"ucs2\",\"cp866\",\"keybcs2\",\"macintosh\",\"macroman\",\"cp852\",\"latin7\",\"latin7\",\"macintosh\",\"cp1250\",\"utf8\",\"utf8\",\"latin1\",\"latin1\",\"latin1\",\"cp1251\",\"cp1251\",\"cp1251\",\"macroman\",\"utf16\",\"utf16\",\"utf16-le\",\"cp1256\",\"cp1257\",\"cp1257\",\"utf32\",\"utf32\",\"utf16-le\",\"binary\",\"armscii8\",\"ascii\",\"cp1250\",\"cp1256\",\"cp866\",\"dec8\",\"greek\",\"hebrew\",\"hp8\",\"keybcs2\",\"koi8r\",\"koi8u\",\"cesu8\",\"latin2\",\"latin5\",\"latin7\",\"cp850\",\"cp852\",\"swe7\",\"cesu8\",\"big5\",\"euckr\",\"gb2312\",\"gbk\",\"sjis\",\"tis620\",\"ucs2\",\"eucjp\",\"geostd8\",\"geostd8\",\"latin1\",\"cp932\",\"cp932\",\"eucjpms\",\"eucjpms\",\"cp1250\",\"utf8\",\"utf16\",\"utf16\",\"utf16\",\"utf16\",\"utf16\",\"utf16\",\"utf16\",\"utf16\",\"utf16\",\"utf16\",\"utf16\",\"utf16\",\"utf16\",\"utf16\",\"utf16\",\"utf16\",\"utf16\",\"utf16\",\"utf16\",\"utf16\",\"utf16\",\"utf16\",\"utf16\",\"utf16\",\"utf8\",\"utf8\",\"utf8\",\"ucs2\",\"ucs2\",\"ucs2\",\"ucs2\",\"ucs2\",\"ucs2\",\"ucs2\",\"ucs2\",\"ucs2\",\"ucs2\",\"ucs2\",\"ucs2\",\"ucs2\",\"ucs2\",\"ucs2\",\"ucs2\",\"ucs2\",\"ucs2\",\"ucs2\",\"ucs2\",\"ucs2\",\"ucs2\",\"ucs2\",\"ucs2\",\"utf8\",\"utf8\",\"utf8\",\"utf8\",\"utf8\",\"utf8\",\"utf8\",\"ucs2\",\"utf32\",\"utf32\",\"utf32\",\"utf32\",\"utf32\",\"utf32\",\"utf32\",\"utf32\",\"utf32\",\"utf32\",\"utf32\",\"utf32\",\"utf32\",\"utf32\",\"utf32\",\"utf32\",\"utf32\",\"utf32\",\"utf32\",\"utf32\",\"utf32\",\"utf32\",\"utf32\",\"utf32\",\"utf8\",\"utf8\",\"utf8\",\"utf8\",\"utf8\",\"utf8\",\"utf8\",\"utf8\",\"cesu8\",\"cesu8\",\"cesu8\",\"cesu8\",\"cesu8\",\"cesu8\",\"cesu8\",\"cesu8\",\"cesu8\",\"cesu8\",\"cesu8\",\"cesu8\",\"cesu8\",\"cesu8\",\"cesu8\",\"cesu8\",\"cesu8\",\"cesu8\",\"cesu8\",\"cesu8\",\"cesu8\",\"cesu8\",\"cesu8\",\"cesu8\",\"utf8\",\"utf8\",\"utf8\",\"utf8\",\"utf8\",\"utf8\",\"utf8\",\"cesu8\",\"utf8\",\"utf8\",\"utf8\",\"utf8\",\"utf8\",\"utf8\",\"utf8\",\"utf8\",\"utf8\",\"utf8\",\"utf8\",\"utf8\",\"utf8\",\"utf8\",\"utf8\",\"utf8\",\"utf8\",\"utf8\",\"utf8\",\"utf8\",\"utf8\",\"utf8\",\"utf8\",\"utf8\",\"gb18030\",\"gb18030\",\"gb18030\",\"utf8\",\"utf8\",\"utf8\",\"utf8\",\"utf8\",\"utf8\",\"utf8\",\"utf8\",\"utf8\",\"utf8\",\"utf8\",\"utf8\",\"utf8\",\"utf8\",\"utf8\",\"utf8\",\"utf8\",\"utf8\",\"utf8\",\"utf8\",\"utf8\",\"utf8\",\"utf8\",\"utf8\",\"utf8\",\"utf8\",\"utf8\",\"utf8\",\"utf8\",\"utf8\",\"utf8\",\"utf8\",\"utf8\",\"utf8\",\"utf8\",\"utf8\",\"utf8\",\"utf8\",\"utf8\",\"utf8\",\"utf8\",\"utf8\",\"utf8\",\"utf8\",\"utf8\",\"utf8\",\"utf8\",\"utf8\",\"utf8\",\"utf8\",\"utf8\",\"utf8\",\"utf8\",\"utf8\",\"utf8\"]}},\"QueryGenerator\":{\"dialect\":\"mysql\",\"OperatorMap\":{},\"_templateSettings\":{\"escape\":{},\"evaluate\":{},\"interpolate\":{},\"variable\":\"\",\"imports\":{}},\"options\":\"~transaction~sequelize~options\",\"OperatorsAliasMap\":false,\"_dialect\":\"~transaction~sequelize~dialect\",\"sequelize\":\"~transaction~sequelize\"}},\"queryInterface\":{\"sequelize\":\"~transaction~sequelize\",\"QueryGenerator\":\"~transaction~sequelize~dialect~QueryGenerator\"},\"models\":{},\"modelManager\":{\"models\":[null,null,null,null,null,null,null,null,null,null,null,null,null,null,null,null,null,null,null,null,null,null,null,null,null,null,null,null,null,null,null,null,null,null,null,null,null],\"sequelize\":\"~transaction~sequelize\"},\"connectionManager\":\"~transaction~sequelize~dialect~connectionManager\",\"importCache\":{},\"test\":{\"_trackRunningQueries\":false,\"_runningQueries\":0}},\"savepoints\":[],\"_afterCommitHooks\":[],\"options\":{\"autocommit\":null,\"type\":\"DEFERRED\",\"isolationLevel\":null,\"readOnly\":false},\"id\":\"3b863b24-74d0-4617-a4e8-a0f456f12809\",\"connection\":{\"_events\":{},\"_eventsCount\":1,\"config\":{\"host\":\"127.0.0.1\",\"port\":3306,\"user\":\"root\",\"database\":\"interview_buddy\",\"connectTimeout\":10000,\"insecureAuth\":false,\"supportBigNumbers\":true,\"bigNumberStrings\":false,\"decimalNumbers\":false,\"dateStrings\":false,\"trace\":true,\"stringifyObjects\":false,\"timezone\":\"+00:00\",\"ssl\":false,\"multipleStatements\":false,\"rowsAsArray\":false,\"namedPlaceholders\":false,\"maxPacketSize\":0,\"charsetNumber\":224,\"compress\":false,\"clientFlags\":8582093,\"maxPreparedStatements\":16000},\"stream\":{\"connecting\":false,\"_hadError\":false,\"_handle\":{\"reading\":true,\"onconnection\":null},\"_parent\":null,\"_host\":null,\"_readableState\":{\"objectMode\":false,\"highWaterMark\":16384,\"buffer\":{\"head\":null,\"tail\":null,\"length\":0},\"length\":0,\"pipes\":null,\"pipesCount\":0,\"flowing\":true,\"ended\":false,\"endEmitted\":false,\"reading\":true,\"sync\":false,\"needReadable\":true,\"emittedReadable\":false,\"readableListening\":false,\"resumeScheduled\":false,\"paused\":false,\"emitClose\":false,\"autoDestroy\":false,\"destroyed\":false,\"defaultEncoding\":\"utf8\",\"awaitDrain\":0,\"readingMore\":false,\"decoder\":null,\"encoding\":null},\"readable\":true,\"_events\":{},\"_eventsCount\":4,\"_writableState\":{\"objectMode\":false,\"highWaterMark\":16384,\"finalCalled\":false,\"needDrain\":false,\"ending\":false,\"ended\":false,\"finished\":false,\"destroyed\":false,\"decodeStrings\":false,\"defaultEncoding\":\"utf8\",\"length\":0,\"writing\":false,\"corked\":0,\"sync\":false,\"bufferProcessing\":false,\"writecb\":null,\"writelen\":0,\"bufferedRequest\":null,\"lastBufferedRequest\":null,\"pendingcb\":0,\"prefinished\":false,\"errorEmitted\":false,\"emitClose\":false,\"autoDestroy\":false,\"bufferedRequestCount\":0,\"corkedRequestsFree\":{\"next\":null,\"entry\":null}},\"writable\":true,\"allowHalfOpen\":false,\"_sockname\":null,\"_pendingData\":null,\"_pendingEncoding\":\"\",\"server\":null,\"_server\":null},\"_internalId\":473,\"_commands\":{\"_head\":0,\"_tail\":0,\"_capacityMask\":3,\"_list\":[null,null,null,null]},\"_paused\":false,\"_paused_packets\":{\"_head\":0,\"_tail\":0,\"_capacityMask\":3,\"_list\":[null,null,null,null]},\"_statements\":{},\"serverCapabilityFlags\":2688546815,\"authorized\":true,\"sequenceId\":2,\"compressedSequenceId\":0,\"threadId\":879,\"_handshakePacket\":{\"protocolVersion\":10,\"serverVersion\":\"5.5.5-10.1.37-MariaDB\",\"capabilityFlags\":2688546815,\"connectionId\":879,\"authPluginData1\":{\"type\":\"Buffer\",\"data\":[104,59,43,102,67,89,117,100]},\"authPluginData2\":{\"type\":\"Buffer\",\"data\":[113,47,50,77,110,98,33,121,98,92,43,93]},\"characterSet\":8,\"statusFlags\":2},\"_fatalError\":null,\"_protocolError\":null,\"_outOfOrderPackets\":[],\"clientEncoding\":\"utf8\",\"packetParser\":{\"buffer\":[],\"bufferLength\":0,\"packetHeaderLength\":4,\"headerLen\":0,\"length\":7,\"largePacketParts\":[],\"firstPacketSequenceId\":0},\"serverEncoding\":\"latin1\",\"connectTimeout\":null,\"connectionId\":879,\"uuid\":\"3b863b24-74d0-4617-a4e8-a0f456f12809\"}},\"fields\":[\"id\",\"userId\",\"groupId\",\"createdAt\",\"updatedAt\"],\"auth\":1}', '[6]', 1, '2019-02-14 09:25:32', '2019-02-14 09:25:32'),
(54, 'report_perameters', 'insert', '{\"id\":4,\"name\":\"Angular\",\"organizationId\":2,\"status\":\"active\",\"updatedAt\":\"2019-02-14T09:30:27.283Z\",\"createdAt\":\"2019-02-14T09:30:27.283Z\"}', '4', 10, '2019-02-14 09:30:27', '2019-02-14 09:30:27'),
(55, 'report_perameters', 'update', '{\"where\":{\"id\":\"4\"},\"validate\":true,\"hooks\":true,\"individualHooks\":false,\"returning\":false,\"force\":false,\"sideEffects\":true,\"type\":\"BULKUPDATE\",\"fields\":[\"name\",\"updatedAt\"],\"attributes\":{\"name\":\"AngularJS\",\"updatedAt\":\"2019-02-14T09:30:39.547Z\"},\"auth\":10}', '{\"id\":\"4\"}', 10, '2019-02-14 09:30:39', '2019-02-14 09:30:39'),
(56, 'interview_experts_feedback', 'update', '{\"where\":{\"id\":\"4\"},\"validate\":true,\"hooks\":true,\"individualHooks\":false,\"returning\":false,\"force\":false,\"sideEffects\":true,\"type\":\"BULKUPDATE\",\"fields\":[\"review\",\"rating\",\"updatedAt\"],\"attributes\":{\"updatedAt\":\"2019-02-14T13:04:58.952Z\"},\"auth\":3}', '{\"id\":\"4\"}', 3, '2019-02-14 13:04:59', '2019-02-14 13:04:59'),
(57, 'interview_experts_feedback', 'update', '{\"where\":{\"id\":\"2\"},\"validate\":true,\"hooks\":true,\"individualHooks\":false,\"returning\":false,\"force\":false,\"sideEffects\":true,\"type\":\"BULKUPDATE\",\"fields\":[\"review\",\"rating\",\"updatedAt\"],\"attributes\":{\"updatedAt\":\"2019-02-14T13:09:46.865Z\"},\"auth\":3}', '{\"id\":\"2\"}', 3, '2019-02-14 13:09:46', '2019-02-14 13:09:46'),
(58, 'interview_experts_feedback', 'update', '{\"where\":{\"interviewUserQuestionId\":\"2\"},\"validate\":true,\"hooks\":true,\"individualHooks\":false,\"returning\":false,\"force\":false,\"sideEffects\":true,\"type\":\"BULKUPDATE\",\"fields\":[\"review\",\"rating\",\"updatedAt\"],\"attributes\":{\"updatedAt\":\"2019-02-14T13:12:15.242Z\"},\"auth\":3}', '{\"interviewUserQuestionId\":\"2\"}', 3, '2019-02-14 13:12:15', '2019-02-14 13:12:15'),
(59, 'interview_experts_feedback', 'update', '{\"where\":{\"interviewUserQuestionId\":\"9\"},\"validate\":true,\"hooks\":true,\"individualHooks\":false,\"returning\":false,\"force\":false,\"sideEffects\":true,\"type\":\"BULKUPDATE\",\"fields\":[\"review\",\"rating\",\"updatedAt\"],\"attributes\":{\"updatedAt\":\"2019-02-14T13:30:55.906Z\"},\"auth\":3}', '{\"interviewUserQuestionId\":\"9\"}', 3, '2019-02-14 13:30:55', '2019-02-14 13:30:55'),
(60, 'interview_experts_feedback', 'update', '{\"where\":{\"interviewUserQuestionId\":\"9\"},\"validate\":true,\"hooks\":true,\"individualHooks\":false,\"returning\":false,\"force\":false,\"sideEffects\":true,\"type\":\"BULKUPDATE\",\"fields\":[\"review\",\"rating\",\"updatedAt\"],\"attributes\":{\"updatedAt\":\"2019-02-14T13:31:52.495Z\"},\"auth\":3}', '{\"interviewUserQuestionId\":\"9\"}', 3, '2019-02-14 13:31:52', '2019-02-14 13:31:52'),
(61, 'interview_experts_feedback', 'update', '{\"where\":{\"interviewUserQuestionId\":\"10\"},\"validate\":true,\"hooks\":true,\"individualHooks\":false,\"returning\":false,\"force\":false,\"sideEffects\":true,\"type\":\"BULKUPDATE\",\"fields\":[\"review\",\"rating\",\"updatedAt\"],\"attributes\":{\"updatedAt\":\"2019-02-14T13:33:51.403Z\"},\"auth\":3}', '{\"interviewUserQuestionId\":\"10\"}', 3, '2019-02-14 13:33:51', '2019-02-14 13:33:51'),
(62, 'interview_experts_feedback', 'update', '{\"where\":{\"interviewUserQuestionId\":\"10\"},\"validate\":true,\"hooks\":true,\"individualHooks\":false,\"returning\":false,\"force\":false,\"sideEffects\":true,\"type\":\"BULKUPDATE\",\"fields\":[\"review\",\"rating\",\"updatedAt\"],\"attributes\":{\"updatedAt\":\"2019-02-14T13:34:24.417Z\"},\"auth\":3}', '{\"interviewUserQuestionId\":\"10\"}', 3, '2019-02-14 13:34:24', '2019-02-14 13:34:24'),
(63, 'interview_experts_feedback', 'update', '{\"where\":{},\"validate\":true,\"hooks\":true,\"individualHooks\":false,\"returning\":false,\"force\":false,\"sideEffects\":true,\"type\":\"BULKUPDATE\",\"fields\":[\"review\",\"rating\",\"updatedAt\"],\"attributes\":{\"rating\":\"2\",\"updatedAt\":\"2019-02-14T13:51:38.612Z\"},\"auth\":3}', '{}', 3, '2019-02-14 13:51:38', '2019-02-14 13:51:38'),
(64, 'interview_experts_feedback', 'update', '{\"where\":{},\"validate\":true,\"hooks\":true,\"individualHooks\":false,\"returning\":false,\"force\":false,\"sideEffects\":true,\"type\":\"BULKUPDATE\",\"fields\":[\"review\",\"rating\",\"updatedAt\"],\"attributes\":{\"rating\":\"2\",\"updatedAt\":\"2019-02-14T13:52:48.896Z\"},\"auth\":3}', '{}', 3, '2019-02-14 13:52:48', '2019-02-14 13:52:48'),
(65, 'interview_experts_feedback', 'update', '{\"where\":{},\"validate\":true,\"hooks\":true,\"individualHooks\":false,\"returning\":false,\"force\":false,\"sideEffects\":true,\"type\":\"BULKUPDATE\",\"fields\":[\"review\",\"rating\",\"updatedAt\"],\"attributes\":{\"review\":\"dfgdfg\",\"rating\":\"2\",\"updatedAt\":\"2019-02-14T13:55:07.694Z\"},\"auth\":3}', '{}', 3, '2019-02-14 13:55:07', '2019-02-14 13:55:07'),
(66, 'interview_experts_feedback', 'update', '{\"where\":{},\"validate\":true,\"hooks\":true,\"individualHooks\":false,\"returning\":false,\"force\":false,\"sideEffects\":true,\"type\":\"BULKUPDATE\",\"fields\":[\"review\",\"rating\",\"updatedAt\"],\"attributes\":{\"review\":\"dfgdfg\",\"rating\":\"1\",\"updatedAt\":\"2019-02-14T13:56:32.279Z\"},\"auth\":3}', '{}', 3, '2019-02-14 13:56:32', '2019-02-14 13:56:32'),
(67, 'interview_experts_feedback', 'update', '{\"where\":{\"interviewUserQuestionId\":9},\"validate\":true,\"hooks\":true,\"individualHooks\":false,\"returning\":false,\"force\":false,\"sideEffects\":true,\"type\":\"BULKUPDATE\",\"fields\":[\"review\",\"rating\",\"updatedAt\"],\"attributes\":{\"review\":\"dfgdfg\",\"rating\":\"1\",\"updatedAt\":\"2019-02-14T13:57:24.316Z\"},\"auth\":3}', '{\"interviewUserQuestionId\":9}', 3, '2019-02-14 13:57:24', '2019-02-14 13:57:24'),
(68, 'interview_experts_feedback', 'update', '{\"where\":{\"interviewUserQuestionId\":9},\"validate\":true,\"hooks\":true,\"individualHooks\":false,\"returning\":false,\"force\":false,\"sideEffects\":true,\"type\":\"BULKUPDATE\",\"fields\":[\"review\",\"rating\",\"updatedAt\"],\"attributes\":{\"review\":\"dfgdfg\",\"rating\":\"5\",\"updatedAt\":\"2019-02-14T13:57:39.322Z\"},\"auth\":3}', '{\"interviewUserQuestionId\":9}', 3, '2019-02-14 13:57:39', '2019-02-14 13:57:39'),
(69, 'interview_experts_feedback', 'update', '{\"where\":{\"interviewUserQuestionId\":9},\"validate\":true,\"hooks\":true,\"individualHooks\":false,\"returning\":false,\"force\":false,\"sideEffects\":true,\"type\":\"BULKUPDATE\",\"fields\":[\"review\",\"rating\",\"updatedAt\"],\"attributes\":{\"review\":\"testing new\",\"rating\":\"5\",\"updatedAt\":\"2019-02-14T13:57:44.254Z\"},\"auth\":3}', '{\"interviewUserQuestionId\":9}', 3, '2019-02-14 13:57:44', '2019-02-14 13:57:44'),
(70, 'interview_experts_feedback', 'update', '{\"where\":{\"interviewUserQuestionId\":10},\"validate\":true,\"hooks\":true,\"individualHooks\":false,\"returning\":false,\"force\":false,\"sideEffects\":true,\"type\":\"BULKUPDATE\",\"fields\":[\"review\",\"rating\",\"updatedAt\"],\"attributes\":{\"review\":\"yrdy\",\"rating\":\"2\",\"updatedAt\":\"2019-02-14T13:58:15.845Z\"},\"auth\":3}', '{\"interviewUserQuestionId\":10}', 3, '2019-02-14 13:58:15', '2019-02-14 13:58:15'),
(71, 'interview_experts_feedback', 'update', '{\"where\":{\"interviewUserQuestionId\":10},\"validate\":true,\"hooks\":true,\"individualHooks\":false,\"returning\":false,\"force\":false,\"sideEffects\":true,\"type\":\"BULKUPDATE\",\"fields\":[\"review\",\"rating\",\"updatedAt\"],\"attributes\":{\"review\":\"dfgdfg\",\"rating\":\"4\",\"updatedAt\":\"2019-02-14T13:58:24.628Z\"},\"auth\":3}', '{\"interviewUserQuestionId\":10}', 3, '2019-02-14 13:58:24', '2019-02-14 13:58:24'),
(72, 'interview_experts_feedback', 'update', '{\"where\":{\"interviewUserQuestionId\":12},\"validate\":true,\"hooks\":true,\"individualHooks\":false,\"returning\":false,\"force\":false,\"sideEffects\":true,\"type\":\"BULKUPDATE\",\"fields\":[\"review\",\"rating\",\"updatedAt\"],\"attributes\":{\"review\":\"dfgdfg\",\"rating\":\"2\",\"updatedAt\":\"2019-02-14T13:58:33.677Z\"},\"auth\":3}', '{\"interviewUserQuestionId\":12}', 3, '2019-02-14 13:58:33', '2019-02-14 13:58:33'),
(73, 'interview_experts_feedback', 'update', '{\"where\":{\"id\":1},\"validate\":true,\"hooks\":true,\"individualHooks\":false,\"returning\":false,\"force\":false,\"sideEffects\":true,\"type\":\"BULKUPDATE\",\"fields\":[\"review\",\"rating\",\"updatedAt\"],\"attributes\":{\"review\":\"hai\",\"rating\":\"3\",\"updatedAt\":\"2019-02-15T07:21:59.397Z\"},\"auth\":3}', '{\"id\":1}', 3, '2019-02-15 07:21:59', '2019-02-15 07:21:59'),
(74, 'interview_experts_feedback', 'update', '{\"where\":{\"id\":2},\"validate\":true,\"hooks\":true,\"individualHooks\":false,\"returning\":false,\"force\":false,\"sideEffects\":true,\"type\":\"BULKUPDATE\",\"fields\":[\"review\",\"rating\",\"updatedAt\"],\"attributes\":{\"review\":\"this is sample test\",\"rating\":\"2\",\"updatedAt\":\"2019-02-15T07:22:24.436Z\"},\"auth\":3}', '{\"id\":2}', 3, '2019-02-15 07:22:24', '2019-02-15 07:22:24'),
(75, 'interview_experts_feedback', 'update', '{\"where\":{\"id\":3},\"validate\":true,\"hooks\":true,\"individualHooks\":false,\"returning\":false,\"force\":false,\"sideEffects\":true,\"type\":\"BULKUPDATE\",\"fields\":[\"review\",\"rating\",\"updatedAt\"],\"attributes\":{\"review\":\"hello test\",\"rating\":\"2\",\"updatedAt\":\"2019-02-15T07:23:39.419Z\"},\"auth\":3}', '{\"id\":3}', 3, '2019-02-15 07:23:39', '2019-02-15 07:23:39'),
(76, 'interview_experts_feedback', 'update', '{\"where\":{\"id\":1},\"validate\":true,\"hooks\":true,\"individualHooks\":false,\"returning\":false,\"force\":false,\"sideEffects\":true,\"type\":\"BULKUPDATE\",\"fields\":[\"review\",\"rating\",\"updatedAt\"],\"attributes\":{\"review\":\"dfgdfg\",\"rating\":\"1\",\"updatedAt\":\"2019-02-15T07:25:00.094Z\"},\"auth\":3}', '{\"id\":1}', 3, '2019-02-15 07:25:00', '2019-02-15 07:25:00'),
(77, 'interview_experts_feedback', 'update', '{\"where\":{\"id\":1},\"validate\":true,\"hooks\":true,\"individualHooks\":false,\"returning\":false,\"force\":false,\"sideEffects\":true,\"type\":\"BULKUPDATE\",\"fields\":[\"review\",\"rating\",\"updatedAt\"],\"attributes\":{\"review\":\"fghfgh\",\"rating\":\"2\",\"updatedAt\":\"2019-02-15T07:26:48.544Z\"},\"auth\":3}', '{\"id\":1}', 3, '2019-02-15 07:26:48', '2019-02-15 07:26:48'),
(78, 'interview_experts_feedback', 'update', '{\"where\":{\"id\":5},\"validate\":true,\"hooks\":true,\"individualHooks\":false,\"returning\":false,\"force\":false,\"sideEffects\":true,\"type\":\"BULKUPDATE\",\"fields\":[\"review\",\"rating\",\"updatedAt\"],\"attributes\":{\"review\":\"dfgdfg\",\"rating\":\"1\",\"updatedAt\":\"2019-02-15T11:49:59.250Z\"},\"auth\":3}', '{\"id\":5}', 3, '2019-02-15 11:49:59', '2019-02-15 11:49:59'),
(79, 'interview_experts_feedback', 'update', '{\"where\":{\"id\":8},\"validate\":true,\"hooks\":true,\"individualHooks\":false,\"returning\":false,\"force\":false,\"sideEffects\":true,\"type\":\"BULKUPDATE\",\"fields\":[\"review\",\"rating\",\"updatedAt\"],\"attributes\":{\"review\":\"dfccfb\",\"rating\":\"1\",\"updatedAt\":\"2019-02-15T11:51:45.810Z\"},\"auth\":3}', '{\"id\":8}', 3, '2019-02-15 11:51:45', '2019-02-15 11:51:45'),
(80, 'interview_experts_feedback', 'update', '{\"where\":{\"id\":1},\"validate\":true,\"hooks\":true,\"individualHooks\":false,\"returning\":false,\"force\":false,\"sideEffects\":true,\"type\":\"BULKUPDATE\",\"fields\":[\"review\",\"rating\",\"updatedAt\"],\"attributes\":{\"review\":\"hello new test\",\"rating\":\"3\",\"updatedAt\":\"2019-02-15T11:52:06.322Z\"},\"auth\":3}', '{\"id\":1}', 3, '2019-02-15 11:52:06', '2019-02-15 11:52:06');
INSERT INTO `logs` (`id`, `tableName`, `action`, `remarks`, `respectiveId`, `userId`, `createdAt`, `updatedAt`) VALUES
(81, 'interview_expert_overall_feedback', 'insert', '{\"validate\":false,\"hooks\":true,\"individualHooks\":false,\"ignoreDuplicates\":false,\"transcation\":{\"sequelize\":{\"options\":{\"dialect\":\"mysql\",\"dialectModulePath\":null,\"host\":\"127.0.0.1\",\"protocol\":\"tcp\",\"define\":{},\"query\":{},\"sync\":{},\"timezone\":\"+00:00\",\"omitNull\":false,\"native\":false,\"replication\":false,\"pool\":{},\"quoteIdentifiers\":true,\"hooks\":{\"afterCreate\":[null],\"afterUpdate\":[null],\"afterBulkUpdate\":[null],\"afterBulkCreate\":[null]},\"retry\":{\"max\":5,\"match\":[\"SQLITE_BUSY: database is locked\"]},\"transactionType\":\"DEFERRED\",\"isolationLevel\":null,\"databaseVersion\":\"10.1.37-MariaDB\",\"typeValidation\":false,\"benchmark\":false,\"operatorsAliases\":false,\"username\":\"root\",\"password\":null,\"database\":\"testdb5\"},\"config\":{\"database\":\"testdb5\",\"username\":\"root\",\"password\":null,\"host\":\"127.0.0.1\",\"port\":3306,\"pool\":\"~transcation~sequelize~options~pool\",\"protocol\":\"tcp\",\"native\":false,\"replication\":false,\"dialectModulePath\":null},\"dialect\":{\"sequelize\":\"~transcation~sequelize\",\"connectionManager\":{\"sequelize\":\"~transcation~sequelize\",\"config\":{\"database\":\"testdb5\",\"username\":\"root\",\"password\":null,\"host\":\"127.0.0.1\",\"pool\":{\"max\":5,\"min\":0,\"idle\":10000,\"acquire\":10000,\"evict\":10000,\"handleDisconnects\":true},\"protocol\":\"tcp\",\"native\":false,\"replication\":false,\"dialectModulePath\":null},\"dialect\":\"~transcation~sequelize~dialect\",\"versionPromise\":null,\"dialectName\":\"mysql\",\"pool\":{\"_events\":{},\"_eventsCount\":0,\"_config\":{\"fifo\":true,\"priorityRange\":1,\"testOnBorrow\":true,\"testOnReturn\":false,\"autostart\":false,\"acquireTimeoutMillis\":10000,\"max\":5,\"min\":0,\"evictionRunIntervalMillis\":10000,\"numTestsPerEvictionRun\":3,\"softIdleTimeoutMillis\":-1,\"idleTimeoutMillis\":10000},\"_factory\":{},\"_draining\":false,\"_started\":true,\"_waitingClientsQueue\":{\"_size\":1,\"_slots\":[{\"_list\":{\"head\":null,\"tail\":null,\"length\":0}}]},\"_factoryCreateOperations\":{},\"_factoryDestroyOperations\":{},\"_availableObjects\":{\"_list\":{\"head\":{\"prev\":null,\"next\":null,\"data\":{\"creationTime\":1550232127330,\"lastReturnTime\":1550232139332,\"lastBorrowTime\":1550232139246,\"lastIdleTime\":1550232139332,\"obj\":{\"_events\":{},\"_eventsCount\":1,\"config\":{\"host\":\"127.0.0.1\",\"port\":3306,\"user\":\"root\",\"database\":\"testdb5\",\"connectTimeout\":10000,\"insecureAuth\":false,\"supportBigNumbers\":true,\"bigNumberStrings\":false,\"decimalNumbers\":false,\"dateStrings\":false,\"trace\":true,\"stringifyObjects\":false,\"timezone\":\"+00:00\",\"ssl\":false,\"multipleStatements\":false,\"rowsAsArray\":false,\"namedPlaceholders\":false,\"maxPacketSize\":0,\"charsetNumber\":224,\"compress\":false,\"clientFlags\":8582093,\"maxPreparedStatements\":16000},\"stream\":{\"connecting\":false,\"_hadError\":false,\"_handle\":{\"reading\":true,\"onconnection\":null},\"_parent\":null,\"_host\":null,\"_readableState\":{\"objectMode\":false,\"highWaterMark\":16384,\"buffer\":{\"head\":null,\"tail\":null,\"length\":0},\"length\":0,\"pipes\":null,\"pipesCount\":0,\"flowing\":true,\"ended\":false,\"endEmitted\":false,\"reading\":true,\"sync\":false,\"needReadable\":true,\"emittedReadable\":false,\"readableListening\":false,\"resumeScheduled\":false,\"emitClose\":false,\"destroyed\":false,\"defaultEncoding\":\"utf8\",\"awaitDrain\":0,\"readingMore\":false,\"decoder\":null,\"encoding\":null},\"readable\":true,\"_events\":{},\"_eventsCount\":4,\"_writableState\":{\"objectMode\":false,\"highWaterMark\":16384,\"finalCalled\":false,\"needDrain\":false,\"ending\":false,\"ended\":false,\"finished\":false,\"destroyed\":false,\"decodeStrings\":false,\"defaultEncoding\":\"utf8\",\"length\":0,\"writing\":false,\"corked\":0,\"sync\":false,\"bufferProcessing\":false,\"writecb\":null,\"writelen\":0,\"bufferedRequest\":null,\"lastBufferedRequest\":null,\"pendingcb\":0,\"prefinished\":false,\"errorEmitted\":false,\"emitClose\":false,\"bufferedRequestCount\":0,\"corkedRequestsFree\":{\"next\":null,\"entry\":null}},\"writable\":true,\"allowHalfOpen\":false,\"_sockname\":null,\"_pendingData\":null,\"_pendingEncoding\":\"\",\"server\":null,\"_server\":null},\"_internalId\":153,\"_commands\":{\"_head\":0,\"_tail\":0,\"_capacityMask\":3,\"_list\":[null,null,null,null]},\"_paused\":false,\"_paused_packets\":{\"_head\":0,\"_tail\":0,\"_capacityMask\":3,\"_list\":[null,null,null,null]},\"_statements\":{},\"serverCapabilityFlags\":2688546815,\"authorized\":true,\"sequenceId\":2,\"compressedSequenceId\":0,\"threadId\":282,\"_handshakePacket\":{\"protocolVersion\":10,\"serverVersion\":\"5.5.5-10.1.37-MariaDB\",\"capabilityFlags\":2688546815,\"connectionId\":282,\"authPluginData1\":{\"type\":\"Buffer\",\"data\":[41,75,33,92,50,34,80,77]},\"authPluginData2\":{\"type\":\"Buffer\",\"data\":[113,114,103,47,82,47,51,83,43,119,58,90]},\"characterSet\":8,\"statusFlags\":2},\"_fatalError\":null,\"_protocolError\":null,\"_outOfOrderPackets\":[],\"clientEncoding\":\"utf8\",\"packetParser\":{\"buffer\":[],\"bufferLength\":0,\"packetHeaderLength\":4,\"headerLen\":0,\"length\":46,\"largePacketParts\":[],\"firstPacketSequenceId\":0},\"serverEncoding\":\"latin1\",\"connectTimeout\":null,\"connectionId\":282},\"state\":\"IDLE\"}},\"tail\":\"~transcation~sequelize~dialect~connectionManager~pool~_availableObjects~_list~head\",\"length\":1}},\"_testOnBorrowResources\":{},\"_testOnReturnResources\":{},\"_validationOperations\":{},\"_allObjects\":{},\"_resourceLoans\":{},\"_evictionIterator\":{\"_list\":\"~transcation~sequelize~dialect~connectionManager~pool~_availableObjects~_list\",\"_direction\":\"next\",\"_startPosition\":\"head\",\"_started\":true,\"_cursor\":{\"prev\":null,\"next\":null,\"data\":\"~transcation~sequelize~dialect~connectionManager~pool~_availableObjects~_list~head~data\"},\"_done\":false},\"_evictor\":{},\"_scheduledEviction\":{\"_called\":false,\"_idleTimeout\":10000,\"_idlePrev\":{\"_idleNext\":\"~transcation~sequelize~dialect~connectionManager~pool~_scheduledEviction\",\"_idlePrev\":\"~transcation~sequelize~dialect~connectionManager~pool~_scheduledEviction\",\"_unrefed\":false,\"msecs\":10000,\"_timer\":{\"_list\":\"~transcation~sequelize~dialect~connectionManager~pool~_scheduledEviction~_idlePrev\"}},\"_idleNext\":\"~transcation~sequelize~dialect~connectionManager~pool~_scheduledEviction~_idlePrev\",\"_idleStart\":16897927,\"_repeat\":null,\"_destroyed\":false}},\"lib\":{\"Types\":{\"DECIMAL\":0,\"TINY\":1,\"SHORT\":2,\"LONG\":3,\"FLOAT\":4,\"DOUBLE\":5,\"NULL\":6,\"TIMESTAMP\":7,\"LONGLONG\":8,\"INT24\":9,\"DATE\":10,\"TIME\":11,\"DATETIME\":12,\"YEAR\":13,\"NEWDATE\":14,\"VARCHAR\":15,\"BIT\":16,\"JSON\":245,\"NEWDECIMAL\":246,\"ENUM\":247,\"SET\":248,\"TINY_BLOB\":249,\"MEDIUM_BLOB\":250,\"LONG_BLOB\":251,\"BLOB\":252,\"VAR_STRING\":253,\"STRING\":254,\"GEOMETRY\":255},\"Charsets\":{\"BIG5_CHINESE_CI\":1,\"LATIN2_CZECH_CS\":2,\"DEC8_SWEDISH_CI\":3,\"CP850_GENERAL_CI\":4,\"LATIN1_GERMAN1_CI\":5,\"HP8_ENGLISH_CI\":6,\"KOI8R_GENERAL_CI\":7,\"LATIN1_SWEDISH_CI\":8,\"LATIN2_GENERAL_CI\":9,\"SWE7_SWEDISH_CI\":10,\"ASCII_GENERAL_CI\":11,\"UJIS_JAPANESE_CI\":12,\"SJIS_JAPANESE_CI\":13,\"CP1251_BULGARIAN_CI\":14,\"LATIN1_DANISH_CI\":15,\"HEBREW_GENERAL_CI\":16,\"TIS620_THAI_CI\":18,\"EUCKR_KOREAN_CI\":19,\"LATIN7_ESTONIAN_CS\":20,\"LATIN2_HUNGARIAN_CI\":21,\"KOI8U_GENERAL_CI\":22,\"CP1251_UKRAINIAN_CI\":23,\"GB2312_CHINESE_CI\":24,\"GREEK_GENERAL_CI\":25,\"CP1250_GENERAL_CI\":26,\"LATIN2_CROATIAN_CI\":27,\"GBK_CHINESE_CI\":28,\"CP1257_LITHUANIAN_CI\":29,\"LATIN5_TURKISH_CI\":30,\"LATIN1_GERMAN2_CI\":31,\"ARMSCII8_GENERAL_CI\":32,\"UTF8_GENERAL_CI\":33,\"CP1250_CZECH_CS\":34,\"UCS2_GENERAL_CI\":35,\"CP866_GENERAL_CI\":36,\"KEYBCS2_GENERAL_CI\":37,\"MACCE_GENERAL_CI\":38,\"MACROMAN_GENERAL_CI\":39,\"CP852_GENERAL_CI\":40,\"LATIN7_GENERAL_CI\":41,\"LATIN7_GENERAL_CS\":42,\"MACCE_BIN\":43,\"CP1250_CROATIAN_CI\":44,\"UTF8MB4_GENERAL_CI\":45,\"UTF8MB4_BIN\":46,\"LATIN1_BIN\":47,\"LATIN1_GENERAL_CI\":48,\"LATIN1_GENERAL_CS\":49,\"CP1251_BIN\":50,\"CP1251_GENERAL_CI\":51,\"CP1251_GENERAL_CS\":52,\"MACROMAN_BIN\":53,\"UTF16_GENERAL_CI\":54,\"UTF16_BIN\":55,\"UTF16LE_GENERAL_CI\":56,\"CP1256_GENERAL_CI\":57,\"CP1257_BIN\":58,\"CP1257_GENERAL_CI\":59,\"UTF32_GENERAL_CI\":60,\"UTF32_BIN\":61,\"UTF16LE_BIN\":62,\"BINARY\":63,\"ARMSCII8_BIN\":64,\"ASCII_BIN\":65,\"CP1250_BIN\":66,\"CP1256_BIN\":67,\"CP866_BIN\":68,\"DEC8_BIN\":69,\"GREEK_BIN\":70,\"HEBREW_BIN\":71,\"HP8_BIN\":72,\"KEYBCS2_BIN\":73,\"KOI8R_BIN\":74,\"KOI8U_BIN\":75,\"UTF8_TOLOWER_CI\":76,\"LATIN2_BIN\":77,\"LATIN5_BIN\":78,\"LATIN7_BIN\":79,\"CP850_BIN\":80,\"CP852_BIN\":81,\"SWE7_BIN\":82,\"UTF8_BIN\":83,\"BIG5_BIN\":84,\"EUCKR_BIN\":85,\"GB2312_BIN\":86,\"GBK_BIN\":87,\"SJIS_BIN\":88,\"TIS620_BIN\":89,\"UCS2_BIN\":90,\"UJIS_BIN\":91,\"GEOSTD8_GENERAL_CI\":92,\"GEOSTD8_BIN\":93,\"LATIN1_SPANISH_CI\":94,\"CP932_JAPANESE_CI\":95,\"CP932_BIN\":96,\"EUCJPMS_JAPANESE_CI\":97,\"EUCJPMS_BIN\":98,\"CP1250_POLISH_CI\":99,\"UTF16_UNICODE_CI\":101,\"UTF16_ICELANDIC_CI\":102,\"UTF16_LATVIAN_CI\":103,\"UTF16_ROMANIAN_CI\":104,\"UTF16_SLOVENIAN_CI\":105,\"UTF16_POLISH_CI\":106,\"UTF16_ESTONIAN_CI\":107,\"UTF16_SPANISH_CI\":108,\"UTF16_SWEDISH_CI\":109,\"UTF16_TURKISH_CI\":110,\"UTF16_CZECH_CI\":111,\"UTF16_DANISH_CI\":112,\"UTF16_LITHUANIAN_CI\":113,\"UTF16_SLOVAK_CI\":114,\"UTF16_SPANISH2_CI\":115,\"UTF16_ROMAN_CI\":116,\"UTF16_PERSIAN_CI\":117,\"UTF16_ESPERANTO_CI\":118,\"UTF16_HUNGARIAN_CI\":119,\"UTF16_SINHALA_CI\":120,\"UTF16_GERMAN2_CI\":121,\"UTF16_CROATIAN_CI\":122,\"UTF16_UNICODE_520_CI\":123,\"UTF16_VIETNAMESE_CI\":124,\"UCS2_UNICODE_CI\":128,\"UCS2_ICELANDIC_CI\":129,\"UCS2_LATVIAN_CI\":130,\"UCS2_ROMANIAN_CI\":131,\"UCS2_SLOVENIAN_CI\":132,\"UCS2_POLISH_CI\":133,\"UCS2_ESTONIAN_CI\":134,\"UCS2_SPANISH_CI\":135,\"UCS2_SWEDISH_CI\":136,\"UCS2_TURKISH_CI\":137,\"UCS2_CZECH_CI\":138,\"UCS2_DANISH_CI\":139,\"UCS2_LITHUANIAN_CI\":140,\"UCS2_SLOVAK_CI\":141,\"UCS2_SPANISH2_CI\":142,\"UCS2_ROMAN_CI\":143,\"UCS2_PERSIAN_CI\":144,\"UCS2_ESPERANTO_CI\":145,\"UCS2_HUNGARIAN_CI\":146,\"UCS2_SINHALA_CI\":147,\"UCS2_GERMAN2_CI\":148,\"UCS2_CROATIAN_CI\":149,\"UCS2_UNICODE_520_CI\":150,\"UCS2_VIETNAMESE_CI\":151,\"UCS2_GENERAL_MYSQL500_CI\":159,\"UTF32_UNICODE_CI\":160,\"UTF32_ICELANDIC_CI\":161,\"UTF32_LATVIAN_CI\":162,\"UTF32_ROMANIAN_CI\":163,\"UTF32_SLOVENIAN_CI\":164,\"UTF32_POLISH_CI\":165,\"UTF32_ESTONIAN_CI\":166,\"UTF32_SPANISH_CI\":167,\"UTF32_SWEDISH_CI\":168,\"UTF32_TURKISH_CI\":169,\"UTF32_CZECH_CI\":170,\"UTF32_DANISH_CI\":171,\"UTF32_LITHUANIAN_CI\":172,\"UTF32_SLOVAK_CI\":173,\"UTF32_SPANISH2_CI\":174,\"UTF32_ROMAN_CI\":175,\"UTF32_PERSIAN_CI\":176,\"UTF32_ESPERANTO_CI\":177,\"UTF32_HUNGARIAN_CI\":178,\"UTF32_SINHALA_CI\":179,\"UTF32_GERMAN2_CI\":180,\"UTF32_CROATIAN_CI\":181,\"UTF32_UNICODE_520_CI\":182,\"UTF32_VIETNAMESE_CI\":183,\"UTF8_UNICODE_CI\":192,\"UTF8_ICELANDIC_CI\":193,\"UTF8_LATVIAN_CI\":194,\"UTF8_ROMANIAN_CI\":195,\"UTF8_SLOVENIAN_CI\":196,\"UTF8_POLISH_CI\":197,\"UTF8_ESTONIAN_CI\":198,\"UTF8_SPANISH_CI\":199,\"UTF8_SWEDISH_CI\":200,\"UTF8_TURKISH_CI\":201,\"UTF8_CZECH_CI\":202,\"UTF8_DANISH_CI\":203,\"UTF8_LITHUANIAN_CI\":204,\"UTF8_SLOVAK_CI\":205,\"UTF8_SPANISH2_CI\":206,\"UTF8_ROMAN_CI\":207,\"UTF8_PERSIAN_CI\":208,\"UTF8_ESPERANTO_CI\":209,\"UTF8_HUNGARIAN_CI\":210,\"UTF8_SINHALA_CI\":211,\"UTF8_GERMAN2_CI\":212,\"UTF8_CROATIAN_CI\":213,\"UTF8_UNICODE_520_CI\":214,\"UTF8_VIETNAMESE_CI\":215,\"UTF8_GENERAL_MYSQL500_CI\":223,\"UTF8MB4_UNICODE_CI\":224,\"UTF8MB4_ICELANDIC_CI\":225,\"UTF8MB4_LATVIAN_CI\":226,\"UTF8MB4_ROMANIAN_CI\":227,\"UTF8MB4_SLOVENIAN_CI\":228,\"UTF8MB4_POLISH_CI\":229,\"UTF8MB4_ESTONIAN_CI\":230,\"UTF8MB4_SPANISH_CI\":231,\"UTF8MB4_SWEDISH_CI\":232,\"UTF8MB4_TURKISH_CI\":233,\"UTF8MB4_CZECH_CI\":234,\"UTF8MB4_DANISH_CI\":235,\"UTF8MB4_LITHUANIAN_CI\":236,\"UTF8MB4_SLOVAK_CI\":237,\"UTF8MB4_SPANISH2_CI\":238,\"UTF8MB4_ROMAN_CI\":239,\"UTF8MB4_PERSIAN_CI\":240,\"UTF8MB4_ESPERANTO_CI\":241,\"UTF8MB4_HUNGARIAN_CI\":242,\"UTF8MB4_SINHALA_CI\":243,\"UTF8MB4_GERMAN2_CI\":244,\"UTF8MB4_CROATIAN_CI\":245,\"UTF8MB4_UNICODE_520_CI\":246,\"UTF8MB4_VIETNAMESE_CI\":247,\"GB18030_CHINESE_CI\":248,\"GB18030_BIN\":249,\"GB18030_UNICODE_520_CI\":250,\"UTF8_GENERAL50_CI\":253,\"UTF8MB4_0900_AI_CI\":255,\"UTF8MB4_CS_0900_AI_CI\":266,\"UTF8MB4_DA_0900_AI_CI\":267,\"UTF8MB4_DE_PB_0900_AI_CI\":256,\"UTF8MB4_EO_0900_AI_CI\":273,\"UTF8MB4_ES_0900_AI_CI\":263,\"UTF8MB4_ES_TRAD_0900_AI_CI\":270,\"UTF8MB4_ET_0900_AI_CI\":262,\"UTF8MB4_HR_0900_AI_CI\":275,\"UTF8MB4_HU_0900_AI_CI\":274,\"UTF8MB4_IS_0900_AI_CI\":257,\"UTF8MB4_LA_0900_AI_CI\":271,\"UTF8MB4_LT_0900_AI_CI\":268,\"UTF8MB4_LV_0900_AI_CI\":258,\"UTF8MB4_PL_0900_AI_CI\":261,\"UTF8MB4_RO_0900_AI_CI\":259,\"UTF8MB4_SK_0900_AI_CI\":269,\"UTF8MB4_SL_0900_AI_CI\":260,\"UTF8MB4_SV_0900_AI_CI\":264,\"UTF8MB4_TR_0900_AI_CI\":265,\"UTF8MB4_VI_0900_AI_CI\":277,\"BIG5\":1,\"DEC8\":3,\"CP850\":4,\"HP8\":6,\"KOI8R\":7,\"LATIN1\":8,\"LATIN2\":9,\"SWE7\":10,\"ASCII\":11,\"UJIS\":12,\"SJIS\":13,\"HEBREW\":16,\"TIS620\":18,\"EUCKR\":19,\"KOI8U\":22,\"GB2312\":24,\"GREEK\":25,\"CP1250\":26,\"GBK\":28,\"LATIN5\":30,\"ARMSCII8\":32,\"UTF8\":33,\"UCS2\":35,\"CP866\":36,\"KEYBCS2\":37,\"MACCE\":38,\"MACROMAN\":39,\"CP852\":40,\"LATIN7\":41,\"UTF8MB4\":45,\"CP1251\":51,\"UTF16\":54,\"UTF16LE\":56,\"CP1256\":57,\"CP1257\":59,\"UTF32\":60,\"CP932\":95,\"EUCJPMS\":97,\"GB18030\":248,\"GEOSTD8\":92},\"CharsetToEncoding\":[\"utf8\",\"big5\",\"latin2\",\"dec8\",\"cp850\",\"latin1\",\"hp8\",\"koi8r\",\"latin1\",\"latin2\",\"swe7\",\"ascii\",\"eucjp\",\"sjis\",\"cp1251\",\"latin1\",\"hebrew\",\"utf8\",\"tis620\",\"euckr\",\"latin7\",\"latin2\",\"koi8u\",\"cp1251\",\"gb2312\",\"greek\",\"cp1250\",\"latin2\",\"gbk\",\"cp1257\",\"latin5\",\"latin1\",\"armscii8\",\"cesu8\",\"cp1250\",\"ucs2\",\"cp866\",\"keybcs2\",\"macintosh\",\"macroman\",\"cp852\",\"latin7\",\"latin7\",\"macintosh\",\"cp1250\",\"utf8\",\"utf8\",\"latin1\",\"latin1\",\"latin1\",\"cp1251\",\"cp1251\",\"cp1251\",\"macroman\",\"utf16\",\"utf16\",\"utf16-le\",\"cp1256\",\"cp1257\",\"cp1257\",\"utf32\",\"utf32\",\"utf16-le\",\"binary\",\"armscii8\",\"ascii\",\"cp1250\",\"cp1256\",\"cp866\",\"dec8\",\"greek\",\"hebrew\",\"hp8\",\"keybcs2\",\"koi8r\",\"koi8u\",\"cesu8\",\"latin2\",\"latin5\",\"latin7\",\"cp850\",\"cp852\",\"swe7\",\"cesu8\",\"big5\",\"euckr\",\"gb2312\",\"gbk\",\"sjis\",\"tis620\",\"ucs2\",\"eucjp\",\"geostd8\",\"geostd8\",\"latin1\",\"cp932\",\"cp932\",\"eucjpms\",\"eucjpms\",\"cp1250\",\"utf8\",\"utf16\",\"utf16\",\"utf16\",\"utf16\",\"utf16\",\"utf16\",\"utf16\",\"utf16\",\"utf16\",\"utf16\",\"utf16\",\"utf16\",\"utf16\",\"utf16\",\"utf16\",\"utf16\",\"utf16\",\"utf16\",\"utf16\",\"utf16\",\"utf16\",\"utf16\",\"utf16\",\"utf16\",\"utf8\",\"utf8\",\"utf8\",\"ucs2\",\"ucs2\",\"ucs2\",\"ucs2\",\"ucs2\",\"ucs2\",\"ucs2\",\"ucs2\",\"ucs2\",\"ucs2\",\"ucs2\",\"ucs2\",\"ucs2\",\"ucs2\",\"ucs2\",\"ucs2\",\"ucs2\",\"ucs2\",\"ucs2\",\"ucs2\",\"ucs2\",\"ucs2\",\"ucs2\",\"ucs2\",\"utf8\",\"utf8\",\"utf8\",\"utf8\",\"utf8\",\"utf8\",\"utf8\",\"ucs2\",\"utf32\",\"utf32\",\"utf32\",\"utf32\",\"utf32\",\"utf32\",\"utf32\",\"utf32\",\"utf32\",\"utf32\",\"utf32\",\"utf32\",\"utf32\",\"utf32\",\"utf32\",\"utf32\",\"utf32\",\"utf32\",\"utf32\",\"utf32\",\"utf32\",\"utf32\",\"utf32\",\"utf32\",\"utf8\",\"utf8\",\"utf8\",\"utf8\",\"utf8\",\"utf8\",\"utf8\",\"utf8\",\"cesu8\",\"cesu8\",\"cesu8\",\"cesu8\",\"cesu8\",\"cesu8\",\"cesu8\",\"cesu8\",\"cesu8\",\"cesu8\",\"cesu8\",\"cesu8\",\"cesu8\",\"cesu8\",\"cesu8\",\"cesu8\",\"cesu8\",\"cesu8\",\"cesu8\",\"cesu8\",\"cesu8\",\"cesu8\",\"cesu8\",\"cesu8\",\"utf8\",\"utf8\",\"utf8\",\"utf8\",\"utf8\",\"utf8\",\"utf8\",\"cesu8\",\"utf8\",\"utf8\",\"utf8\",\"utf8\",\"utf8\",\"utf8\",\"utf8\",\"utf8\",\"utf8\",\"utf8\",\"utf8\",\"utf8\",\"utf8\",\"utf8\",\"utf8\",\"utf8\",\"utf8\",\"utf8\",\"utf8\",\"utf8\",\"utf8\",\"utf8\",\"utf8\",\"utf8\",\"gb18030\",\"gb18030\",\"gb18030\",\"utf8\",\"utf8\",\"utf8\",\"utf8\",\"utf8\",\"utf8\",\"utf8\",\"utf8\",\"utf8\",\"utf8\",\"utf8\",\"utf8\",\"utf8\",\"utf8\",\"utf8\",\"utf8\",\"utf8\",\"utf8\",\"utf8\",\"utf8\",\"utf8\",\"utf8\",\"utf8\",\"utf8\",\"utf8\",\"utf8\",\"utf8\",\"utf8\",\"utf8\",\"utf8\",\"utf8\",\"utf8\",\"utf8\",\"utf8\",\"utf8\",\"utf8\",\"utf8\",\"utf8\",\"utf8\",\"utf8\",\"utf8\",\"utf8\",\"utf8\",\"utf8\",\"utf8\",\"utf8\",\"utf8\",\"utf8\",\"utf8\",\"utf8\",\"utf8\",\"utf8\",\"utf8\",\"utf8\",\"utf8\"]}},\"QueryGenerator\":{\"dialect\":\"mysql\",\"OperatorMap\":{},\"_templateSettings\":{\"escape\":{},\"evaluate\":{},\"interpolate\":{},\"variable\":\"\",\"imports\":{}},\"options\":\"~transcation~sequelize~options\",\"OperatorsAliasMap\":false,\"_dialect\":\"~transcation~sequelize~dialect\",\"sequelize\":\"~transcation~sequelize\"}},\"queryInterface\":{\"sequelize\":\"~transcation~sequelize\",\"QueryGenerator\":\"~transcation~sequelize~dialect~QueryGenerator\"},\"models\":{},\"modelManager\":{\"models\":[null,null,null,null,null,null,null,null,null,null,null,null,null,null,null,null,null,null,null,null,null,null,null,null,null,null,null,null,null,null,null,null,null,null,null,null,null],\"sequelize\":\"~transcation~sequelize\"},\"connectionManager\":\"~transcation~sequelize~dialect~connectionManager\",\"importCache\":{},\"test\":{\"_trackRunningQueries\":false,\"_runningQueries\":0}},\"savepoints\":[],\"_afterCommitHooks\":[],\"options\":{\"autocommit\":null,\"type\":\"DEFERRED\",\"isolationLevel\":null,\"readOnly\":false},\"id\":\"0b5389e1-b40b-4150-b59a-2fd8953acb0b\",\"connection\":{\"_events\":{},\"_eventsCount\":1,\"config\":{\"host\":\"127.0.0.1\",\"port\":3306,\"user\":\"root\",\"database\":\"testdb5\",\"connectTimeout\":10000,\"insecureAuth\":false,\"supportBigNumbers\":true,\"bigNumberStrings\":false,\"decimalNumbers\":false,\"dateStrings\":false,\"trace\":true,\"stringifyObjects\":false,\"timezone\":\"+00:00\",\"ssl\":false,\"multipleStatements\":false,\"rowsAsArray\":false,\"namedPlaceholders\":false,\"maxPacketSize\":0,\"charsetNumber\":224,\"compress\":false,\"clientFlags\":8582093,\"maxPreparedStatements\":16000},\"stream\":{\"connecting\":false,\"_hadError\":false,\"_handle\":{\"reading\":true,\"onconnection\":null},\"_parent\":null,\"_host\":null,\"_readableState\":{\"objectMode\":false,\"highWaterMark\":16384,\"buffer\":{\"head\":null,\"tail\":null,\"length\":0},\"length\":0,\"pipes\":null,\"pipesCount\":0,\"flowing\":true,\"ended\":false,\"endEmitted\":false,\"reading\":true,\"sync\":false,\"needReadable\":true,\"emittedReadable\":false,\"readableListening\":false,\"resumeScheduled\":false,\"emitClose\":false,\"destroyed\":false,\"defaultEncoding\":\"utf8\",\"awaitDrain\":0,\"readingMore\":false,\"decoder\":null,\"encoding\":null},\"readable\":true,\"_events\":{},\"_eventsCount\":4,\"_writableState\":{\"objectMode\":false,\"highWaterMark\":16384,\"finalCalled\":false,\"needDrain\":false,\"ending\":false,\"ended\":false,\"finished\":false,\"destroyed\":false,\"decodeStrings\":false,\"defaultEncoding\":\"utf8\",\"length\":0,\"writing\":false,\"corked\":0,\"sync\":false,\"bufferProcessing\":false,\"writecb\":null,\"writelen\":0,\"bufferedRequest\":null,\"lastBufferedRequest\":null,\"pendingcb\":0,\"prefinished\":false,\"errorEmitted\":false,\"emitClose\":false,\"bufferedRequestCount\":0,\"corkedRequestsFree\":{\"next\":null,\"entry\":null}},\"writable\":true,\"allowHalfOpen\":false,\"_sockname\":null,\"_pendingData\":null,\"_pendingEncoding\":\"\",\"server\":null,\"_server\":null},\"_internalId\":152,\"_commands\":{\"_head\":0,\"_tail\":0,\"_capacityMask\":3,\"_list\":[null,null,null,null]},\"_paused\":false,\"_paused_packets\":{\"_head\":0,\"_tail\":0,\"_capacityMask\":3,\"_list\":[null,null,null,null]},\"_statements\":{},\"serverCapabilityFlags\":2688546815,\"authorized\":true,\"sequenceId\":2,\"compressedSequenceId\":0,\"threadId\":281,\"_handshakePacket\":{\"protocolVersion\":10,\"serverVersion\":\"5.5.5-10.1.37-MariaDB\",\"capabilityFlags\":2688546815,\"connectionId\":281,\"authPluginData1\":{\"type\":\"Buffer\",\"data\":[98,60,65,113,57,99,107,109]},\"authPluginData2\":{\"type\":\"Buffer\",\"data\":[96,122,101,107,104,74,120,65,119,85,37,83]},\"characterSet\":8,\"statusFlags\":2},\"_fatalError\":null,\"_protocolError\":null,\"_outOfOrderPackets\":[],\"clientEncoding\":\"utf8\",\"packetParser\":{\"buffer\":[],\"bufferLength\":0,\"packetHeaderLength\":4,\"headerLen\":0,\"length\":7,\"largePacketParts\":[],\"firstPacketSequenceId\":0},\"serverEncoding\":\"latin1\",\"connectTimeout\":null,\"connectionId\":281,\"uuid\":\"0b5389e1-b40b-4150-b59a-2fd8953acb0b\"}},\"fields\":[\"id\",\"reportPerameterId\",\"interviewExpertId\",\"review\",\"rating\",\"createdAt\",\"updatedAt\"],\"auth\":3}', '[1,2,3]', 3, '2019-02-15 12:02:20', '2019-02-15 12:02:20'),
(82, 'interview_experts', 'update', '{\"where\":{\"id\":\"1\"},\"validate\":true,\"hooks\":true,\"individualHooks\":false,\"returning\":false,\"force\":false,\"sideEffects\":true,\"type\":\"BULKUPDATE\",\"fields\":[\"status\",\"feedback\",\"updatedAt\"],\"attributes\":{\"status\":\"completed\",\"feedback\":\"dfgdfg\",\"updatedAt\":\"2019-02-15T12:02:20.515Z\"},\"auth\":3}', '{\"id\":\"1\"}', 3, '2019-02-15 12:02:20', '2019-02-15 12:02:20'),
(83, 'interview_users', 'update', '{\"where\":{\"id\":3},\"validate\":true,\"hooks\":true,\"individualHooks\":false,\"returning\":false,\"force\":false,\"sideEffects\":true,\"type\":\"BULKUPDATE\",\"fields\":[\"status\",\"updatedAt\"],\"attributes\":{\"status\":\"Reviewed\",\"updatedAt\":\"2019-02-15T12:02:20.614Z\"},\"auth\":3}', '{\"id\":3}', 3, '2019-02-15 12:02:20', '2019-02-15 12:02:20'),
(84, 'interview_expert_overall_feedback', 'insert', '{\"validate\":false,\"hooks\":true,\"individualHooks\":false,\"ignoreDuplicates\":false,\"transcation\":{\"sequelize\":{\"options\":{\"dialect\":\"mysql\",\"dialectModulePath\":null,\"host\":\"127.0.0.1\",\"protocol\":\"tcp\",\"define\":{},\"query\":{},\"sync\":{},\"timezone\":\"+00:00\",\"omitNull\":false,\"native\":false,\"replication\":false,\"pool\":{},\"quoteIdentifiers\":true,\"hooks\":{\"afterCreate\":[null],\"afterUpdate\":[null],\"afterBulkUpdate\":[null],\"afterBulkCreate\":[null]},\"retry\":{\"max\":5,\"match\":[\"SQLITE_BUSY: database is locked\"]},\"transactionType\":\"DEFERRED\",\"isolationLevel\":null,\"databaseVersion\":\"10.1.37-MariaDB\",\"typeValidation\":false,\"benchmark\":false,\"operatorsAliases\":false,\"username\":\"root\",\"password\":null,\"database\":\"testdb5\"},\"config\":{\"database\":\"testdb5\",\"username\":\"root\",\"password\":null,\"host\":\"127.0.0.1\",\"port\":3306,\"pool\":\"~transcation~sequelize~options~pool\",\"protocol\":\"tcp\",\"native\":false,\"replication\":false,\"dialectModulePath\":null},\"dialect\":{\"sequelize\":\"~transcation~sequelize\",\"connectionManager\":{\"sequelize\":\"~transcation~sequelize\",\"config\":{\"database\":\"testdb5\",\"username\":\"root\",\"password\":null,\"host\":\"127.0.0.1\",\"pool\":{\"max\":5,\"min\":0,\"idle\":10000,\"acquire\":10000,\"evict\":10000,\"handleDisconnects\":true},\"protocol\":\"tcp\",\"native\":false,\"replication\":false,\"dialectModulePath\":null},\"dialect\":\"~transcation~sequelize~dialect\",\"versionPromise\":null,\"dialectName\":\"mysql\",\"pool\":{\"_events\":{},\"_eventsCount\":0,\"_config\":{\"fifo\":true,\"priorityRange\":1,\"testOnBorrow\":true,\"testOnReturn\":false,\"autostart\":false,\"acquireTimeoutMillis\":10000,\"max\":5,\"min\":0,\"evictionRunIntervalMillis\":10000,\"numTestsPerEvictionRun\":3,\"softIdleTimeoutMillis\":-1,\"idleTimeoutMillis\":10000},\"_factory\":{},\"_draining\":false,\"_started\":true,\"_waitingClientsQueue\":{\"_size\":1,\"_slots\":[{\"_list\":{\"head\":null,\"tail\":null,\"length\":0}}]},\"_factoryCreateOperations\":{},\"_factoryDestroyOperations\":{},\"_availableObjects\":{\"_list\":{\"head\":{\"prev\":null,\"next\":null,\"data\":{\"creationTime\":1550232472840,\"lastReturnTime\":1550232483286,\"lastBorrowTime\":1550232483221,\"lastIdleTime\":1550232483286,\"obj\":{\"_events\":{},\"_eventsCount\":1,\"config\":{\"host\":\"127.0.0.1\",\"port\":3306,\"user\":\"root\",\"database\":\"testdb5\",\"connectTimeout\":10000,\"insecureAuth\":false,\"supportBigNumbers\":true,\"bigNumberStrings\":false,\"decimalNumbers\":false,\"dateStrings\":false,\"trace\":true,\"stringifyObjects\":false,\"timezone\":\"+00:00\",\"ssl\":false,\"multipleStatements\":false,\"rowsAsArray\":false,\"namedPlaceholders\":false,\"maxPacketSize\":0,\"charsetNumber\":224,\"compress\":false,\"clientFlags\":8582093,\"maxPreparedStatements\":16000},\"stream\":{\"connecting\":false,\"_hadError\":false,\"_handle\":{\"reading\":true,\"onconnection\":null},\"_parent\":null,\"_host\":null,\"_readableState\":{\"objectMode\":false,\"highWaterMark\":16384,\"buffer\":{\"head\":null,\"tail\":null,\"length\":0},\"length\":0,\"pipes\":null,\"pipesCount\":0,\"flowing\":true,\"ended\":false,\"endEmitted\":false,\"reading\":true,\"sync\":false,\"needReadable\":true,\"emittedReadable\":false,\"readableListening\":false,\"resumeScheduled\":false,\"emitClose\":false,\"destroyed\":false,\"defaultEncoding\":\"utf8\",\"awaitDrain\":0,\"readingMore\":false,\"decoder\":null,\"encoding\":null},\"readable\":true,\"_events\":{},\"_eventsCount\":4,\"_writableState\":{\"objectMode\":false,\"highWaterMark\":16384,\"finalCalled\":false,\"needDrain\":false,\"ending\":false,\"ended\":false,\"finished\":false,\"destroyed\":false,\"decodeStrings\":false,\"defaultEncoding\":\"utf8\",\"length\":0,\"writing\":false,\"corked\":0,\"sync\":false,\"bufferProcessing\":false,\"writecb\":null,\"writelen\":0,\"bufferedRequest\":null,\"lastBufferedRequest\":null,\"pendingcb\":0,\"prefinished\":false,\"errorEmitted\":false,\"emitClose\":false,\"bufferedRequestCount\":0,\"corkedRequestsFree\":{\"next\":null,\"entry\":null}},\"writable\":true,\"allowHalfOpen\":false,\"_sockname\":null,\"_pendingData\":null,\"_pendingEncoding\":\"\",\"server\":null,\"_server\":null},\"_internalId\":156,\"_commands\":{\"_head\":0,\"_tail\":0,\"_capacityMask\":3,\"_list\":[null,null,null,null]},\"_paused\":false,\"_paused_packets\":{\"_head\":0,\"_tail\":0,\"_capacityMask\":3,\"_list\":[null,null,null,null]},\"_statements\":{},\"serverCapabilityFlags\":2688546815,\"authorized\":true,\"sequenceId\":2,\"compressedSequenceId\":0,\"threadId\":301,\"_handshakePacket\":{\"protocolVersion\":10,\"serverVersion\":\"5.5.5-10.1.37-MariaDB\",\"capabilityFlags\":2688546815,\"connectionId\":301,\"authPluginData1\":{\"type\":\"Buffer\",\"data\":[47,74,104,78,46,59,123,124]},\"authPluginData2\":{\"type\":\"Buffer\",\"data\":[124,120,101,115,50,62,126,38,60,58,77,85]},\"characterSet\":8,\"statusFlags\":2},\"_fatalError\":null,\"_protocolError\":null,\"_outOfOrderPackets\":[],\"clientEncoding\":\"utf8\",\"packetParser\":{\"buffer\":[],\"bufferLength\":0,\"packetHeaderLength\":4,\"headerLen\":0,\"length\":46,\"largePacketParts\":[],\"firstPacketSequenceId\":0},\"serverEncoding\":\"latin1\",\"connectTimeout\":null,\"connectionId\":301},\"state\":\"IDLE\"}},\"tail\":\"~transcation~sequelize~dialect~connectionManager~pool~_availableObjects~_list~head\",\"length\":1}},\"_testOnBorrowResources\":{},\"_testOnReturnResources\":{},\"_validationOperations\":{},\"_allObjects\":{},\"_resourceLoans\":{},\"_evictionIterator\":{\"_list\":\"~transcation~sequelize~dialect~connectionManager~pool~_availableObjects~_list\",\"_direction\":\"next\",\"_startPosition\":\"head\",\"_started\":true,\"_cursor\":{\"prev\":null,\"next\":null,\"data\":\"~transcation~sequelize~dialect~connectionManager~pool~_availableObjects~_list~head~data\"},\"_done\":false},\"_evictor\":{},\"_scheduledEviction\":{\"_called\":false,\"_idleTimeout\":10000,\"_idlePrev\":{\"_idleNext\":\"~transcation~sequelize~dialect~connectionManager~pool~_scheduledEviction\",\"_idlePrev\":\"~transcation~sequelize~dialect~connectionManager~pool~_scheduledEviction\",\"_unrefed\":false,\"msecs\":10000,\"_timer\":{\"_list\":\"~transcation~sequelize~dialect~connectionManager~pool~_scheduledEviction~_idlePrev\"}},\"_idleNext\":\"~transcation~sequelize~dialect~connectionManager~pool~_scheduledEviction~_idlePrev\",\"_idleStart\":17238004,\"_repeat\":null,\"_destroyed\":false}},\"lib\":{\"Types\":{\"DECIMAL\":0,\"TINY\":1,\"SHORT\":2,\"LONG\":3,\"FLOAT\":4,\"DOUBLE\":5,\"NULL\":6,\"TIMESTAMP\":7,\"LONGLONG\":8,\"INT24\":9,\"DATE\":10,\"TIME\":11,\"DATETIME\":12,\"YEAR\":13,\"NEWDATE\":14,\"VARCHAR\":15,\"BIT\":16,\"JSON\":245,\"NEWDECIMAL\":246,\"ENUM\":247,\"SET\":248,\"TINY_BLOB\":249,\"MEDIUM_BLOB\":250,\"LONG_BLOB\":251,\"BLOB\":252,\"VAR_STRING\":253,\"STRING\":254,\"GEOMETRY\":255},\"Charsets\":{\"BIG5_CHINESE_CI\":1,\"LATIN2_CZECH_CS\":2,\"DEC8_SWEDISH_CI\":3,\"CP850_GENERAL_CI\":4,\"LATIN1_GERMAN1_CI\":5,\"HP8_ENGLISH_CI\":6,\"KOI8R_GENERAL_CI\":7,\"LATIN1_SWEDISH_CI\":8,\"LATIN2_GENERAL_CI\":9,\"SWE7_SWEDISH_CI\":10,\"ASCII_GENERAL_CI\":11,\"UJIS_JAPANESE_CI\":12,\"SJIS_JAPANESE_CI\":13,\"CP1251_BULGARIAN_CI\":14,\"LATIN1_DANISH_CI\":15,\"HEBREW_GENERAL_CI\":16,\"TIS620_THAI_CI\":18,\"EUCKR_KOREAN_CI\":19,\"LATIN7_ESTONIAN_CS\":20,\"LATIN2_HUNGARIAN_CI\":21,\"KOI8U_GENERAL_CI\":22,\"CP1251_UKRAINIAN_CI\":23,\"GB2312_CHINESE_CI\":24,\"GREEK_GENERAL_CI\":25,\"CP1250_GENERAL_CI\":26,\"LATIN2_CROATIAN_CI\":27,\"GBK_CHINESE_CI\":28,\"CP1257_LITHUANIAN_CI\":29,\"LATIN5_TURKISH_CI\":30,\"LATIN1_GERMAN2_CI\":31,\"ARMSCII8_GENERAL_CI\":32,\"UTF8_GENERAL_CI\":33,\"CP1250_CZECH_CS\":34,\"UCS2_GENERAL_CI\":35,\"CP866_GENERAL_CI\":36,\"KEYBCS2_GENERAL_CI\":37,\"MACCE_GENERAL_CI\":38,\"MACROMAN_GENERAL_CI\":39,\"CP852_GENERAL_CI\":40,\"LATIN7_GENERAL_CI\":41,\"LATIN7_GENERAL_CS\":42,\"MACCE_BIN\":43,\"CP1250_CROATIAN_CI\":44,\"UTF8MB4_GENERAL_CI\":45,\"UTF8MB4_BIN\":46,\"LATIN1_BIN\":47,\"LATIN1_GENERAL_CI\":48,\"LATIN1_GENERAL_CS\":49,\"CP1251_BIN\":50,\"CP1251_GENERAL_CI\":51,\"CP1251_GENERAL_CS\":52,\"MACROMAN_BIN\":53,\"UTF16_GENERAL_CI\":54,\"UTF16_BIN\":55,\"UTF16LE_GENERAL_CI\":56,\"CP1256_GENERAL_CI\":57,\"CP1257_BIN\":58,\"CP1257_GENERAL_CI\":59,\"UTF32_GENERAL_CI\":60,\"UTF32_BIN\":61,\"UTF16LE_BIN\":62,\"BINARY\":63,\"ARMSCII8_BIN\":64,\"ASCII_BIN\":65,\"CP1250_BIN\":66,\"CP1256_BIN\":67,\"CP866_BIN\":68,\"DEC8_BIN\":69,\"GREEK_BIN\":70,\"HEBREW_BIN\":71,\"HP8_BIN\":72,\"KEYBCS2_BIN\":73,\"KOI8R_BIN\":74,\"KOI8U_BIN\":75,\"UTF8_TOLOWER_CI\":76,\"LATIN2_BIN\":77,\"LATIN5_BIN\":78,\"LATIN7_BIN\":79,\"CP850_BIN\":80,\"CP852_BIN\":81,\"SWE7_BIN\":82,\"UTF8_BIN\":83,\"BIG5_BIN\":84,\"EUCKR_BIN\":85,\"GB2312_BIN\":86,\"GBK_BIN\":87,\"SJIS_BIN\":88,\"TIS620_BIN\":89,\"UCS2_BIN\":90,\"UJIS_BIN\":91,\"GEOSTD8_GENERAL_CI\":92,\"GEOSTD8_BIN\":93,\"LATIN1_SPANISH_CI\":94,\"CP932_JAPANESE_CI\":95,\"CP932_BIN\":96,\"EUCJPMS_JAPANESE_CI\":97,\"EUCJPMS_BIN\":98,\"CP1250_POLISH_CI\":99,\"UTF16_UNICODE_CI\":101,\"UTF16_ICELANDIC_CI\":102,\"UTF16_LATVIAN_CI\":103,\"UTF16_ROMANIAN_CI\":104,\"UTF16_SLOVENIAN_CI\":105,\"UTF16_POLISH_CI\":106,\"UTF16_ESTONIAN_CI\":107,\"UTF16_SPANISH_CI\":108,\"UTF16_SWEDISH_CI\":109,\"UTF16_TURKISH_CI\":110,\"UTF16_CZECH_CI\":111,\"UTF16_DANISH_CI\":112,\"UTF16_LITHUANIAN_CI\":113,\"UTF16_SLOVAK_CI\":114,\"UTF16_SPANISH2_CI\":115,\"UTF16_ROMAN_CI\":116,\"UTF16_PERSIAN_CI\":117,\"UTF16_ESPERANTO_CI\":118,\"UTF16_HUNGARIAN_CI\":119,\"UTF16_SINHALA_CI\":120,\"UTF16_GERMAN2_CI\":121,\"UTF16_CROATIAN_CI\":122,\"UTF16_UNICODE_520_CI\":123,\"UTF16_VIETNAMESE_CI\":124,\"UCS2_UNICODE_CI\":128,\"UCS2_ICELANDIC_CI\":129,\"UCS2_LATVIAN_CI\":130,\"UCS2_ROMANIAN_CI\":131,\"UCS2_SLOVENIAN_CI\":132,\"UCS2_POLISH_CI\":133,\"UCS2_ESTONIAN_CI\":134,\"UCS2_SPANISH_CI\":135,\"UCS2_SWEDISH_CI\":136,\"UCS2_TURKISH_CI\":137,\"UCS2_CZECH_CI\":138,\"UCS2_DANISH_CI\":139,\"UCS2_LITHUANIAN_CI\":140,\"UCS2_SLOVAK_CI\":141,\"UCS2_SPANISH2_CI\":142,\"UCS2_ROMAN_CI\":143,\"UCS2_PERSIAN_CI\":144,\"UCS2_ESPERANTO_CI\":145,\"UCS2_HUNGARIAN_CI\":146,\"UCS2_SINHALA_CI\":147,\"UCS2_GERMAN2_CI\":148,\"UCS2_CROATIAN_CI\":149,\"UCS2_UNICODE_520_CI\":150,\"UCS2_VIETNAMESE_CI\":151,\"UCS2_GENERAL_MYSQL500_CI\":159,\"UTF32_UNICODE_CI\":160,\"UTF32_ICELANDIC_CI\":161,\"UTF32_LATVIAN_CI\":162,\"UTF32_ROMANIAN_CI\":163,\"UTF32_SLOVENIAN_CI\":164,\"UTF32_POLISH_CI\":165,\"UTF32_ESTONIAN_CI\":166,\"UTF32_SPANISH_CI\":167,\"UTF32_SWEDISH_CI\":168,\"UTF32_TURKISH_CI\":169,\"UTF32_CZECH_CI\":170,\"UTF32_DANISH_CI\":171,\"UTF32_LITHUANIAN_CI\":172,\"UTF32_SLOVAK_CI\":173,\"UTF32_SPANISH2_CI\":174,\"UTF32_ROMAN_CI\":175,\"UTF32_PERSIAN_CI\":176,\"UTF32_ESPERANTO_CI\":177,\"UTF32_HUNGARIAN_CI\":178,\"UTF32_SINHALA_CI\":179,\"UTF32_GERMAN2_CI\":180,\"UTF32_CROATIAN_CI\":181,\"UTF32_UNICODE_520_CI\":182,\"UTF32_VIETNAMESE_CI\":183,\"UTF8_UNICODE_CI\":192,\"UTF8_ICELANDIC_CI\":193,\"UTF8_LATVIAN_CI\":194,\"UTF8_ROMANIAN_CI\":195,\"UTF8_SLOVENIAN_CI\":196,\"UTF8_POLISH_CI\":197,\"UTF8_ESTONIAN_CI\":198,\"UTF8_SPANISH_CI\":199,\"UTF8_SWEDISH_CI\":200,\"UTF8_TURKISH_CI\":201,\"UTF8_CZECH_CI\":202,\"UTF8_DANISH_CI\":203,\"UTF8_LITHUANIAN_CI\":204,\"UTF8_SLOVAK_CI\":205,\"UTF8_SPANISH2_CI\":206,\"UTF8_ROMAN_CI\":207,\"UTF8_PERSIAN_CI\":208,\"UTF8_ESPERANTO_CI\":209,\"UTF8_HUNGARIAN_CI\":210,\"UTF8_SINHALA_CI\":211,\"UTF8_GERMAN2_CI\":212,\"UTF8_CROATIAN_CI\":213,\"UTF8_UNICODE_520_CI\":214,\"UTF8_VIETNAMESE_CI\":215,\"UTF8_GENERAL_MYSQL500_CI\":223,\"UTF8MB4_UNICODE_CI\":224,\"UTF8MB4_ICELANDIC_CI\":225,\"UTF8MB4_LATVIAN_CI\":226,\"UTF8MB4_ROMANIAN_CI\":227,\"UTF8MB4_SLOVENIAN_CI\":228,\"UTF8MB4_POLISH_CI\":229,\"UTF8MB4_ESTONIAN_CI\":230,\"UTF8MB4_SPANISH_CI\":231,\"UTF8MB4_SWEDISH_CI\":232,\"UTF8MB4_TURKISH_CI\":233,\"UTF8MB4_CZECH_CI\":234,\"UTF8MB4_DANISH_CI\":235,\"UTF8MB4_LITHUANIAN_CI\":236,\"UTF8MB4_SLOVAK_CI\":237,\"UTF8MB4_SPANISH2_CI\":238,\"UTF8MB4_ROMAN_CI\":239,\"UTF8MB4_PERSIAN_CI\":240,\"UTF8MB4_ESPERANTO_CI\":241,\"UTF8MB4_HUNGARIAN_CI\":242,\"UTF8MB4_SINHALA_CI\":243,\"UTF8MB4_GERMAN2_CI\":244,\"UTF8MB4_CROATIAN_CI\":245,\"UTF8MB4_UNICODE_520_CI\":246,\"UTF8MB4_VIETNAMESE_CI\":247,\"GB18030_CHINESE_CI\":248,\"GB18030_BIN\":249,\"GB18030_UNICODE_520_CI\":250,\"UTF8_GENERAL50_CI\":253,\"UTF8MB4_0900_AI_CI\":255,\"UTF8MB4_CS_0900_AI_CI\":266,\"UTF8MB4_DA_0900_AI_CI\":267,\"UTF8MB4_DE_PB_0900_AI_CI\":256,\"UTF8MB4_EO_0900_AI_CI\":273,\"UTF8MB4_ES_0900_AI_CI\":263,\"UTF8MB4_ES_TRAD_0900_AI_CI\":270,\"UTF8MB4_ET_0900_AI_CI\":262,\"UTF8MB4_HR_0900_AI_CI\":275,\"UTF8MB4_HU_0900_AI_CI\":274,\"UTF8MB4_IS_0900_AI_CI\":257,\"UTF8MB4_LA_0900_AI_CI\":271,\"UTF8MB4_LT_0900_AI_CI\":268,\"UTF8MB4_LV_0900_AI_CI\":258,\"UTF8MB4_PL_0900_AI_CI\":261,\"UTF8MB4_RO_0900_AI_CI\":259,\"UTF8MB4_SK_0900_AI_CI\":269,\"UTF8MB4_SL_0900_AI_CI\":260,\"UTF8MB4_SV_0900_AI_CI\":264,\"UTF8MB4_TR_0900_AI_CI\":265,\"UTF8MB4_VI_0900_AI_CI\":277,\"BIG5\":1,\"DEC8\":3,\"CP850\":4,\"HP8\":6,\"KOI8R\":7,\"LATIN1\":8,\"LATIN2\":9,\"SWE7\":10,\"ASCII\":11,\"UJIS\":12,\"SJIS\":13,\"HEBREW\":16,\"TIS620\":18,\"EUCKR\":19,\"KOI8U\":22,\"GB2312\":24,\"GREEK\":25,\"CP1250\":26,\"GBK\":28,\"LATIN5\":30,\"ARMSCII8\":32,\"UTF8\":33,\"UCS2\":35,\"CP866\":36,\"KEYBCS2\":37,\"MACCE\":38,\"MACROMAN\":39,\"CP852\":40,\"LATIN7\":41,\"UTF8MB4\":45,\"CP1251\":51,\"UTF16\":54,\"UTF16LE\":56,\"CP1256\":57,\"CP1257\":59,\"UTF32\":60,\"CP932\":95,\"EUCJPMS\":97,\"GB18030\":248,\"GEOSTD8\":92},\"CharsetToEncoding\":[\"utf8\",\"big5\",\"latin2\",\"dec8\",\"cp850\",\"latin1\",\"hp8\",\"koi8r\",\"latin1\",\"latin2\",\"swe7\",\"ascii\",\"eucjp\",\"sjis\",\"cp1251\",\"latin1\",\"hebrew\",\"utf8\",\"tis620\",\"euckr\",\"latin7\",\"latin2\",\"koi8u\",\"cp1251\",\"gb2312\",\"greek\",\"cp1250\",\"latin2\",\"gbk\",\"cp1257\",\"latin5\",\"latin1\",\"armscii8\",\"cesu8\",\"cp1250\",\"ucs2\",\"cp866\",\"keybcs2\",\"macintosh\",\"macroman\",\"cp852\",\"latin7\",\"latin7\",\"macintosh\",\"cp1250\",\"utf8\",\"utf8\",\"latin1\",\"latin1\",\"latin1\",\"cp1251\",\"cp1251\",\"cp1251\",\"macroman\",\"utf16\",\"utf16\",\"utf16-le\",\"cp1256\",\"cp1257\",\"cp1257\",\"utf32\",\"utf32\",\"utf16-le\",\"binary\",\"armscii8\",\"ascii\",\"cp1250\",\"cp1256\",\"cp866\",\"dec8\",\"greek\",\"hebrew\",\"hp8\",\"keybcs2\",\"koi8r\",\"koi8u\",\"cesu8\",\"latin2\",\"latin5\",\"latin7\",\"cp850\",\"cp852\",\"swe7\",\"cesu8\",\"big5\",\"euckr\",\"gb2312\",\"gbk\",\"sjis\",\"tis620\",\"ucs2\",\"eucjp\",\"geostd8\",\"geostd8\",\"latin1\",\"cp932\",\"cp932\",\"eucjpms\",\"eucjpms\",\"cp1250\",\"utf8\",\"utf16\",\"utf16\",\"utf16\",\"utf16\",\"utf16\",\"utf16\",\"utf16\",\"utf16\",\"utf16\",\"utf16\",\"utf16\",\"utf16\",\"utf16\",\"utf16\",\"utf16\",\"utf16\",\"utf16\",\"utf16\",\"utf16\",\"utf16\",\"utf16\",\"utf16\",\"utf16\",\"utf16\",\"utf8\",\"utf8\",\"utf8\",\"ucs2\",\"ucs2\",\"ucs2\",\"ucs2\",\"ucs2\",\"ucs2\",\"ucs2\",\"ucs2\",\"ucs2\",\"ucs2\",\"ucs2\",\"ucs2\",\"ucs2\",\"ucs2\",\"ucs2\",\"ucs2\",\"ucs2\",\"ucs2\",\"ucs2\",\"ucs2\",\"ucs2\",\"ucs2\",\"ucs2\",\"ucs2\",\"utf8\",\"utf8\",\"utf8\",\"utf8\",\"utf8\",\"utf8\",\"utf8\",\"ucs2\",\"utf32\",\"utf32\",\"utf32\",\"utf32\",\"utf32\",\"utf32\",\"utf32\",\"utf32\",\"utf32\",\"utf32\",\"utf32\",\"utf32\",\"utf32\",\"utf32\",\"utf32\",\"utf32\",\"utf32\",\"utf32\",\"utf32\",\"utf32\",\"utf32\",\"utf32\",\"utf32\",\"utf32\",\"utf8\",\"utf8\",\"utf8\",\"utf8\",\"utf8\",\"utf8\",\"utf8\",\"utf8\",\"cesu8\",\"cesu8\",\"cesu8\",\"cesu8\",\"cesu8\",\"cesu8\",\"cesu8\",\"cesu8\",\"cesu8\",\"cesu8\",\"cesu8\",\"cesu8\",\"cesu8\",\"cesu8\",\"cesu8\",\"cesu8\",\"cesu8\",\"cesu8\",\"cesu8\",\"cesu8\",\"cesu8\",\"cesu8\",\"cesu8\",\"cesu8\",\"utf8\",\"utf8\",\"utf8\",\"utf8\",\"utf8\",\"utf8\",\"utf8\",\"cesu8\",\"utf8\",\"utf8\",\"utf8\",\"utf8\",\"utf8\",\"utf8\",\"utf8\",\"utf8\",\"utf8\",\"utf8\",\"utf8\",\"utf8\",\"utf8\",\"utf8\",\"utf8\",\"utf8\",\"utf8\",\"utf8\",\"utf8\",\"utf8\",\"utf8\",\"utf8\",\"utf8\",\"utf8\",\"gb18030\",\"gb18030\",\"gb18030\",\"utf8\",\"utf8\",\"utf8\",\"utf8\",\"utf8\",\"utf8\",\"utf8\",\"utf8\",\"utf8\",\"utf8\",\"utf8\",\"utf8\",\"utf8\",\"utf8\",\"utf8\",\"utf8\",\"utf8\",\"utf8\",\"utf8\",\"utf8\",\"utf8\",\"utf8\",\"utf8\",\"utf8\",\"utf8\",\"utf8\",\"utf8\",\"utf8\",\"utf8\",\"utf8\",\"utf8\",\"utf8\",\"utf8\",\"utf8\",\"utf8\",\"utf8\",\"utf8\",\"utf8\",\"utf8\",\"utf8\",\"utf8\",\"utf8\",\"utf8\",\"utf8\",\"utf8\",\"utf8\",\"utf8\",\"utf8\",\"utf8\",\"utf8\",\"utf8\",\"utf8\",\"utf8\",\"utf8\",\"utf8\"]}},\"QueryGenerator\":{\"dialect\":\"mysql\",\"OperatorMap\":{},\"_templateSettings\":{\"escape\":{},\"evaluate\":{},\"interpolate\":{},\"variable\":\"\",\"imports\":{}},\"options\":\"~transcation~sequelize~options\",\"OperatorsAliasMap\":false,\"_dialect\":\"~transcation~sequelize~dialect\",\"sequelize\":\"~transcation~sequelize\"}},\"queryInterface\":{\"sequelize\":\"~transcation~sequelize\",\"QueryGenerator\":\"~transcation~sequelize~dialect~QueryGenerator\"},\"models\":{},\"modelManager\":{\"models\":[null,null,null,null,null,null,null,null,null,null,null,null,null,null,null,null,null,null,null,null,null,null,null,null,null,null,null,null,null,null,null,null,null,null,null,null,null],\"sequelize\":\"~transcation~sequelize\"},\"connectionManager\":\"~transcation~sequelize~dialect~connectionManager\",\"importCache\":{},\"test\":{\"_trackRunningQueries\":false,\"_runningQueries\":0}},\"savepoints\":[],\"_afterCommitHooks\":[],\"options\":{\"autocommit\":null,\"type\":\"DEFERRED\",\"isolationLevel\":null,\"readOnly\":false},\"id\":\"207c31db-31ce-43a4-8d70-288a501fb220\",\"connection\":{\"_events\":{},\"_eventsCount\":1,\"config\":{\"host\":\"127.0.0.1\",\"port\":3306,\"user\":\"root\",\"database\":\"testdb5\",\"connectTimeout\":10000,\"insecureAuth\":false,\"supportBigNumbers\":true,\"bigNumberStrings\":false,\"decimalNumbers\":false,\"dateStrings\":false,\"trace\":true,\"stringifyObjects\":false,\"timezone\":\"+00:00\",\"ssl\":false,\"multipleStatements\":false,\"rowsAsArray\":false,\"namedPlaceholders\":false,\"maxPacketSize\":0,\"charsetNumber\":224,\"compress\":false,\"clientFlags\":8582093,\"maxPreparedStatements\":16000},\"stream\":{\"connecting\":false,\"_hadError\":false,\"_handle\":{\"reading\":true,\"onconnection\":null},\"_parent\":null,\"_host\":null,\"_readableState\":{\"objectMode\":false,\"highWaterMark\":16384,\"buffer\":{\"head\":null,\"tail\":null,\"length\":0},\"length\":0,\"pipes\":null,\"pipesCount\":0,\"flowing\":true,\"ended\":false,\"endEmitted\":false,\"reading\":true,\"sync\":false,\"needReadable\":true,\"emittedReadable\":false,\"readableListening\":false,\"resumeScheduled\":false,\"emitClose\":false,\"destroyed\":false,\"defaultEncoding\":\"utf8\",\"awaitDrain\":0,\"readingMore\":false,\"decoder\":null,\"encoding\":null},\"readable\":true,\"_events\":{},\"_eventsCount\":4,\"_writableState\":{\"objectMode\":false,\"highWaterMark\":16384,\"finalCalled\":false,\"needDrain\":false,\"ending\":false,\"ended\":false,\"finished\":false,\"destroyed\":false,\"decodeStrings\":false,\"defaultEncoding\":\"utf8\",\"length\":0,\"writing\":false,\"corked\":0,\"sync\":false,\"bufferProcessing\":false,\"writecb\":null,\"writelen\":0,\"bufferedRequest\":null,\"lastBufferedRequest\":null,\"pendingcb\":0,\"prefinished\":false,\"errorEmitted\":false,\"emitClose\":false,\"bufferedRequestCount\":0,\"corkedRequestsFree\":{\"next\":null,\"entry\":null}},\"writable\":true,\"allowHalfOpen\":false,\"_sockname\":null,\"_pendingData\":null,\"_pendingEncoding\":\"\",\"server\":null,\"_server\":null},\"_internalId\":157,\"_commands\":{\"_head\":0,\"_tail\":0,\"_capacityMask\":3,\"_list\":[null,null,null,null]},\"_paused\":false,\"_paused_packets\":{\"_head\":0,\"_tail\":0,\"_capacityMask\":3,\"_list\":[null,null,null,null]},\"_statements\":{},\"serverCapabilityFlags\":2688546815,\"authorized\":true,\"sequenceId\":2,\"compressedSequenceId\":0,\"threadId\":302,\"_handshakePacket\":{\"protocolVersion\":10,\"serverVersion\":\"5.5.5-10.1.37-MariaDB\",\"capabilityFlags\":2688546815,\"connectionId\":302,\"authPluginData1\":{\"type\":\"Buffer\",\"data\":[67,90,121,118,97,100,81,72]},\"authPluginData2\":{\"type\":\"Buffer\",\"data\":[84,79,110,92,96,80,81,35,89,120,111,70]},\"characterSet\":8,\"statusFlags\":2},\"_fatalError\":null,\"_protocolError\":null,\"_outOfOrderPackets\":[],\"clientEncoding\":\"utf8\",\"packetParser\":{\"buffer\":[],\"bufferLength\":0,\"packetHeaderLength\":4,\"headerLen\":0,\"length\":7,\"largePacketParts\":[],\"firstPacketSequenceId\":0},\"serverEncoding\":\"latin1\",\"connectTimeout\":null,\"connectionId\":302,\"uuid\":\"207c31db-31ce-43a4-8d70-288a501fb220\"}},\"fields\":[\"id\",\"reportPerameterId\",\"interviewExpertId\",\"review\",\"rating\",\"createdAt\",\"updatedAt\"],\"auth\":3}', '[4,5,6]', 3, '2019-02-15 12:08:03', '2019-02-15 12:08:03'),
(85, 'interview_experts', 'update', '{\"where\":{\"id\":\"1\"},\"validate\":true,\"hooks\":true,\"individualHooks\":false,\"returning\":false,\"force\":false,\"sideEffects\":true,\"type\":\"BULKUPDATE\",\"fields\":[\"status\",\"feedback\",\"updatedAt\"],\"attributes\":{\"status\":\"completed\",\"feedback\":\"\",\"updatedAt\":\"2019-02-15T12:08:03.952Z\"},\"auth\":3}', '{\"id\":\"1\"}', 3, '2019-02-15 12:08:04', '2019-02-15 12:08:04'),
(86, 'interview_users', 'update', '{\"where\":{\"id\":3},\"validate\":true,\"hooks\":true,\"individualHooks\":false,\"returning\":false,\"force\":false,\"sideEffects\":true,\"type\":\"BULKUPDATE\",\"fields\":[\"status\",\"updatedAt\"],\"attributes\":{\"status\":\"Reviewed\",\"updatedAt\":\"2019-02-15T12:08:04.018Z\"},\"auth\":3}', '{\"id\":3}', 3, '2019-02-15 12:08:04', '2019-02-15 12:08:04');
INSERT INTO `logs` (`id`, `tableName`, `action`, `remarks`, `respectiveId`, `userId`, `createdAt`, `updatedAt`) VALUES
(87, 'interview_expert_overall_feedback', 'insert', '{\"validate\":false,\"hooks\":true,\"individualHooks\":false,\"ignoreDuplicates\":false,\"transcation\":{\"sequelize\":{\"options\":{\"dialect\":\"mysql\",\"dialectModulePath\":null,\"host\":\"127.0.0.1\",\"protocol\":\"tcp\",\"define\":{},\"query\":{},\"sync\":{},\"timezone\":\"+00:00\",\"omitNull\":false,\"native\":false,\"replication\":false,\"pool\":{},\"quoteIdentifiers\":true,\"hooks\":{\"afterCreate\":[null],\"afterUpdate\":[null],\"afterBulkUpdate\":[null],\"afterBulkCreate\":[null]},\"retry\":{\"max\":5,\"match\":[\"SQLITE_BUSY: database is locked\"]},\"transactionType\":\"DEFERRED\",\"isolationLevel\":null,\"databaseVersion\":\"10.1.37-MariaDB\",\"typeValidation\":false,\"benchmark\":false,\"operatorsAliases\":false,\"username\":\"root\",\"password\":null,\"database\":\"testdb5\"},\"config\":{\"database\":\"testdb5\",\"username\":\"root\",\"password\":null,\"host\":\"127.0.0.1\",\"port\":3306,\"pool\":\"~transcation~sequelize~options~pool\",\"protocol\":\"tcp\",\"native\":false,\"replication\":false,\"dialectModulePath\":null},\"dialect\":{\"sequelize\":\"~transcation~sequelize\",\"connectionManager\":{\"sequelize\":\"~transcation~sequelize\",\"config\":{\"database\":\"testdb5\",\"username\":\"root\",\"password\":null,\"host\":\"127.0.0.1\",\"pool\":{\"max\":5,\"min\":0,\"idle\":10000,\"acquire\":10000,\"evict\":10000,\"handleDisconnects\":true},\"protocol\":\"tcp\",\"native\":false,\"replication\":false,\"dialectModulePath\":null},\"dialect\":\"~transcation~sequelize~dialect\",\"versionPromise\":null,\"dialectName\":\"mysql\",\"pool\":{\"_events\":{},\"_eventsCount\":0,\"_config\":{\"fifo\":true,\"priorityRange\":1,\"testOnBorrow\":true,\"testOnReturn\":false,\"autostart\":false,\"acquireTimeoutMillis\":10000,\"max\":5,\"min\":0,\"evictionRunIntervalMillis\":10000,\"numTestsPerEvictionRun\":3,\"softIdleTimeoutMillis\":-1,\"idleTimeoutMillis\":10000},\"_factory\":{},\"_draining\":false,\"_started\":true,\"_waitingClientsQueue\":{\"_size\":1,\"_slots\":[{\"_list\":{\"head\":null,\"tail\":null,\"length\":0}}]},\"_factoryCreateOperations\":{},\"_factoryDestroyOperations\":{},\"_availableObjects\":{\"_list\":{\"head\":{\"prev\":null,\"next\":{\"prev\":\"~transcation~sequelize~dialect~connectionManager~pool~_availableObjects~_list~head\",\"next\":null,\"data\":{\"creationTime\":1550232483956,\"lastReturnTime\":1550232493065,\"lastBorrowTime\":1550232493000,\"lastIdleTime\":1550232493065,\"obj\":{\"_events\":{},\"_eventsCount\":1,\"config\":{\"host\":\"127.0.0.1\",\"port\":3306,\"user\":\"root\",\"database\":\"testdb5\",\"connectTimeout\":10000,\"insecureAuth\":false,\"supportBigNumbers\":true,\"bigNumberStrings\":false,\"decimalNumbers\":false,\"dateStrings\":false,\"trace\":true,\"stringifyObjects\":false,\"timezone\":\"+00:00\",\"ssl\":false,\"multipleStatements\":false,\"rowsAsArray\":false,\"namedPlaceholders\":false,\"maxPacketSize\":0,\"charsetNumber\":224,\"compress\":false,\"clientFlags\":8582093,\"maxPreparedStatements\":16000},\"stream\":{\"connecting\":false,\"_hadError\":false,\"_handle\":{\"reading\":true,\"onconnection\":null},\"_parent\":null,\"_host\":null,\"_readableState\":{\"objectMode\":false,\"highWaterMark\":16384,\"buffer\":{\"head\":null,\"tail\":null,\"length\":0},\"length\":0,\"pipes\":null,\"pipesCount\":0,\"flowing\":true,\"ended\":false,\"endEmitted\":false,\"reading\":true,\"sync\":false,\"needReadable\":true,\"emittedReadable\":false,\"readableListening\":false,\"resumeScheduled\":false,\"emitClose\":false,\"destroyed\":false,\"defaultEncoding\":\"utf8\",\"awaitDrain\":0,\"readingMore\":false,\"decoder\":null,\"encoding\":null},\"readable\":true,\"_events\":{},\"_eventsCount\":4,\"_writableState\":{\"objectMode\":false,\"highWaterMark\":16384,\"finalCalled\":false,\"needDrain\":false,\"ending\":false,\"ended\":false,\"finished\":false,\"destroyed\":false,\"decodeStrings\":false,\"defaultEncoding\":\"utf8\",\"length\":0,\"writing\":false,\"corked\":0,\"sync\":false,\"bufferProcessing\":false,\"writecb\":null,\"writelen\":0,\"bufferedRequest\":null,\"lastBufferedRequest\":null,\"pendingcb\":0,\"prefinished\":false,\"errorEmitted\":false,\"emitClose\":false,\"bufferedRequestCount\":0,\"corkedRequestsFree\":{\"next\":null,\"entry\":null}},\"writable\":true,\"allowHalfOpen\":false,\"_sockname\":null,\"_pendingData\":null,\"_pendingEncoding\":\"\",\"server\":null,\"_server\":null},\"_internalId\":158,\"_commands\":{\"_head\":0,\"_tail\":0,\"_capacityMask\":3,\"_list\":[null,null,null,null]},\"_paused\":false,\"_paused_packets\":{\"_head\":0,\"_tail\":0,\"_capacityMask\":3,\"_list\":[null,null,null,null]},\"_statements\":{},\"serverCapabilityFlags\":2688546815,\"authorized\":true,\"sequenceId\":2,\"compressedSequenceId\":0,\"threadId\":303,\"_handshakePacket\":{\"protocolVersion\":10,\"serverVersion\":\"5.5.5-10.1.37-MariaDB\",\"capabilityFlags\":2688546815,\"connectionId\":303,\"authPluginData1\":{\"type\":\"Buffer\",\"data\":[86,79,102,54,120,122,122,120]},\"authPluginData2\":{\"type\":\"Buffer\",\"data\":[107,48,73,97,46,95,114,65,47,99,42,66]},\"characterSet\":8,\"statusFlags\":2},\"_fatalError\":null,\"_protocolError\":null,\"_outOfOrderPackets\":[],\"clientEncoding\":\"utf8\",\"packetParser\":{\"buffer\":[],\"bufferLength\":0,\"packetHeaderLength\":4,\"headerLen\":0,\"length\":46,\"largePacketParts\":[],\"firstPacketSequenceId\":0},\"serverEncoding\":\"latin1\",\"connectTimeout\":null,\"connectionId\":303},\"state\":\"IDLE\"}},\"data\":{\"creationTime\":1550232472639,\"lastReturnTime\":1550232492987,\"lastBorrowTime\":1550232492974,\"lastIdleTime\":1550232492987,\"obj\":{\"_events\":{},\"_eventsCount\":1,\"config\":{\"host\":\"127.0.0.1\",\"port\":3306,\"user\":\"root\",\"database\":\"testdb5\",\"connectTimeout\":10000,\"insecureAuth\":false,\"supportBigNumbers\":true,\"bigNumberStrings\":false,\"decimalNumbers\":false,\"dateStrings\":false,\"trace\":true,\"stringifyObjects\":false,\"timezone\":\"+00:00\",\"ssl\":false,\"multipleStatements\":false,\"rowsAsArray\":false,\"namedPlaceholders\":false,\"maxPacketSize\":0,\"charsetNumber\":224,\"compress\":false,\"clientFlags\":8582093,\"maxPreparedStatements\":16000},\"stream\":{\"connecting\":false,\"_hadError\":false,\"_handle\":{\"reading\":true,\"onconnection\":null},\"_parent\":null,\"_host\":null,\"_readableState\":{\"objectMode\":false,\"highWaterMark\":16384,\"buffer\":{\"head\":null,\"tail\":null,\"length\":0},\"length\":0,\"pipes\":null,\"pipesCount\":0,\"flowing\":true,\"ended\":false,\"endEmitted\":false,\"reading\":true,\"sync\":false,\"needReadable\":true,\"emittedReadable\":false,\"readableListening\":false,\"resumeScheduled\":false,\"emitClose\":false,\"destroyed\":false,\"defaultEncoding\":\"utf8\",\"awaitDrain\":0,\"readingMore\":false,\"decoder\":null,\"encoding\":null},\"readable\":true,\"_events\":{},\"_eventsCount\":4,\"_writableState\":{\"objectMode\":false,\"highWaterMark\":16384,\"finalCalled\":false,\"needDrain\":false,\"ending\":false,\"ended\":false,\"finished\":false,\"destroyed\":false,\"decodeStrings\":false,\"defaultEncoding\":\"utf8\",\"length\":0,\"writing\":false,\"corked\":0,\"sync\":false,\"bufferProcessing\":false,\"writecb\":null,\"writelen\":0,\"bufferedRequest\":null,\"lastBufferedRequest\":null,\"pendingcb\":0,\"prefinished\":false,\"errorEmitted\":false,\"emitClose\":false,\"bufferedRequestCount\":0,\"corkedRequestsFree\":{\"next\":null,\"entry\":null}},\"writable\":true,\"allowHalfOpen\":false,\"_sockname\":null,\"_pendingData\":null,\"_pendingEncoding\":\"\",\"server\":null,\"_server\":null},\"_internalId\":157,\"_commands\":{\"_head\":0,\"_tail\":0,\"_capacityMask\":3,\"_list\":[null,null,null,null]},\"_paused\":false,\"_paused_packets\":{\"_head\":0,\"_tail\":0,\"_capacityMask\":3,\"_list\":[null,null,null,null]},\"_statements\":{},\"serverCapabilityFlags\":2688546815,\"authorized\":true,\"sequenceId\":12,\"compressedSequenceId\":0,\"threadId\":302,\"_handshakePacket\":{\"protocolVersion\":10,\"serverVersion\":\"5.5.5-10.1.37-MariaDB\",\"capabilityFlags\":2688546815,\"connectionId\":302,\"authPluginData1\":{\"type\":\"Buffer\",\"data\":[67,90,121,118,97,100,81,72]},\"authPluginData2\":{\"type\":\"Buffer\",\"data\":[84,79,110,92,96,80,81,35,89,120,111,70]},\"characterSet\":8,\"statusFlags\":2},\"_fatalError\":null,\"_protocolError\":null,\"_outOfOrderPackets\":[],\"clientEncoding\":\"utf8\",\"packetParser\":{\"buffer\":[],\"bufferLength\":0,\"packetHeaderLength\":4,\"headerLen\":0,\"length\":5,\"largePacketParts\":[],\"firstPacketSequenceId\":0},\"serverEncoding\":\"latin1\",\"connectTimeout\":null,\"connectionId\":302},\"state\":\"IDLE\"}},\"tail\":\"~transcation~sequelize~dialect~connectionManager~pool~_availableObjects~_list~head~next\",\"length\":2}},\"_testOnBorrowResources\":{},\"_testOnReturnResources\":{},\"_validationOperations\":{},\"_allObjects\":{},\"_resourceLoans\":{},\"_evictionIterator\":{\"_list\":\"~transcation~sequelize~dialect~connectionManager~pool~_availableObjects~_list\",\"_direction\":\"next\",\"_startPosition\":\"head\",\"_started\":true,\"_cursor\":{\"prev\":null,\"next\":null,\"data\":{\"creationTime\":1550232472840,\"lastReturnTime\":1550232484144,\"lastBorrowTime\":1550232492988,\"lastIdleTime\":1550232484144,\"obj\":{\"_events\":{},\"_eventsCount\":1,\"config\":{\"host\":\"127.0.0.1\",\"port\":3306,\"user\":\"root\",\"database\":\"testdb5\",\"connectTimeout\":10000,\"insecureAuth\":false,\"supportBigNumbers\":true,\"bigNumberStrings\":false,\"decimalNumbers\":false,\"dateStrings\":false,\"trace\":true,\"stringifyObjects\":false,\"timezone\":\"+00:00\",\"ssl\":false,\"multipleStatements\":false,\"rowsAsArray\":false,\"namedPlaceholders\":false,\"maxPacketSize\":0,\"charsetNumber\":224,\"compress\":false,\"clientFlags\":8582093,\"maxPreparedStatements\":16000},\"stream\":{\"connecting\":false,\"_hadError\":false,\"_handle\":{\"reading\":true,\"onconnection\":null},\"_parent\":null,\"_host\":null,\"_readableState\":{\"objectMode\":false,\"highWaterMark\":16384,\"buffer\":{\"head\":null,\"tail\":null,\"length\":0},\"length\":0,\"pipes\":null,\"pipesCount\":0,\"flowing\":true,\"ended\":false,\"endEmitted\":false,\"reading\":true,\"sync\":false,\"needReadable\":true,\"emittedReadable\":false,\"readableListening\":false,\"resumeScheduled\":false,\"emitClose\":false,\"destroyed\":false,\"defaultEncoding\":\"utf8\",\"awaitDrain\":0,\"readingMore\":false,\"decoder\":null,\"encoding\":null},\"readable\":true,\"_events\":{},\"_eventsCount\":4,\"_writableState\":{\"objectMode\":false,\"highWaterMark\":16384,\"finalCalled\":false,\"needDrain\":false,\"ending\":false,\"ended\":false,\"finished\":false,\"destroyed\":false,\"decodeStrings\":false,\"defaultEncoding\":\"utf8\",\"length\":0,\"writing\":false,\"corked\":0,\"sync\":false,\"bufferProcessing\":false,\"writecb\":null,\"writelen\":0,\"bufferedRequest\":null,\"lastBufferedRequest\":null,\"pendingcb\":0,\"prefinished\":false,\"errorEmitted\":false,\"emitClose\":false,\"bufferedRequestCount\":0,\"corkedRequestsFree\":{\"next\":null,\"entry\":null}},\"writable\":true,\"allowHalfOpen\":false,\"_sockname\":null,\"_pendingData\":null,\"_pendingEncoding\":\"\",\"server\":null,\"_server\":null},\"_internalId\":156,\"_commands\":{\"_head\":0,\"_tail\":0,\"_capacityMask\":3,\"_list\":[null,null,null,null]},\"_paused\":false,\"_paused_packets\":{\"_head\":0,\"_tail\":0,\"_capacityMask\":3,\"_list\":[null,null,null,null]},\"_statements\":{},\"serverCapabilityFlags\":2688546815,\"authorized\":true,\"sequenceId\":2,\"compressedSequenceId\":0,\"threadId\":301,\"_handshakePacket\":{\"protocolVersion\":10,\"serverVersion\":\"5.5.5-10.1.37-MariaDB\",\"capabilityFlags\":2688546815,\"connectionId\":301,\"authPluginData1\":{\"type\":\"Buffer\",\"data\":[47,74,104,78,46,59,123,124]},\"authPluginData2\":{\"type\":\"Buffer\",\"data\":[124,120,101,115,50,62,126,38,60,58,77,85]},\"characterSet\":8,\"statusFlags\":2},\"_fatalError\":null,\"_protocolError\":null,\"_outOfOrderPackets\":[],\"clientEncoding\":\"utf8\",\"packetParser\":{\"buffer\":[],\"bufferLength\":0,\"packetHeaderLength\":4,\"headerLen\":0,\"length\":7,\"largePacketParts\":[],\"firstPacketSequenceId\":0},\"serverEncoding\":\"latin1\",\"connectTimeout\":null,\"connectionId\":301,\"uuid\":\"1f887f45-86ad-4461-9d61-7927680f7cae\"},\"state\":\"ALLOCATED\"}},\"_done\":false},\"_evictor\":{},\"_scheduledEviction\":{\"_called\":false,\"_idleTimeout\":10000,\"_idlePrev\":{\"_idleNext\":\"~transcation~sequelize~dialect~connectionManager~pool~_scheduledEviction\",\"_idlePrev\":\"~transcation~sequelize~dialect~connectionManager~pool~_scheduledEviction\",\"_unrefed\":false,\"msecs\":10000,\"_timer\":{\"_list\":\"~transcation~sequelize~dialect~connectionManager~pool~_scheduledEviction~_idlePrev\"}},\"_idleNext\":\"~transcation~sequelize~dialect~connectionManager~pool~_scheduledEviction~_idlePrev\",\"_idleStart\":17248026,\"_repeat\":null,\"_destroyed\":false}},\"lib\":{\"Types\":{\"DECIMAL\":0,\"TINY\":1,\"SHORT\":2,\"LONG\":3,\"FLOAT\":4,\"DOUBLE\":5,\"NULL\":6,\"TIMESTAMP\":7,\"LONGLONG\":8,\"INT24\":9,\"DATE\":10,\"TIME\":11,\"DATETIME\":12,\"YEAR\":13,\"NEWDATE\":14,\"VARCHAR\":15,\"BIT\":16,\"JSON\":245,\"NEWDECIMAL\":246,\"ENUM\":247,\"SET\":248,\"TINY_BLOB\":249,\"MEDIUM_BLOB\":250,\"LONG_BLOB\":251,\"BLOB\":252,\"VAR_STRING\":253,\"STRING\":254,\"GEOMETRY\":255},\"Charsets\":{\"BIG5_CHINESE_CI\":1,\"LATIN2_CZECH_CS\":2,\"DEC8_SWEDISH_CI\":3,\"CP850_GENERAL_CI\":4,\"LATIN1_GERMAN1_CI\":5,\"HP8_ENGLISH_CI\":6,\"KOI8R_GENERAL_CI\":7,\"LATIN1_SWEDISH_CI\":8,\"LATIN2_GENERAL_CI\":9,\"SWE7_SWEDISH_CI\":10,\"ASCII_GENERAL_CI\":11,\"UJIS_JAPANESE_CI\":12,\"SJIS_JAPANESE_CI\":13,\"CP1251_BULGARIAN_CI\":14,\"LATIN1_DANISH_CI\":15,\"HEBREW_GENERAL_CI\":16,\"TIS620_THAI_CI\":18,\"EUCKR_KOREAN_CI\":19,\"LATIN7_ESTONIAN_CS\":20,\"LATIN2_HUNGARIAN_CI\":21,\"KOI8U_GENERAL_CI\":22,\"CP1251_UKRAINIAN_CI\":23,\"GB2312_CHINESE_CI\":24,\"GREEK_GENERAL_CI\":25,\"CP1250_GENERAL_CI\":26,\"LATIN2_CROATIAN_CI\":27,\"GBK_CHINESE_CI\":28,\"CP1257_LITHUANIAN_CI\":29,\"LATIN5_TURKISH_CI\":30,\"LATIN1_GERMAN2_CI\":31,\"ARMSCII8_GENERAL_CI\":32,\"UTF8_GENERAL_CI\":33,\"CP1250_CZECH_CS\":34,\"UCS2_GENERAL_CI\":35,\"CP866_GENERAL_CI\":36,\"KEYBCS2_GENERAL_CI\":37,\"MACCE_GENERAL_CI\":38,\"MACROMAN_GENERAL_CI\":39,\"CP852_GENERAL_CI\":40,\"LATIN7_GENERAL_CI\":41,\"LATIN7_GENERAL_CS\":42,\"MACCE_BIN\":43,\"CP1250_CROATIAN_CI\":44,\"UTF8MB4_GENERAL_CI\":45,\"UTF8MB4_BIN\":46,\"LATIN1_BIN\":47,\"LATIN1_GENERAL_CI\":48,\"LATIN1_GENERAL_CS\":49,\"CP1251_BIN\":50,\"CP1251_GENERAL_CI\":51,\"CP1251_GENERAL_CS\":52,\"MACROMAN_BIN\":53,\"UTF16_GENERAL_CI\":54,\"UTF16_BIN\":55,\"UTF16LE_GENERAL_CI\":56,\"CP1256_GENERAL_CI\":57,\"CP1257_BIN\":58,\"CP1257_GENERAL_CI\":59,\"UTF32_GENERAL_CI\":60,\"UTF32_BIN\":61,\"UTF16LE_BIN\":62,\"BINARY\":63,\"ARMSCII8_BIN\":64,\"ASCII_BIN\":65,\"CP1250_BIN\":66,\"CP1256_BIN\":67,\"CP866_BIN\":68,\"DEC8_BIN\":69,\"GREEK_BIN\":70,\"HEBREW_BIN\":71,\"HP8_BIN\":72,\"KEYBCS2_BIN\":73,\"KOI8R_BIN\":74,\"KOI8U_BIN\":75,\"UTF8_TOLOWER_CI\":76,\"LATIN2_BIN\":77,\"LATIN5_BIN\":78,\"LATIN7_BIN\":79,\"CP850_BIN\":80,\"CP852_BIN\":81,\"SWE7_BIN\":82,\"UTF8_BIN\":83,\"BIG5_BIN\":84,\"EUCKR_BIN\":85,\"GB2312_BIN\":86,\"GBK_BIN\":87,\"SJIS_BIN\":88,\"TIS620_BIN\":89,\"UCS2_BIN\":90,\"UJIS_BIN\":91,\"GEOSTD8_GENERAL_CI\":92,\"GEOSTD8_BIN\":93,\"LATIN1_SPANISH_CI\":94,\"CP932_JAPANESE_CI\":95,\"CP932_BIN\":96,\"EUCJPMS_JAPANESE_CI\":97,\"EUCJPMS_BIN\":98,\"CP1250_POLISH_CI\":99,\"UTF16_UNICODE_CI\":101,\"UTF16_ICELANDIC_CI\":102,\"UTF16_LATVIAN_CI\":103,\"UTF16_ROMANIAN_CI\":104,\"UTF16_SLOVENIAN_CI\":105,\"UTF16_POLISH_CI\":106,\"UTF16_ESTONIAN_CI\":107,\"UTF16_SPANISH_CI\":108,\"UTF16_SWEDISH_CI\":109,\"UTF16_TURKISH_CI\":110,\"UTF16_CZECH_CI\":111,\"UTF16_DANISH_CI\":112,\"UTF16_LITHUANIAN_CI\":113,\"UTF16_SLOVAK_CI\":114,\"UTF16_SPANISH2_CI\":115,\"UTF16_ROMAN_CI\":116,\"UTF16_PERSIAN_CI\":117,\"UTF16_ESPERANTO_CI\":118,\"UTF16_HUNGARIAN_CI\":119,\"UTF16_SINHALA_CI\":120,\"UTF16_GERMAN2_CI\":121,\"UTF16_CROATIAN_CI\":122,\"UTF16_UNICODE_520_CI\":123,\"UTF16_VIETNAMESE_CI\":124,\"UCS2_UNICODE_CI\":128,\"UCS2_ICELANDIC_CI\":129,\"UCS2_LATVIAN_CI\":130,\"UCS2_ROMANIAN_CI\":131,\"UCS2_SLOVENIAN_CI\":132,\"UCS2_POLISH_CI\":133,\"UCS2_ESTONIAN_CI\":134,\"UCS2_SPANISH_CI\":135,\"UCS2_SWEDISH_CI\":136,\"UCS2_TURKISH_CI\":137,\"UCS2_CZECH_CI\":138,\"UCS2_DANISH_CI\":139,\"UCS2_LITHUANIAN_CI\":140,\"UCS2_SLOVAK_CI\":141,\"UCS2_SPANISH2_CI\":142,\"UCS2_ROMAN_CI\":143,\"UCS2_PERSIAN_CI\":144,\"UCS2_ESPERANTO_CI\":145,\"UCS2_HUNGARIAN_CI\":146,\"UCS2_SINHALA_CI\":147,\"UCS2_GERMAN2_CI\":148,\"UCS2_CROATIAN_CI\":149,\"UCS2_UNICODE_520_CI\":150,\"UCS2_VIETNAMESE_CI\":151,\"UCS2_GENERAL_MYSQL500_CI\":159,\"UTF32_UNICODE_CI\":160,\"UTF32_ICELANDIC_CI\":161,\"UTF32_LATVIAN_CI\":162,\"UTF32_ROMANIAN_CI\":163,\"UTF32_SLOVENIAN_CI\":164,\"UTF32_POLISH_CI\":165,\"UTF32_ESTONIAN_CI\":166,\"UTF32_SPANISH_CI\":167,\"UTF32_SWEDISH_CI\":168,\"UTF32_TURKISH_CI\":169,\"UTF32_CZECH_CI\":170,\"UTF32_DANISH_CI\":171,\"UTF32_LITHUANIAN_CI\":172,\"UTF32_SLOVAK_CI\":173,\"UTF32_SPANISH2_CI\":174,\"UTF32_ROMAN_CI\":175,\"UTF32_PERSIAN_CI\":176,\"UTF32_ESPERANTO_CI\":177,\"UTF32_HUNGARIAN_CI\":178,\"UTF32_SINHALA_CI\":179,\"UTF32_GERMAN2_CI\":180,\"UTF32_CROATIAN_CI\":181,\"UTF32_UNICODE_520_CI\":182,\"UTF32_VIETNAMESE_CI\":183,\"UTF8_UNICODE_CI\":192,\"UTF8_ICELANDIC_CI\":193,\"UTF8_LATVIAN_CI\":194,\"UTF8_ROMANIAN_CI\":195,\"UTF8_SLOVENIAN_CI\":196,\"UTF8_POLISH_CI\":197,\"UTF8_ESTONIAN_CI\":198,\"UTF8_SPANISH_CI\":199,\"UTF8_SWEDISH_CI\":200,\"UTF8_TURKISH_CI\":201,\"UTF8_CZECH_CI\":202,\"UTF8_DANISH_CI\":203,\"UTF8_LITHUANIAN_CI\":204,\"UTF8_SLOVAK_CI\":205,\"UTF8_SPANISH2_CI\":206,\"UTF8_ROMAN_CI\":207,\"UTF8_PERSIAN_CI\":208,\"UTF8_ESPERANTO_CI\":209,\"UTF8_HUNGARIAN_CI\":210,\"UTF8_SINHALA_CI\":211,\"UTF8_GERMAN2_CI\":212,\"UTF8_CROATIAN_CI\":213,\"UTF8_UNICODE_520_CI\":214,\"UTF8_VIETNAMESE_CI\":215,\"UTF8_GENERAL_MYSQL500_CI\":223,\"UTF8MB4_UNICODE_CI\":224,\"UTF8MB4_ICELANDIC_CI\":225,\"UTF8MB4_LATVIAN_CI\":226,\"UTF8MB4_ROMANIAN_CI\":227,\"UTF8MB4_SLOVENIAN_CI\":228,\"UTF8MB4_POLISH_CI\":229,\"UTF8MB4_ESTONIAN_CI\":230,\"UTF8MB4_SPANISH_CI\":231,\"UTF8MB4_SWEDISH_CI\":232,\"UTF8MB4_TURKISH_CI\":233,\"UTF8MB4_CZECH_CI\":234,\"UTF8MB4_DANISH_CI\":235,\"UTF8MB4_LITHUANIAN_CI\":236,\"UTF8MB4_SLOVAK_CI\":237,\"UTF8MB4_SPANISH2_CI\":238,\"UTF8MB4_ROMAN_CI\":239,\"UTF8MB4_PERSIAN_CI\":240,\"UTF8MB4_ESPERANTO_CI\":241,\"UTF8MB4_HUNGARIAN_CI\":242,\"UTF8MB4_SINHALA_CI\":243,\"UTF8MB4_GERMAN2_CI\":244,\"UTF8MB4_CROATIAN_CI\":245,\"UTF8MB4_UNICODE_520_CI\":246,\"UTF8MB4_VIETNAMESE_CI\":247,\"GB18030_CHINESE_CI\":248,\"GB18030_BIN\":249,\"GB18030_UNICODE_520_CI\":250,\"UTF8_GENERAL50_CI\":253,\"UTF8MB4_0900_AI_CI\":255,\"UTF8MB4_CS_0900_AI_CI\":266,\"UTF8MB4_DA_0900_AI_CI\":267,\"UTF8MB4_DE_PB_0900_AI_CI\":256,\"UTF8MB4_EO_0900_AI_CI\":273,\"UTF8MB4_ES_0900_AI_CI\":263,\"UTF8MB4_ES_TRAD_0900_AI_CI\":270,\"UTF8MB4_ET_0900_AI_CI\":262,\"UTF8MB4_HR_0900_AI_CI\":275,\"UTF8MB4_HU_0900_AI_CI\":274,\"UTF8MB4_IS_0900_AI_CI\":257,\"UTF8MB4_LA_0900_AI_CI\":271,\"UTF8MB4_LT_0900_AI_CI\":268,\"UTF8MB4_LV_0900_AI_CI\":258,\"UTF8MB4_PL_0900_AI_CI\":261,\"UTF8MB4_RO_0900_AI_CI\":259,\"UTF8MB4_SK_0900_AI_CI\":269,\"UTF8MB4_SL_0900_AI_CI\":260,\"UTF8MB4_SV_0900_AI_CI\":264,\"UTF8MB4_TR_0900_AI_CI\":265,\"UTF8MB4_VI_0900_AI_CI\":277,\"BIG5\":1,\"DEC8\":3,\"CP850\":4,\"HP8\":6,\"KOI8R\":7,\"LATIN1\":8,\"LATIN2\":9,\"SWE7\":10,\"ASCII\":11,\"UJIS\":12,\"SJIS\":13,\"HEBREW\":16,\"TIS620\":18,\"EUCKR\":19,\"KOI8U\":22,\"GB2312\":24,\"GREEK\":25,\"CP1250\":26,\"GBK\":28,\"LATIN5\":30,\"ARMSCII8\":32,\"UTF8\":33,\"UCS2\":35,\"CP866\":36,\"KEYBCS2\":37,\"MACCE\":38,\"MACROMAN\":39,\"CP852\":40,\"LATIN7\":41,\"UTF8MB4\":45,\"CP1251\":51,\"UTF16\":54,\"UTF16LE\":56,\"CP1256\":57,\"CP1257\":59,\"UTF32\":60,\"CP932\":95,\"EUCJPMS\":97,\"GB18030\":248,\"GEOSTD8\":92},\"CharsetToEncoding\":[\"utf8\",\"big5\",\"latin2\",\"dec8\",\"cp850\",\"latin1\",\"hp8\",\"koi8r\",\"latin1\",\"latin2\",\"swe7\",\"ascii\",\"eucjp\",\"sjis\",\"cp1251\",\"latin1\",\"hebrew\",\"utf8\",\"tis620\",\"euckr\",\"latin7\",\"latin2\",\"koi8u\",\"cp1251\",\"gb2312\",\"greek\",\"cp1250\",\"latin2\",\"gbk\",\"cp1257\",\"latin5\",\"latin1\",\"armscii8\",\"cesu8\",\"cp1250\",\"ucs2\",\"cp866\",\"keybcs2\",\"macintosh\",\"macroman\",\"cp852\",\"latin7\",\"latin7\",\"macintosh\",\"cp1250\",\"utf8\",\"utf8\",\"latin1\",\"latin1\",\"latin1\",\"cp1251\",\"cp1251\",\"cp1251\",\"macroman\",\"utf16\",\"utf16\",\"utf16-le\",\"cp1256\",\"cp1257\",\"cp1257\",\"utf32\",\"utf32\",\"utf16-le\",\"binary\",\"armscii8\",\"ascii\",\"cp1250\",\"cp1256\",\"cp866\",\"dec8\",\"greek\",\"hebrew\",\"hp8\",\"keybcs2\",\"koi8r\",\"koi8u\",\"cesu8\",\"latin2\",\"latin5\",\"latin7\",\"cp850\",\"cp852\",\"swe7\",\"cesu8\",\"big5\",\"euckr\",\"gb2312\",\"gbk\",\"sjis\",\"tis620\",\"ucs2\",\"eucjp\",\"geostd8\",\"geostd8\",\"latin1\",\"cp932\",\"cp932\",\"eucjpms\",\"eucjpms\",\"cp1250\",\"utf8\",\"utf16\",\"utf16\",\"utf16\",\"utf16\",\"utf16\",\"utf16\",\"utf16\",\"utf16\",\"utf16\",\"utf16\",\"utf16\",\"utf16\",\"utf16\",\"utf16\",\"utf16\",\"utf16\",\"utf16\",\"utf16\",\"utf16\",\"utf16\",\"utf16\",\"utf16\",\"utf16\",\"utf16\",\"utf8\",\"utf8\",\"utf8\",\"ucs2\",\"ucs2\",\"ucs2\",\"ucs2\",\"ucs2\",\"ucs2\",\"ucs2\",\"ucs2\",\"ucs2\",\"ucs2\",\"ucs2\",\"ucs2\",\"ucs2\",\"ucs2\",\"ucs2\",\"ucs2\",\"ucs2\",\"ucs2\",\"ucs2\",\"ucs2\",\"ucs2\",\"ucs2\",\"ucs2\",\"ucs2\",\"utf8\",\"utf8\",\"utf8\",\"utf8\",\"utf8\",\"utf8\",\"utf8\",\"ucs2\",\"utf32\",\"utf32\",\"utf32\",\"utf32\",\"utf32\",\"utf32\",\"utf32\",\"utf32\",\"utf32\",\"utf32\",\"utf32\",\"utf32\",\"utf32\",\"utf32\",\"utf32\",\"utf32\",\"utf32\",\"utf32\",\"utf32\",\"utf32\",\"utf32\",\"utf32\",\"utf32\",\"utf32\",\"utf8\",\"utf8\",\"utf8\",\"utf8\",\"utf8\",\"utf8\",\"utf8\",\"utf8\",\"cesu8\",\"cesu8\",\"cesu8\",\"cesu8\",\"cesu8\",\"cesu8\",\"cesu8\",\"cesu8\",\"cesu8\",\"cesu8\",\"cesu8\",\"cesu8\",\"cesu8\",\"cesu8\",\"cesu8\",\"cesu8\",\"cesu8\",\"cesu8\",\"cesu8\",\"cesu8\",\"cesu8\",\"cesu8\",\"cesu8\",\"cesu8\",\"utf8\",\"utf8\",\"utf8\",\"utf8\",\"utf8\",\"utf8\",\"utf8\",\"cesu8\",\"utf8\",\"utf8\",\"utf8\",\"utf8\",\"utf8\",\"utf8\",\"utf8\",\"utf8\",\"utf8\",\"utf8\",\"utf8\",\"utf8\",\"utf8\",\"utf8\",\"utf8\",\"utf8\",\"utf8\",\"utf8\",\"utf8\",\"utf8\",\"utf8\",\"utf8\",\"utf8\",\"utf8\",\"gb18030\",\"gb18030\",\"gb18030\",\"utf8\",\"utf8\",\"utf8\",\"utf8\",\"utf8\",\"utf8\",\"utf8\",\"utf8\",\"utf8\",\"utf8\",\"utf8\",\"utf8\",\"utf8\",\"utf8\",\"utf8\",\"utf8\",\"utf8\",\"utf8\",\"utf8\",\"utf8\",\"utf8\",\"utf8\",\"utf8\",\"utf8\",\"utf8\",\"utf8\",\"utf8\",\"utf8\",\"utf8\",\"utf8\",\"utf8\",\"utf8\",\"utf8\",\"utf8\",\"utf8\",\"utf8\",\"utf8\",\"utf8\",\"utf8\",\"utf8\",\"utf8\",\"utf8\",\"utf8\",\"utf8\",\"utf8\",\"utf8\",\"utf8\",\"utf8\",\"utf8\",\"utf8\",\"utf8\",\"utf8\",\"utf8\",\"utf8\",\"utf8\"]}},\"QueryGenerator\":{\"dialect\":\"mysql\",\"OperatorMap\":{},\"_templateSettings\":{\"escape\":{},\"evaluate\":{},\"interpolate\":{},\"variable\":\"\",\"imports\":{}},\"options\":\"~transcation~sequelize~options\",\"OperatorsAliasMap\":false,\"_dialect\":\"~transcation~sequelize~dialect\",\"sequelize\":\"~transcation~sequelize\"}},\"queryInterface\":{\"sequelize\":\"~transcation~sequelize\",\"QueryGenerator\":\"~transcation~sequelize~dialect~QueryGenerator\"},\"models\":{},\"modelManager\":{\"models\":[null,null,null,null,null,null,null,null,null,null,null,null,null,null,null,null,null,null,null,null,null,null,null,null,null,null,null,null,null,null,null,null,null,null,null,null,null],\"sequelize\":\"~transcation~sequelize\"},\"connectionManager\":\"~transcation~sequelize~dialect~connectionManager\",\"importCache\":{},\"test\":{\"_trackRunningQueries\":false,\"_runningQueries\":0}},\"savepoints\":[],\"_afterCommitHooks\":[],\"options\":{\"autocommit\":null,\"type\":\"DEFERRED\",\"isolationLevel\":null,\"readOnly\":false},\"id\":\"1f887f45-86ad-4461-9d61-7927680f7cae\",\"connection\":\"~transcation~sequelize~dialect~connectionManager~pool~_evictionIterator~_cursor~data~obj\"},\"fields\":[\"id\",\"reportPerameterId\",\"interviewExpertId\",\"review\",\"rating\",\"createdAt\",\"updatedAt\"],\"auth\":3}', '[7,8,9]', 3, '2019-02-15 12:08:13', '2019-02-15 12:08:13'),
(88, 'interview_experts', 'update', '{\"where\":{\"id\":\"1\"},\"validate\":true,\"hooks\":true,\"individualHooks\":false,\"returning\":false,\"force\":false,\"sideEffects\":true,\"type\":\"BULKUPDATE\",\"fields\":[\"status\",\"feedback\",\"updatedAt\"],\"attributes\":{\"status\":\"completed\",\"feedback\":\"td\",\"updatedAt\":\"2019-02-15T12:08:13.948Z\"},\"auth\":3}', '{\"id\":\"1\"}', 3, '2019-02-15 12:08:14', '2019-02-15 12:08:14'),
(89, 'interview_users', 'update', '{\"where\":{\"id\":3},\"validate\":true,\"hooks\":true,\"individualHooks\":false,\"returning\":false,\"force\":false,\"sideEffects\":true,\"type\":\"BULKUPDATE\",\"fields\":[\"status\",\"updatedAt\"],\"attributes\":{\"status\":\"Reviewed\",\"updatedAt\":\"2019-02-15T12:08:14.014Z\"},\"auth\":3}', '{\"id\":3}', 3, '2019-02-15 12:08:14', '2019-02-15 12:08:14'),
(90, 'interview_expert_overall_feedback', 'insert', '{\"validate\":false,\"hooks\":true,\"individualHooks\":false,\"ignoreDuplicates\":false,\"transcation\":{\"sequelize\":{\"options\":{\"dialect\":\"mysql\",\"dialectModulePath\":null,\"host\":\"127.0.0.1\",\"protocol\":\"tcp\",\"define\":{},\"query\":{},\"sync\":{},\"timezone\":\"+00:00\",\"omitNull\":false,\"native\":false,\"replication\":false,\"pool\":{},\"quoteIdentifiers\":true,\"hooks\":{\"afterCreate\":[null],\"afterUpdate\":[null],\"afterBulkUpdate\":[null],\"afterBulkCreate\":[null]},\"retry\":{\"max\":5,\"match\":[\"SQLITE_BUSY: database is locked\"]},\"transactionType\":\"DEFERRED\",\"isolationLevel\":null,\"databaseVersion\":\"10.1.37-MariaDB\",\"typeValidation\":false,\"benchmark\":false,\"operatorsAliases\":false,\"username\":\"root\",\"password\":null,\"database\":\"testdb5\"},\"config\":{\"database\":\"testdb5\",\"username\":\"root\",\"password\":null,\"host\":\"127.0.0.1\",\"port\":3306,\"pool\":\"~transcation~sequelize~options~pool\",\"protocol\":\"tcp\",\"native\":false,\"replication\":false,\"dialectModulePath\":null},\"dialect\":{\"sequelize\":\"~transcation~sequelize\",\"connectionManager\":{\"sequelize\":\"~transcation~sequelize\",\"config\":{\"database\":\"testdb5\",\"username\":\"root\",\"password\":null,\"host\":\"127.0.0.1\",\"pool\":{\"max\":5,\"min\":0,\"idle\":10000,\"acquire\":10000,\"evict\":10000,\"handleDisconnects\":true},\"protocol\":\"tcp\",\"native\":false,\"replication\":false,\"dialectModulePath\":null},\"dialect\":\"~transcation~sequelize~dialect\",\"versionPromise\":null,\"dialectName\":\"mysql\",\"pool\":{\"_events\":{},\"_eventsCount\":0,\"_config\":{\"fifo\":true,\"priorityRange\":1,\"testOnBorrow\":true,\"testOnReturn\":false,\"autostart\":false,\"acquireTimeoutMillis\":10000,\"max\":5,\"min\":0,\"evictionRunIntervalMillis\":10000,\"numTestsPerEvictionRun\":3,\"softIdleTimeoutMillis\":-1,\"idleTimeoutMillis\":10000},\"_factory\":{},\"_draining\":false,\"_started\":true,\"_waitingClientsQueue\":{\"_size\":1,\"_slots\":[{\"_list\":{\"head\":null,\"tail\":null,\"length\":0}}]},\"_factoryCreateOperations\":{},\"_factoryDestroyOperations\":{},\"_availableObjects\":{\"_list\":{\"head\":{\"prev\":null,\"next\":null,\"data\":{\"creationTime\":1550232524997,\"lastReturnTime\":1550232525059,\"lastBorrowTime\":1550232524997,\"lastIdleTime\":1550232525059,\"obj\":{\"_events\":{},\"_eventsCount\":1,\"config\":{\"host\":\"127.0.0.1\",\"port\":3306,\"user\":\"root\",\"database\":\"testdb5\",\"connectTimeout\":10000,\"insecureAuth\":false,\"supportBigNumbers\":true,\"bigNumberStrings\":false,\"decimalNumbers\":false,\"dateStrings\":false,\"trace\":true,\"stringifyObjects\":false,\"timezone\":\"+00:00\",\"ssl\":false,\"multipleStatements\":false,\"rowsAsArray\":false,\"namedPlaceholders\":false,\"maxPacketSize\":0,\"charsetNumber\":224,\"compress\":false,\"clientFlags\":8582093,\"maxPreparedStatements\":16000},\"stream\":{\"connecting\":false,\"_hadError\":false,\"_handle\":{\"reading\":true,\"onconnection\":null},\"_parent\":null,\"_host\":null,\"_readableState\":{\"objectMode\":false,\"highWaterMark\":16384,\"buffer\":{\"head\":null,\"tail\":null,\"length\":0},\"length\":0,\"pipes\":null,\"pipesCount\":0,\"flowing\":true,\"ended\":false,\"endEmitted\":false,\"reading\":true,\"sync\":false,\"needReadable\":true,\"emittedReadable\":false,\"readableListening\":false,\"resumeScheduled\":false,\"emitClose\":false,\"destroyed\":false,\"defaultEncoding\":\"utf8\",\"awaitDrain\":0,\"readingMore\":false,\"decoder\":null,\"encoding\":null},\"readable\":true,\"_events\":{},\"_eventsCount\":4,\"_writableState\":{\"objectMode\":false,\"highWaterMark\":16384,\"finalCalled\":false,\"needDrain\":false,\"ending\":false,\"ended\":false,\"finished\":false,\"destroyed\":false,\"decodeStrings\":false,\"defaultEncoding\":\"utf8\",\"length\":0,\"writing\":false,\"corked\":0,\"sync\":false,\"bufferProcessing\":false,\"writecb\":null,\"writelen\":0,\"bufferedRequest\":null,\"lastBufferedRequest\":null,\"pendingcb\":0,\"prefinished\":false,\"errorEmitted\":false,\"emitClose\":false,\"bufferedRequestCount\":0,\"corkedRequestsFree\":{\"next\":null,\"entry\":null}},\"writable\":true,\"allowHalfOpen\":false,\"_sockname\":null,\"_pendingData\":null,\"_pendingEncoding\":\"\",\"server\":null,\"_server\":null},\"_internalId\":160,\"_commands\":{\"_head\":0,\"_tail\":0,\"_capacityMask\":3,\"_list\":[null,null,null,null]},\"_paused\":false,\"_paused_packets\":{\"_head\":0,\"_tail\":0,\"_capacityMask\":3,\"_list\":[null,null,null,null]},\"_statements\":{},\"serverCapabilityFlags\":2688546815,\"authorized\":true,\"sequenceId\":2,\"compressedSequenceId\":0,\"threadId\":317,\"_handshakePacket\":{\"protocolVersion\":10,\"serverVersion\":\"5.5.5-10.1.37-MariaDB\",\"capabilityFlags\":2688546815,\"connectionId\":317,\"authPluginData1\":{\"type\":\"Buffer\",\"data\":[125,33,39,64,77,67,72,125]},\"authPluginData2\":{\"type\":\"Buffer\",\"data\":[96,74,47,76,112,113,99,33,116,74,82,64]},\"characterSet\":8,\"statusFlags\":2},\"_fatalError\":null,\"_protocolError\":null,\"_outOfOrderPackets\":[],\"clientEncoding\":\"utf8\",\"packetParser\":{\"buffer\":[],\"bufferLength\":0,\"packetHeaderLength\":4,\"headerLen\":0,\"length\":46,\"largePacketParts\":[],\"firstPacketSequenceId\":0},\"serverEncoding\":\"latin1\",\"connectTimeout\":null,\"connectionId\":317},\"state\":\"IDLE\"}},\"tail\":\"~transcation~sequelize~dialect~connectionManager~pool~_availableObjects~_list~head\",\"length\":1}},\"_testOnBorrowResources\":{},\"_testOnReturnResources\":{},\"_validationOperations\":{},\"_allObjects\":{},\"_resourceLoans\":{},\"_evictionIterator\":{\"_list\":\"~transcation~sequelize~dialect~connectionManager~pool~_availableObjects~_list\",\"_direction\":\"next\",\"_startPosition\":\"head\",\"_started\":true,\"_cursor\":{\"prev\":null,\"next\":null,\"data\":{\"creationTime\":1550232472639,\"lastReturnTime\":1550232494131,\"lastBorrowTime\":1550232494082,\"lastIdleTime\":1550232494131,\"obj\":{\"_events\":{},\"_eventsCount\":1,\"config\":{\"host\":\"127.0.0.1\",\"port\":3306,\"user\":\"root\",\"database\":\"testdb5\",\"connectTimeout\":10000,\"insecureAuth\":false,\"supportBigNumbers\":true,\"bigNumberStrings\":false,\"decimalNumbers\":false,\"dateStrings\":false,\"trace\":true,\"stringifyObjects\":false,\"timezone\":\"+00:00\",\"ssl\":false,\"multipleStatements\":false,\"rowsAsArray\":false,\"namedPlaceholders\":false,\"maxPacketSize\":0,\"charsetNumber\":224,\"compress\":false,\"clientFlags\":8582093,\"maxPreparedStatements\":16000},\"stream\":{\"connecting\":false,\"_hadError\":false,\"_handle\":null,\"_parent\":null,\"_host\":null,\"_readableState\":{\"objectMode\":false,\"highWaterMark\":16384,\"buffer\":{\"head\":null,\"tail\":null,\"length\":0},\"length\":0,\"pipes\":null,\"pipesCount\":0,\"flowing\":true,\"ended\":true,\"endEmitted\":true,\"reading\":false,\"sync\":false,\"needReadable\":false,\"emittedReadable\":false,\"readableListening\":false,\"resumeScheduled\":false,\"emitClose\":false,\"destroyed\":true,\"defaultEncoding\":\"utf8\",\"awaitDrain\":0,\"readingMore\":false,\"decoder\":null,\"encoding\":null},\"readable\":false,\"_events\":{},\"_eventsCount\":4,\"_writableState\":{\"objectMode\":false,\"highWaterMark\":16384,\"finalCalled\":true,\"needDrain\":false,\"ending\":true,\"ended\":true,\"finished\":true,\"destroyed\":true,\"decodeStrings\":false,\"defaultEncoding\":\"utf8\",\"length\":0,\"writing\":false,\"corked\":0,\"sync\":false,\"bufferProcessing\":false,\"writecb\":null,\"writelen\":0,\"bufferedRequest\":null,\"lastBufferedRequest\":null,\"pendingcb\":0,\"prefinished\":true,\"errorEmitted\":false,\"emitClose\":false,\"bufferedRequestCount\":0,\"corkedRequestsFree\":{\"next\":null,\"entry\":null}},\"writable\":false,\"allowHalfOpen\":false,\"_sockname\":null,\"_pendingData\":null,\"_pendingEncoding\":\"\",\"server\":null,\"_server\":null},\"_internalId\":157,\"_commands\":{\"_head\":0,\"_tail\":0,\"_capacityMask\":3,\"_list\":[null,null,null,null]},\"_paused\":false,\"_paused_packets\":{\"_head\":0,\"_tail\":0,\"_capacityMask\":3,\"_list\":[null,null,null,null]},\"_statements\":{},\"serverCapabilityFlags\":2688546815,\"authorized\":true,\"sequenceId\":1,\"compressedSequenceId\":0,\"threadId\":302,\"_handshakePacket\":{\"protocolVersion\":10,\"serverVersion\":\"5.5.5-10.1.37-MariaDB\",\"capabilityFlags\":2688546815,\"connectionId\":302,\"authPluginData1\":{\"type\":\"Buffer\",\"data\":[67,90,121,118,97,100,81,72]},\"authPluginData2\":{\"type\":\"Buffer\",\"data\":[84,79,110,92,96,80,81,35,89,120,111,70]},\"characterSet\":8,\"statusFlags\":2},\"_fatalError\":null,\"_protocolError\":null,\"_outOfOrderPackets\":[],\"clientEncoding\":\"utf8\",\"packetParser\":{\"buffer\":[],\"bufferLength\":0,\"packetHeaderLength\":4,\"headerLen\":0,\"length\":7,\"largePacketParts\":[],\"firstPacketSequenceId\":0},\"serverEncoding\":\"latin1\",\"connectTimeout\":null,\"connectionId\":302,\"_closing\":true},\"state\":\"INVALID\"}},\"_done\":false},\"_evictor\":{},\"_scheduledEviction\":{\"_called\":false,\"_idleTimeout\":10000,\"_idlePrev\":{\"_idleNext\":\"~transcation~sequelize~dialect~connectionManager~pool~_scheduledEviction\",\"_idlePrev\":\"~transcation~sequelize~dialect~connectionManager~pool~_scheduledEviction\",\"_unrefed\":false,\"msecs\":10000,\"_timer\":{\"_list\":\"~transcation~sequelize~dialect~connectionManager~pool~_scheduledEviction~_idlePrev\"}},\"_idleNext\":\"~transcation~sequelize~dialect~connectionManager~pool~_scheduledEviction~_idlePrev\",\"_idleStart\":17278028,\"_repeat\":null,\"_destroyed\":false}},\"lib\":{\"Types\":{\"DECIMAL\":0,\"TINY\":1,\"SHORT\":2,\"LONG\":3,\"FLOAT\":4,\"DOUBLE\":5,\"NULL\":6,\"TIMESTAMP\":7,\"LONGLONG\":8,\"INT24\":9,\"DATE\":10,\"TIME\":11,\"DATETIME\":12,\"YEAR\":13,\"NEWDATE\":14,\"VARCHAR\":15,\"BIT\":16,\"JSON\":245,\"NEWDECIMAL\":246,\"ENUM\":247,\"SET\":248,\"TINY_BLOB\":249,\"MEDIUM_BLOB\":250,\"LONG_BLOB\":251,\"BLOB\":252,\"VAR_STRING\":253,\"STRING\":254,\"GEOMETRY\":255},\"Charsets\":{\"BIG5_CHINESE_CI\":1,\"LATIN2_CZECH_CS\":2,\"DEC8_SWEDISH_CI\":3,\"CP850_GENERAL_CI\":4,\"LATIN1_GERMAN1_CI\":5,\"HP8_ENGLISH_CI\":6,\"KOI8R_GENERAL_CI\":7,\"LATIN1_SWEDISH_CI\":8,\"LATIN2_GENERAL_CI\":9,\"SWE7_SWEDISH_CI\":10,\"ASCII_GENERAL_CI\":11,\"UJIS_JAPANESE_CI\":12,\"SJIS_JAPANESE_CI\":13,\"CP1251_BULGARIAN_CI\":14,\"LATIN1_DANISH_CI\":15,\"HEBREW_GENERAL_CI\":16,\"TIS620_THAI_CI\":18,\"EUCKR_KOREAN_CI\":19,\"LATIN7_ESTONIAN_CS\":20,\"LATIN2_HUNGARIAN_CI\":21,\"KOI8U_GENERAL_CI\":22,\"CP1251_UKRAINIAN_CI\":23,\"GB2312_CHINESE_CI\":24,\"GREEK_GENERAL_CI\":25,\"CP1250_GENERAL_CI\":26,\"LATIN2_CROATIAN_CI\":27,\"GBK_CHINESE_CI\":28,\"CP1257_LITHUANIAN_CI\":29,\"LATIN5_TURKISH_CI\":30,\"LATIN1_GERMAN2_CI\":31,\"ARMSCII8_GENERAL_CI\":32,\"UTF8_GENERAL_CI\":33,\"CP1250_CZECH_CS\":34,\"UCS2_GENERAL_CI\":35,\"CP866_GENERAL_CI\":36,\"KEYBCS2_GENERAL_CI\":37,\"MACCE_GENERAL_CI\":38,\"MACROMAN_GENERAL_CI\":39,\"CP852_GENERAL_CI\":40,\"LATIN7_GENERAL_CI\":41,\"LATIN7_GENERAL_CS\":42,\"MACCE_BIN\":43,\"CP1250_CROATIAN_CI\":44,\"UTF8MB4_GENERAL_CI\":45,\"UTF8MB4_BIN\":46,\"LATIN1_BIN\":47,\"LATIN1_GENERAL_CI\":48,\"LATIN1_GENERAL_CS\":49,\"CP1251_BIN\":50,\"CP1251_GENERAL_CI\":51,\"CP1251_GENERAL_CS\":52,\"MACROMAN_BIN\":53,\"UTF16_GENERAL_CI\":54,\"UTF16_BIN\":55,\"UTF16LE_GENERAL_CI\":56,\"CP1256_GENERAL_CI\":57,\"CP1257_BIN\":58,\"CP1257_GENERAL_CI\":59,\"UTF32_GENERAL_CI\":60,\"UTF32_BIN\":61,\"UTF16LE_BIN\":62,\"BINARY\":63,\"ARMSCII8_BIN\":64,\"ASCII_BIN\":65,\"CP1250_BIN\":66,\"CP1256_BIN\":67,\"CP866_BIN\":68,\"DEC8_BIN\":69,\"GREEK_BIN\":70,\"HEBREW_BIN\":71,\"HP8_BIN\":72,\"KEYBCS2_BIN\":73,\"KOI8R_BIN\":74,\"KOI8U_BIN\":75,\"UTF8_TOLOWER_CI\":76,\"LATIN2_BIN\":77,\"LATIN5_BIN\":78,\"LATIN7_BIN\":79,\"CP850_BIN\":80,\"CP852_BIN\":81,\"SWE7_BIN\":82,\"UTF8_BIN\":83,\"BIG5_BIN\":84,\"EUCKR_BIN\":85,\"GB2312_BIN\":86,\"GBK_BIN\":87,\"SJIS_BIN\":88,\"TIS620_BIN\":89,\"UCS2_BIN\":90,\"UJIS_BIN\":91,\"GEOSTD8_GENERAL_CI\":92,\"GEOSTD8_BIN\":93,\"LATIN1_SPANISH_CI\":94,\"CP932_JAPANESE_CI\":95,\"CP932_BIN\":96,\"EUCJPMS_JAPANESE_CI\":97,\"EUCJPMS_BIN\":98,\"CP1250_POLISH_CI\":99,\"UTF16_UNICODE_CI\":101,\"UTF16_ICELANDIC_CI\":102,\"UTF16_LATVIAN_CI\":103,\"UTF16_ROMANIAN_CI\":104,\"UTF16_SLOVENIAN_CI\":105,\"UTF16_POLISH_CI\":106,\"UTF16_ESTONIAN_CI\":107,\"UTF16_SPANISH_CI\":108,\"UTF16_SWEDISH_CI\":109,\"UTF16_TURKISH_CI\":110,\"UTF16_CZECH_CI\":111,\"UTF16_DANISH_CI\":112,\"UTF16_LITHUANIAN_CI\":113,\"UTF16_SLOVAK_CI\":114,\"UTF16_SPANISH2_CI\":115,\"UTF16_ROMAN_CI\":116,\"UTF16_PERSIAN_CI\":117,\"UTF16_ESPERANTO_CI\":118,\"UTF16_HUNGARIAN_CI\":119,\"UTF16_SINHALA_CI\":120,\"UTF16_GERMAN2_CI\":121,\"UTF16_CROATIAN_CI\":122,\"UTF16_UNICODE_520_CI\":123,\"UTF16_VIETNAMESE_CI\":124,\"UCS2_UNICODE_CI\":128,\"UCS2_ICELANDIC_CI\":129,\"UCS2_LATVIAN_CI\":130,\"UCS2_ROMANIAN_CI\":131,\"UCS2_SLOVENIAN_CI\":132,\"UCS2_POLISH_CI\":133,\"UCS2_ESTONIAN_CI\":134,\"UCS2_SPANISH_CI\":135,\"UCS2_SWEDISH_CI\":136,\"UCS2_TURKISH_CI\":137,\"UCS2_CZECH_CI\":138,\"UCS2_DANISH_CI\":139,\"UCS2_LITHUANIAN_CI\":140,\"UCS2_SLOVAK_CI\":141,\"UCS2_SPANISH2_CI\":142,\"UCS2_ROMAN_CI\":143,\"UCS2_PERSIAN_CI\":144,\"UCS2_ESPERANTO_CI\":145,\"UCS2_HUNGARIAN_CI\":146,\"UCS2_SINHALA_CI\":147,\"UCS2_GERMAN2_CI\":148,\"UCS2_CROATIAN_CI\":149,\"UCS2_UNICODE_520_CI\":150,\"UCS2_VIETNAMESE_CI\":151,\"UCS2_GENERAL_MYSQL500_CI\":159,\"UTF32_UNICODE_CI\":160,\"UTF32_ICELANDIC_CI\":161,\"UTF32_LATVIAN_CI\":162,\"UTF32_ROMANIAN_CI\":163,\"UTF32_SLOVENIAN_CI\":164,\"UTF32_POLISH_CI\":165,\"UTF32_ESTONIAN_CI\":166,\"UTF32_SPANISH_CI\":167,\"UTF32_SWEDISH_CI\":168,\"UTF32_TURKISH_CI\":169,\"UTF32_CZECH_CI\":170,\"UTF32_DANISH_CI\":171,\"UTF32_LITHUANIAN_CI\":172,\"UTF32_SLOVAK_CI\":173,\"UTF32_SPANISH2_CI\":174,\"UTF32_ROMAN_CI\":175,\"UTF32_PERSIAN_CI\":176,\"UTF32_ESPERANTO_CI\":177,\"UTF32_HUNGARIAN_CI\":178,\"UTF32_SINHALA_CI\":179,\"UTF32_GERMAN2_CI\":180,\"UTF32_CROATIAN_CI\":181,\"UTF32_UNICODE_520_CI\":182,\"UTF32_VIETNAMESE_CI\":183,\"UTF8_UNICODE_CI\":192,\"UTF8_ICELANDIC_CI\":193,\"UTF8_LATVIAN_CI\":194,\"UTF8_ROMANIAN_CI\":195,\"UTF8_SLOVENIAN_CI\":196,\"UTF8_POLISH_CI\":197,\"UTF8_ESTONIAN_CI\":198,\"UTF8_SPANISH_CI\":199,\"UTF8_SWEDISH_CI\":200,\"UTF8_TURKISH_CI\":201,\"UTF8_CZECH_CI\":202,\"UTF8_DANISH_CI\":203,\"UTF8_LITHUANIAN_CI\":204,\"UTF8_SLOVAK_CI\":205,\"UTF8_SPANISH2_CI\":206,\"UTF8_ROMAN_CI\":207,\"UTF8_PERSIAN_CI\":208,\"UTF8_ESPERANTO_CI\":209,\"UTF8_HUNGARIAN_CI\":210,\"UTF8_SINHALA_CI\":211,\"UTF8_GERMAN2_CI\":212,\"UTF8_CROATIAN_CI\":213,\"UTF8_UNICODE_520_CI\":214,\"UTF8_VIETNAMESE_CI\":215,\"UTF8_GENERAL_MYSQL500_CI\":223,\"UTF8MB4_UNICODE_CI\":224,\"UTF8MB4_ICELANDIC_CI\":225,\"UTF8MB4_LATVIAN_CI\":226,\"UTF8MB4_ROMANIAN_CI\":227,\"UTF8MB4_SLOVENIAN_CI\":228,\"UTF8MB4_POLISH_CI\":229,\"UTF8MB4_ESTONIAN_CI\":230,\"UTF8MB4_SPANISH_CI\":231,\"UTF8MB4_SWEDISH_CI\":232,\"UTF8MB4_TURKISH_CI\":233,\"UTF8MB4_CZECH_CI\":234,\"UTF8MB4_DANISH_CI\":235,\"UTF8MB4_LITHUANIAN_CI\":236,\"UTF8MB4_SLOVAK_CI\":237,\"UTF8MB4_SPANISH2_CI\":238,\"UTF8MB4_ROMAN_CI\":239,\"UTF8MB4_PERSIAN_CI\":240,\"UTF8MB4_ESPERANTO_CI\":241,\"UTF8MB4_HUNGARIAN_CI\":242,\"UTF8MB4_SINHALA_CI\":243,\"UTF8MB4_GERMAN2_CI\":244,\"UTF8MB4_CROATIAN_CI\":245,\"UTF8MB4_UNICODE_520_CI\":246,\"UTF8MB4_VIETNAMESE_CI\":247,\"GB18030_CHINESE_CI\":248,\"GB18030_BIN\":249,\"GB18030_UNICODE_520_CI\":250,\"UTF8_GENERAL50_CI\":253,\"UTF8MB4_0900_AI_CI\":255,\"UTF8MB4_CS_0900_AI_CI\":266,\"UTF8MB4_DA_0900_AI_CI\":267,\"UTF8MB4_DE_PB_0900_AI_CI\":256,\"UTF8MB4_EO_0900_AI_CI\":273,\"UTF8MB4_ES_0900_AI_CI\":263,\"UTF8MB4_ES_TRAD_0900_AI_CI\":270,\"UTF8MB4_ET_0900_AI_CI\":262,\"UTF8MB4_HR_0900_AI_CI\":275,\"UTF8MB4_HU_0900_AI_CI\":274,\"UTF8MB4_IS_0900_AI_CI\":257,\"UTF8MB4_LA_0900_AI_CI\":271,\"UTF8MB4_LT_0900_AI_CI\":268,\"UTF8MB4_LV_0900_AI_CI\":258,\"UTF8MB4_PL_0900_AI_CI\":261,\"UTF8MB4_RO_0900_AI_CI\":259,\"UTF8MB4_SK_0900_AI_CI\":269,\"UTF8MB4_SL_0900_AI_CI\":260,\"UTF8MB4_SV_0900_AI_CI\":264,\"UTF8MB4_TR_0900_AI_CI\":265,\"UTF8MB4_VI_0900_AI_CI\":277,\"BIG5\":1,\"DEC8\":3,\"CP850\":4,\"HP8\":6,\"KOI8R\":7,\"LATIN1\":8,\"LATIN2\":9,\"SWE7\":10,\"ASCII\":11,\"UJIS\":12,\"SJIS\":13,\"HEBREW\":16,\"TIS620\":18,\"EUCKR\":19,\"KOI8U\":22,\"GB2312\":24,\"GREEK\":25,\"CP1250\":26,\"GBK\":28,\"LATIN5\":30,\"ARMSCII8\":32,\"UTF8\":33,\"UCS2\":35,\"CP866\":36,\"KEYBCS2\":37,\"MACCE\":38,\"MACROMAN\":39,\"CP852\":40,\"LATIN7\":41,\"UTF8MB4\":45,\"CP1251\":51,\"UTF16\":54,\"UTF16LE\":56,\"CP1256\":57,\"CP1257\":59,\"UTF32\":60,\"CP932\":95,\"EUCJPMS\":97,\"GB18030\":248,\"GEOSTD8\":92},\"CharsetToEncoding\":[\"utf8\",\"big5\",\"latin2\",\"dec8\",\"cp850\",\"latin1\",\"hp8\",\"koi8r\",\"latin1\",\"latin2\",\"swe7\",\"ascii\",\"eucjp\",\"sjis\",\"cp1251\",\"latin1\",\"hebrew\",\"utf8\",\"tis620\",\"euckr\",\"latin7\",\"latin2\",\"koi8u\",\"cp1251\",\"gb2312\",\"greek\",\"cp1250\",\"latin2\",\"gbk\",\"cp1257\",\"latin5\",\"latin1\",\"armscii8\",\"cesu8\",\"cp1250\",\"ucs2\",\"cp866\",\"keybcs2\",\"macintosh\",\"macroman\",\"cp852\",\"latin7\",\"latin7\",\"macintosh\",\"cp1250\",\"utf8\",\"utf8\",\"latin1\",\"latin1\",\"latin1\",\"cp1251\",\"cp1251\",\"cp1251\",\"macroman\",\"utf16\",\"utf16\",\"utf16-le\",\"cp1256\",\"cp1257\",\"cp1257\",\"utf32\",\"utf32\",\"utf16-le\",\"binary\",\"armscii8\",\"ascii\",\"cp1250\",\"cp1256\",\"cp866\",\"dec8\",\"greek\",\"hebrew\",\"hp8\",\"keybcs2\",\"koi8r\",\"koi8u\",\"cesu8\",\"latin2\",\"latin5\",\"latin7\",\"cp850\",\"cp852\",\"swe7\",\"cesu8\",\"big5\",\"euckr\",\"gb2312\",\"gbk\",\"sjis\",\"tis620\",\"ucs2\",\"eucjp\",\"geostd8\",\"geostd8\",\"latin1\",\"cp932\",\"cp932\",\"eucjpms\",\"eucjpms\",\"cp1250\",\"utf8\",\"utf16\",\"utf16\",\"utf16\",\"utf16\",\"utf16\",\"utf16\",\"utf16\",\"utf16\",\"utf16\",\"utf16\",\"utf16\",\"utf16\",\"utf16\",\"utf16\",\"utf16\",\"utf16\",\"utf16\",\"utf16\",\"utf16\",\"utf16\",\"utf16\",\"utf16\",\"utf16\",\"utf16\",\"utf8\",\"utf8\",\"utf8\",\"ucs2\",\"ucs2\",\"ucs2\",\"ucs2\",\"ucs2\",\"ucs2\",\"ucs2\",\"ucs2\",\"ucs2\",\"ucs2\",\"ucs2\",\"ucs2\",\"ucs2\",\"ucs2\",\"ucs2\",\"ucs2\",\"ucs2\",\"ucs2\",\"ucs2\",\"ucs2\",\"ucs2\",\"ucs2\",\"ucs2\",\"ucs2\",\"utf8\",\"utf8\",\"utf8\",\"utf8\",\"utf8\",\"utf8\",\"utf8\",\"ucs2\",\"utf32\",\"utf32\",\"utf32\",\"utf32\",\"utf32\",\"utf32\",\"utf32\",\"utf32\",\"utf32\",\"utf32\",\"utf32\",\"utf32\",\"utf32\",\"utf32\",\"utf32\",\"utf32\",\"utf32\",\"utf32\",\"utf32\",\"utf32\",\"utf32\",\"utf32\",\"utf32\",\"utf32\",\"utf8\",\"utf8\",\"utf8\",\"utf8\",\"utf8\",\"utf8\",\"utf8\",\"utf8\",\"cesu8\",\"cesu8\",\"cesu8\",\"cesu8\",\"cesu8\",\"cesu8\",\"cesu8\",\"cesu8\",\"cesu8\",\"cesu8\",\"cesu8\",\"cesu8\",\"cesu8\",\"cesu8\",\"cesu8\",\"cesu8\",\"cesu8\",\"cesu8\",\"cesu8\",\"cesu8\",\"cesu8\",\"cesu8\",\"cesu8\",\"cesu8\",\"utf8\",\"utf8\",\"utf8\",\"utf8\",\"utf8\",\"utf8\",\"utf8\",\"cesu8\",\"utf8\",\"utf8\",\"utf8\",\"utf8\",\"utf8\",\"utf8\",\"utf8\",\"utf8\",\"utf8\",\"utf8\",\"utf8\",\"utf8\",\"utf8\",\"utf8\",\"utf8\",\"utf8\",\"utf8\",\"utf8\",\"utf8\",\"utf8\",\"utf8\",\"utf8\",\"utf8\",\"utf8\",\"gb18030\",\"gb18030\",\"gb18030\",\"utf8\",\"utf8\",\"utf8\",\"utf8\",\"utf8\",\"utf8\",\"utf8\",\"utf8\",\"utf8\",\"utf8\",\"utf8\",\"utf8\",\"utf8\",\"utf8\",\"utf8\",\"utf8\",\"utf8\",\"utf8\",\"utf8\",\"utf8\",\"utf8\",\"utf8\",\"utf8\",\"utf8\",\"utf8\",\"utf8\",\"utf8\",\"utf8\",\"utf8\",\"utf8\",\"utf8\",\"utf8\",\"utf8\",\"utf8\",\"utf8\",\"utf8\",\"utf8\",\"utf8\",\"utf8\",\"utf8\",\"utf8\",\"utf8\",\"utf8\",\"utf8\",\"utf8\",\"utf8\",\"utf8\",\"utf8\",\"utf8\",\"utf8\",\"utf8\",\"utf8\",\"utf8\",\"utf8\",\"utf8\"]}},\"QueryGenerator\":{\"dialect\":\"mysql\",\"OperatorMap\":{},\"_templateSettings\":{\"escape\":{},\"evaluate\":{},\"interpolate\":{},\"variable\":\"\",\"imports\":{}},\"options\":\"~transcation~sequelize~options\",\"OperatorsAliasMap\":false,\"_dialect\":\"~transcation~sequelize~dialect\",\"sequelize\":\"~transcation~sequelize\"}},\"queryInterface\":{\"sequelize\":\"~transcation~sequelize\",\"QueryGenerator\":\"~transcation~sequelize~dialect~QueryGenerator\"},\"models\":{},\"modelManager\":{\"models\":[null,null,null,null,null,null,null,null,null,null,null,null,null,null,null,null,null,null,null,null,null,null,null,null,null,null,null,null,null,null,null,null,null,null,null,null,null],\"sequelize\":\"~transcation~sequelize\"},\"connectionManager\":\"~transcation~sequelize~dialect~connectionManager\",\"importCache\":{},\"test\":{\"_trackRunningQueries\":false,\"_runningQueries\":0}},\"savepoints\":[],\"_afterCommitHooks\":[],\"options\":{\"autocommit\":null,\"type\":\"DEFERRED\",\"isolationLevel\":null,\"readOnly\":false},\"id\":\"4a4ea91f-cd7a-4619-ac1d-51793b568f97\",\"connection\":{\"_events\":{},\"_eventsCount\":1,\"config\":{\"host\":\"127.0.0.1\",\"port\":3306,\"user\":\"root\",\"database\":\"testdb5\",\"connectTimeout\":10000,\"insecureAuth\":false,\"supportBigNumbers\":true,\"bigNumberStrings\":false,\"decimalNumbers\":false,\"dateStrings\":false,\"trace\":true,\"stringifyObjects\":false,\"timezone\":\"+00:00\",\"ssl\":false,\"multipleStatements\":false,\"rowsAsArray\":false,\"namedPlaceholders\":false,\"maxPacketSize\":0,\"charsetNumber\":224,\"compress\":false,\"clientFlags\":8582093,\"maxPreparedStatements\":16000},\"stream\":{\"connecting\":false,\"_hadError\":false,\"_handle\":{\"reading\":true,\"onconnection\":null},\"_parent\":null,\"_host\":null,\"_readableState\":{\"objectMode\":false,\"highWaterMark\":16384,\"buffer\":{\"head\":null,\"tail\":null,\"length\":0},\"length\":0,\"pipes\":null,\"pipesCount\":0,\"flowing\":true,\"ended\":false,\"endEmitted\":false,\"reading\":true,\"sync\":false,\"needReadable\":true,\"emittedReadable\":false,\"readableListening\":false,\"resumeScheduled\":false,\"emitClose\":false,\"destroyed\":false,\"defaultEncoding\":\"utf8\",\"awaitDrain\":0,\"readingMore\":false,\"decoder\":null,\"encoding\":null},\"readable\":true,\"_events\":{},\"_eventsCount\":4,\"_writableState\":{\"objectMode\":false,\"highWaterMark\":16384,\"finalCalled\":false,\"needDrain\":false,\"ending\":false,\"ended\":false,\"finished\":false,\"destroyed\":false,\"decodeStrings\":false,\"defaultEncoding\":\"utf8\",\"length\":0,\"writing\":false,\"corked\":0,\"sync\":false,\"bufferProcessing\":false,\"writecb\":null,\"writelen\":0,\"bufferedRequest\":null,\"lastBufferedRequest\":null,\"pendingcb\":0,\"prefinished\":false,\"errorEmitted\":false,\"emitClose\":false,\"bufferedRequestCount\":0,\"corkedRequestsFree\":{\"next\":null,\"entry\":null}},\"writable\":true,\"allowHalfOpen\":false,\"_sockname\":null,\"_pendingData\":null,\"_pendingEncoding\":\"\",\"server\":null,\"_server\":null},\"_internalId\":159,\"_commands\":{\"_head\":0,\"_tail\":0,\"_capacityMask\":3,\"_list\":[null,null,null,null]},\"_paused\":false,\"_paused_packets\":{\"_head\":0,\"_tail\":0,\"_capacityMask\":3,\"_list\":[null,null,null,null]},\"_statements\":{},\"serverCapabilityFlags\":2688546815,\"authorized\":true,\"sequenceId\":2,\"compressedSequenceId\":0,\"threadId\":316,\"_handshakePacket\":{\"protocolVersion\":10,\"serverVersion\":\"5.5.5-10.1.37-MariaDB\",\"capabilityFlags\":2688546815,\"connectionId\":316,\"authPluginData1\":{\"type\":\"Buffer\",\"data\":[124,75,64,62,84,111,81,39]},\"authPluginData2\":{\"type\":\"Buffer\",\"data\":[106,102,63,69,126,106,120,63,110,48,66,60]},\"characterSet\":8,\"statusFlags\":2},\"_fatalError\":null,\"_protocolError\":null,\"_outOfOrderPackets\":[],\"clientEncoding\":\"utf8\",\"packetParser\":{\"buffer\":[],\"bufferLength\":0,\"packetHeaderLength\":4,\"headerLen\":0,\"length\":7,\"largePacketParts\":[],\"firstPacketSequenceId\":0},\"serverEncoding\":\"latin1\",\"connectTimeout\":null,\"connectionId\":316,\"uuid\":\"4a4ea91f-cd7a-4619-ac1d-51793b568f97\"}},\"fields\":[\"id\",\"reportPerameterId\",\"interviewExpertId\",\"review\",\"rating\",\"createdAt\",\"updatedAt\"],\"auth\":3}', '[10,11,12]', 3, '2019-02-15 12:08:45', '2019-02-15 12:08:45'),
(91, 'interview_experts', 'update', '{\"where\":{\"id\":\"1\"},\"validate\":true,\"hooks\":true,\"individualHooks\":false,\"returning\":false,\"force\":false,\"sideEffects\":true,\"type\":\"BULKUPDATE\",\"fields\":[\"status\",\"feedback\",\"updatedAt\"],\"attributes\":{\"status\":\"completed\",\"feedback\":\"hiiii\",\"updatedAt\":\"2019-02-15T12:08:45.870Z\"},\"auth\":3}', '{\"id\":\"1\"}', 3, '2019-02-15 12:08:45', '2019-02-15 12:08:45');
INSERT INTO `logs` (`id`, `tableName`, `action`, `remarks`, `respectiveId`, `userId`, `createdAt`, `updatedAt`) VALUES
(92, 'interview_users', 'update', '{\"where\":{\"id\":3},\"validate\":true,\"hooks\":true,\"individualHooks\":false,\"returning\":false,\"force\":false,\"sideEffects\":true,\"type\":\"BULKUPDATE\",\"fields\":[\"status\",\"updatedAt\"],\"attributes\":{\"status\":\"Reviewed\",\"updatedAt\":\"2019-02-15T12:08:45.960Z\"},\"auth\":3}', '{\"id\":3}', 3, '2019-02-15 12:08:46', '2019-02-15 12:08:46'),
(93, 'interview_expert_overall_feedback', 'insert', '{\"validate\":false,\"hooks\":true,\"individualHooks\":false,\"ignoreDuplicates\":false,\"transcation\":{\"sequelize\":{\"options\":{\"dialect\":\"mysql\",\"dialectModulePath\":null,\"host\":\"127.0.0.1\",\"protocol\":\"tcp\",\"define\":{},\"query\":{},\"sync\":{},\"timezone\":\"+00:00\",\"omitNull\":false,\"native\":false,\"replication\":false,\"pool\":{},\"quoteIdentifiers\":true,\"hooks\":{\"afterCreate\":[null],\"afterUpdate\":[null],\"afterBulkUpdate\":[null],\"afterBulkCreate\":[null]},\"retry\":{\"max\":5,\"match\":[\"SQLITE_BUSY: database is locked\"]},\"transactionType\":\"DEFERRED\",\"isolationLevel\":null,\"databaseVersion\":\"10.1.37-MariaDB\",\"typeValidation\":false,\"benchmark\":false,\"operatorsAliases\":false,\"username\":\"root\",\"password\":null,\"database\":\"testdb5\"},\"config\":{\"database\":\"testdb5\",\"username\":\"root\",\"password\":null,\"host\":\"127.0.0.1\",\"port\":3306,\"pool\":\"~transcation~sequelize~options~pool\",\"protocol\":\"tcp\",\"native\":false,\"replication\":false,\"dialectModulePath\":null},\"dialect\":{\"sequelize\":\"~transcation~sequelize\",\"connectionManager\":{\"sequelize\":\"~transcation~sequelize\",\"config\":{\"database\":\"testdb5\",\"username\":\"root\",\"password\":null,\"host\":\"127.0.0.1\",\"pool\":{\"max\":5,\"min\":0,\"idle\":10000,\"acquire\":10000,\"evict\":10000,\"handleDisconnects\":true},\"protocol\":\"tcp\",\"native\":false,\"replication\":false,\"dialectModulePath\":null},\"dialect\":\"~transcation~sequelize~dialect\",\"versionPromise\":null,\"dialectName\":\"mysql\",\"pool\":{\"_events\":{},\"_eventsCount\":0,\"_config\":{\"fifo\":true,\"priorityRange\":1,\"testOnBorrow\":true,\"testOnReturn\":false,\"autostart\":false,\"acquireTimeoutMillis\":10000,\"max\":5,\"min\":0,\"evictionRunIntervalMillis\":10000,\"numTestsPerEvictionRun\":3,\"softIdleTimeoutMillis\":-1,\"idleTimeoutMillis\":10000},\"_factory\":{},\"_draining\":false,\"_started\":true,\"_waitingClientsQueue\":{\"_size\":1,\"_slots\":[{\"_list\":{\"head\":null,\"tail\":null,\"length\":0}}]},\"_factoryCreateOperations\":{},\"_factoryDestroyOperations\":{},\"_availableObjects\":{\"_list\":{\"head\":{\"prev\":null,\"next\":null,\"data\":{\"creationTime\":1550232595764,\"lastReturnTime\":1550232595827,\"lastBorrowTime\":1550232595764,\"lastIdleTime\":1550232595827,\"obj\":{\"_events\":{},\"_eventsCount\":1,\"config\":{\"host\":\"127.0.0.1\",\"port\":3306,\"user\":\"root\",\"database\":\"testdb5\",\"connectTimeout\":10000,\"insecureAuth\":false,\"supportBigNumbers\":true,\"bigNumberStrings\":false,\"decimalNumbers\":false,\"dateStrings\":false,\"trace\":true,\"stringifyObjects\":false,\"timezone\":\"+00:00\",\"ssl\":false,\"multipleStatements\":false,\"rowsAsArray\":false,\"namedPlaceholders\":false,\"maxPacketSize\":0,\"charsetNumber\":224,\"compress\":false,\"clientFlags\":8582093,\"maxPreparedStatements\":16000},\"stream\":{\"connecting\":false,\"_hadError\":false,\"_handle\":{\"reading\":true,\"onconnection\":null},\"_parent\":null,\"_host\":null,\"_readableState\":{\"objectMode\":false,\"highWaterMark\":16384,\"buffer\":{\"head\":null,\"tail\":null,\"length\":0},\"length\":0,\"pipes\":null,\"pipesCount\":0,\"flowing\":true,\"ended\":false,\"endEmitted\":false,\"reading\":true,\"sync\":false,\"needReadable\":true,\"emittedReadable\":false,\"readableListening\":false,\"resumeScheduled\":false,\"emitClose\":false,\"destroyed\":false,\"defaultEncoding\":\"utf8\",\"awaitDrain\":0,\"readingMore\":false,\"decoder\":null,\"encoding\":null},\"readable\":true,\"_events\":{},\"_eventsCount\":4,\"_writableState\":{\"objectMode\":false,\"highWaterMark\":16384,\"finalCalled\":false,\"needDrain\":false,\"ending\":false,\"ended\":false,\"finished\":false,\"destroyed\":false,\"decodeStrings\":false,\"defaultEncoding\":\"utf8\",\"length\":0,\"writing\":false,\"corked\":0,\"sync\":false,\"bufferProcessing\":false,\"writecb\":null,\"writelen\":0,\"bufferedRequest\":null,\"lastBufferedRequest\":null,\"pendingcb\":0,\"prefinished\":false,\"errorEmitted\":false,\"emitClose\":false,\"bufferedRequestCount\":0,\"corkedRequestsFree\":{\"next\":null,\"entry\":null}},\"writable\":true,\"allowHalfOpen\":false,\"_sockname\":null,\"_pendingData\":null,\"_pendingEncoding\":\"\",\"server\":null,\"_server\":null},\"_internalId\":165,\"_commands\":{\"_head\":0,\"_tail\":0,\"_capacityMask\":3,\"_list\":[null,null,null,null]},\"_paused\":false,\"_paused_packets\":{\"_head\":0,\"_tail\":0,\"_capacityMask\":3,\"_list\":[null,null,null,null]},\"_statements\":{},\"serverCapabilityFlags\":2688546815,\"authorized\":true,\"sequenceId\":2,\"compressedSequenceId\":0,\"threadId\":334,\"_handshakePacket\":{\"protocolVersion\":10,\"serverVersion\":\"5.5.5-10.1.37-MariaDB\",\"capabilityFlags\":2688546815,\"connectionId\":334,\"authPluginData1\":{\"type\":\"Buffer\",\"data\":[38,106,105,79,46,55,105,46]},\"authPluginData2\":{\"type\":\"Buffer\",\"data\":[71,88,103,126,98,79,68,69,112,38,103,88]},\"characterSet\":8,\"statusFlags\":2},\"_fatalError\":null,\"_protocolError\":null,\"_outOfOrderPackets\":[],\"clientEncoding\":\"utf8\",\"packetParser\":{\"buffer\":[],\"bufferLength\":0,\"packetHeaderLength\":4,\"headerLen\":0,\"length\":46,\"largePacketParts\":[],\"firstPacketSequenceId\":0},\"serverEncoding\":\"latin1\",\"connectTimeout\":null,\"connectionId\":334},\"state\":\"IDLE\"}},\"tail\":\"~transcation~sequelize~dialect~connectionManager~pool~_availableObjects~_list~head\",\"length\":1}},\"_testOnBorrowResources\":{},\"_testOnReturnResources\":{},\"_validationOperations\":{},\"_allObjects\":{},\"_resourceLoans\":{},\"_evictionIterator\":{\"_list\":\"~transcation~sequelize~dialect~connectionManager~pool~_availableObjects~_list\",\"_direction\":\"next\",\"_startPosition\":\"head\",\"_started\":true,\"_cursor\":{\"prev\":null,\"next\":null,\"data\":{\"creationTime\":1550232566923,\"lastReturnTime\":1550232575998,\"lastBorrowTime\":1550232575995,\"lastIdleTime\":1550232575998,\"obj\":{\"_events\":{},\"_eventsCount\":1,\"config\":{\"host\":\"127.0.0.1\",\"port\":3306,\"user\":\"root\",\"database\":\"testdb5\",\"connectTimeout\":10000,\"insecureAuth\":false,\"supportBigNumbers\":true,\"bigNumberStrings\":false,\"decimalNumbers\":false,\"dateStrings\":false,\"trace\":true,\"stringifyObjects\":false,\"timezone\":\"+00:00\",\"ssl\":false,\"multipleStatements\":false,\"rowsAsArray\":false,\"namedPlaceholders\":false,\"maxPacketSize\":0,\"charsetNumber\":224,\"compress\":false,\"clientFlags\":8582093,\"maxPreparedStatements\":16000},\"stream\":{\"connecting\":false,\"_hadError\":false,\"_handle\":null,\"_parent\":null,\"_host\":null,\"_readableState\":{\"objectMode\":false,\"highWaterMark\":16384,\"buffer\":{\"head\":null,\"tail\":null,\"length\":0},\"length\":0,\"pipes\":null,\"pipesCount\":0,\"flowing\":true,\"ended\":true,\"endEmitted\":true,\"reading\":false,\"sync\":false,\"needReadable\":false,\"emittedReadable\":false,\"readableListening\":false,\"resumeScheduled\":false,\"emitClose\":false,\"destroyed\":true,\"defaultEncoding\":\"utf8\",\"awaitDrain\":0,\"readingMore\":false,\"decoder\":null,\"encoding\":null},\"readable\":false,\"_events\":{},\"_eventsCount\":4,\"_writableState\":{\"objectMode\":false,\"highWaterMark\":16384,\"finalCalled\":true,\"needDrain\":false,\"ending\":true,\"ended\":true,\"finished\":true,\"destroyed\":true,\"decodeStrings\":false,\"defaultEncoding\":\"utf8\",\"length\":0,\"writing\":false,\"corked\":0,\"sync\":false,\"bufferProcessing\":false,\"writecb\":null,\"writelen\":0,\"bufferedRequest\":null,\"lastBufferedRequest\":null,\"pendingcb\":0,\"prefinished\":true,\"errorEmitted\":false,\"emitClose\":false,\"bufferedRequestCount\":0,\"corkedRequestsFree\":{\"next\":null,\"entry\":null}},\"writable\":false,\"allowHalfOpen\":false,\"_sockname\":null,\"_pendingData\":null,\"_pendingEncoding\":\"\",\"server\":null,\"_server\":null},\"_internalId\":162,\"_commands\":{\"_head\":0,\"_tail\":0,\"_capacityMask\":3,\"_list\":[null,null,null,null]},\"_paused\":false,\"_paused_packets\":{\"_head\":0,\"_tail\":0,\"_capacityMask\":3,\"_list\":[null,null,null,null]},\"_statements\":{},\"serverCapabilityFlags\":2688546815,\"authorized\":true,\"sequenceId\":1,\"compressedSequenceId\":0,\"threadId\":331,\"_handshakePacket\":{\"protocolVersion\":10,\"serverVersion\":\"5.5.5-10.1.37-MariaDB\",\"capabilityFlags\":2688546815,\"connectionId\":331,\"authPluginData1\":{\"type\":\"Buffer\",\"data\":[92,126,41,75,33,93,53,47]},\"authPluginData2\":{\"type\":\"Buffer\",\"data\":[42,39,37,33,115,69,61,64,106,118,52,61]},\"characterSet\":8,\"statusFlags\":2},\"_fatalError\":null,\"_protocolError\":null,\"_outOfOrderPackets\":[],\"clientEncoding\":\"utf8\",\"packetParser\":{\"buffer\":[],\"bufferLength\":0,\"packetHeaderLength\":4,\"headerLen\":0,\"length\":5,\"largePacketParts\":[],\"firstPacketSequenceId\":0},\"serverEncoding\":\"latin1\",\"connectTimeout\":null,\"connectionId\":331,\"_closing\":true},\"state\":\"INVALID\"}},\"_done\":false},\"_evictor\":{},\"_scheduledEviction\":{\"_called\":false,\"_idleTimeout\":10000,\"_idlePrev\":{\"_idleNext\":\"~transcation~sequelize~dialect~connectionManager~pool~_scheduledEviction\",\"_idlePrev\":\"~transcation~sequelize~dialect~connectionManager~pool~_scheduledEviction\",\"_unrefed\":false,\"msecs\":10000,\"_timer\":{\"_list\":\"~transcation~sequelize~dialect~connectionManager~pool~_scheduledEviction~_idlePrev\"}},\"_idleNext\":\"~transcation~sequelize~dialect~connectionManager~pool~_scheduledEviction~_idlePrev\",\"_idleStart\":17348094,\"_repeat\":null,\"_destroyed\":false}},\"lib\":{\"Types\":{\"DECIMAL\":0,\"TINY\":1,\"SHORT\":2,\"LONG\":3,\"FLOAT\":4,\"DOUBLE\":5,\"NULL\":6,\"TIMESTAMP\":7,\"LONGLONG\":8,\"INT24\":9,\"DATE\":10,\"TIME\":11,\"DATETIME\":12,\"YEAR\":13,\"NEWDATE\":14,\"VARCHAR\":15,\"BIT\":16,\"JSON\":245,\"NEWDECIMAL\":246,\"ENUM\":247,\"SET\":248,\"TINY_BLOB\":249,\"MEDIUM_BLOB\":250,\"LONG_BLOB\":251,\"BLOB\":252,\"VAR_STRING\":253,\"STRING\":254,\"GEOMETRY\":255},\"Charsets\":{\"BIG5_CHINESE_CI\":1,\"LATIN2_CZECH_CS\":2,\"DEC8_SWEDISH_CI\":3,\"CP850_GENERAL_CI\":4,\"LATIN1_GERMAN1_CI\":5,\"HP8_ENGLISH_CI\":6,\"KOI8R_GENERAL_CI\":7,\"LATIN1_SWEDISH_CI\":8,\"LATIN2_GENERAL_CI\":9,\"SWE7_SWEDISH_CI\":10,\"ASCII_GENERAL_CI\":11,\"UJIS_JAPANESE_CI\":12,\"SJIS_JAPANESE_CI\":13,\"CP1251_BULGARIAN_CI\":14,\"LATIN1_DANISH_CI\":15,\"HEBREW_GENERAL_CI\":16,\"TIS620_THAI_CI\":18,\"EUCKR_KOREAN_CI\":19,\"LATIN7_ESTONIAN_CS\":20,\"LATIN2_HUNGARIAN_CI\":21,\"KOI8U_GENERAL_CI\":22,\"CP1251_UKRAINIAN_CI\":23,\"GB2312_CHINESE_CI\":24,\"GREEK_GENERAL_CI\":25,\"CP1250_GENERAL_CI\":26,\"LATIN2_CROATIAN_CI\":27,\"GBK_CHINESE_CI\":28,\"CP1257_LITHUANIAN_CI\":29,\"LATIN5_TURKISH_CI\":30,\"LATIN1_GERMAN2_CI\":31,\"ARMSCII8_GENERAL_CI\":32,\"UTF8_GENERAL_CI\":33,\"CP1250_CZECH_CS\":34,\"UCS2_GENERAL_CI\":35,\"CP866_GENERAL_CI\":36,\"KEYBCS2_GENERAL_CI\":37,\"MACCE_GENERAL_CI\":38,\"MACROMAN_GENERAL_CI\":39,\"CP852_GENERAL_CI\":40,\"LATIN7_GENERAL_CI\":41,\"LATIN7_GENERAL_CS\":42,\"MACCE_BIN\":43,\"CP1250_CROATIAN_CI\":44,\"UTF8MB4_GENERAL_CI\":45,\"UTF8MB4_BIN\":46,\"LATIN1_BIN\":47,\"LATIN1_GENERAL_CI\":48,\"LATIN1_GENERAL_CS\":49,\"CP1251_BIN\":50,\"CP1251_GENERAL_CI\":51,\"CP1251_GENERAL_CS\":52,\"MACROMAN_BIN\":53,\"UTF16_GENERAL_CI\":54,\"UTF16_BIN\":55,\"UTF16LE_GENERAL_CI\":56,\"CP1256_GENERAL_CI\":57,\"CP1257_BIN\":58,\"CP1257_GENERAL_CI\":59,\"UTF32_GENERAL_CI\":60,\"UTF32_BIN\":61,\"UTF16LE_BIN\":62,\"BINARY\":63,\"ARMSCII8_BIN\":64,\"ASCII_BIN\":65,\"CP1250_BIN\":66,\"CP1256_BIN\":67,\"CP866_BIN\":68,\"DEC8_BIN\":69,\"GREEK_BIN\":70,\"HEBREW_BIN\":71,\"HP8_BIN\":72,\"KEYBCS2_BIN\":73,\"KOI8R_BIN\":74,\"KOI8U_BIN\":75,\"UTF8_TOLOWER_CI\":76,\"LATIN2_BIN\":77,\"LATIN5_BIN\":78,\"LATIN7_BIN\":79,\"CP850_BIN\":80,\"CP852_BIN\":81,\"SWE7_BIN\":82,\"UTF8_BIN\":83,\"BIG5_BIN\":84,\"EUCKR_BIN\":85,\"GB2312_BIN\":86,\"GBK_BIN\":87,\"SJIS_BIN\":88,\"TIS620_BIN\":89,\"UCS2_BIN\":90,\"UJIS_BIN\":91,\"GEOSTD8_GENERAL_CI\":92,\"GEOSTD8_BIN\":93,\"LATIN1_SPANISH_CI\":94,\"CP932_JAPANESE_CI\":95,\"CP932_BIN\":96,\"EUCJPMS_JAPANESE_CI\":97,\"EUCJPMS_BIN\":98,\"CP1250_POLISH_CI\":99,\"UTF16_UNICODE_CI\":101,\"UTF16_ICELANDIC_CI\":102,\"UTF16_LATVIAN_CI\":103,\"UTF16_ROMANIAN_CI\":104,\"UTF16_SLOVENIAN_CI\":105,\"UTF16_POLISH_CI\":106,\"UTF16_ESTONIAN_CI\":107,\"UTF16_SPANISH_CI\":108,\"UTF16_SWEDISH_CI\":109,\"UTF16_TURKISH_CI\":110,\"UTF16_CZECH_CI\":111,\"UTF16_DANISH_CI\":112,\"UTF16_LITHUANIAN_CI\":113,\"UTF16_SLOVAK_CI\":114,\"UTF16_SPANISH2_CI\":115,\"UTF16_ROMAN_CI\":116,\"UTF16_PERSIAN_CI\":117,\"UTF16_ESPERANTO_CI\":118,\"UTF16_HUNGARIAN_CI\":119,\"UTF16_SINHALA_CI\":120,\"UTF16_GERMAN2_CI\":121,\"UTF16_CROATIAN_CI\":122,\"UTF16_UNICODE_520_CI\":123,\"UTF16_VIETNAMESE_CI\":124,\"UCS2_UNICODE_CI\":128,\"UCS2_ICELANDIC_CI\":129,\"UCS2_LATVIAN_CI\":130,\"UCS2_ROMANIAN_CI\":131,\"UCS2_SLOVENIAN_CI\":132,\"UCS2_POLISH_CI\":133,\"UCS2_ESTONIAN_CI\":134,\"UCS2_SPANISH_CI\":135,\"UCS2_SWEDISH_CI\":136,\"UCS2_TURKISH_CI\":137,\"UCS2_CZECH_CI\":138,\"UCS2_DANISH_CI\":139,\"UCS2_LITHUANIAN_CI\":140,\"UCS2_SLOVAK_CI\":141,\"UCS2_SPANISH2_CI\":142,\"UCS2_ROMAN_CI\":143,\"UCS2_PERSIAN_CI\":144,\"UCS2_ESPERANTO_CI\":145,\"UCS2_HUNGARIAN_CI\":146,\"UCS2_SINHALA_CI\":147,\"UCS2_GERMAN2_CI\":148,\"UCS2_CROATIAN_CI\":149,\"UCS2_UNICODE_520_CI\":150,\"UCS2_VIETNAMESE_CI\":151,\"UCS2_GENERAL_MYSQL500_CI\":159,\"UTF32_UNICODE_CI\":160,\"UTF32_ICELANDIC_CI\":161,\"UTF32_LATVIAN_CI\":162,\"UTF32_ROMANIAN_CI\":163,\"UTF32_SLOVENIAN_CI\":164,\"UTF32_POLISH_CI\":165,\"UTF32_ESTONIAN_CI\":166,\"UTF32_SPANISH_CI\":167,\"UTF32_SWEDISH_CI\":168,\"UTF32_TURKISH_CI\":169,\"UTF32_CZECH_CI\":170,\"UTF32_DANISH_CI\":171,\"UTF32_LITHUANIAN_CI\":172,\"UTF32_SLOVAK_CI\":173,\"UTF32_SPANISH2_CI\":174,\"UTF32_ROMAN_CI\":175,\"UTF32_PERSIAN_CI\":176,\"UTF32_ESPERANTO_CI\":177,\"UTF32_HUNGARIAN_CI\":178,\"UTF32_SINHALA_CI\":179,\"UTF32_GERMAN2_CI\":180,\"UTF32_CROATIAN_CI\":181,\"UTF32_UNICODE_520_CI\":182,\"UTF32_VIETNAMESE_CI\":183,\"UTF8_UNICODE_CI\":192,\"UTF8_ICELANDIC_CI\":193,\"UTF8_LATVIAN_CI\":194,\"UTF8_ROMANIAN_CI\":195,\"UTF8_SLOVENIAN_CI\":196,\"UTF8_POLISH_CI\":197,\"UTF8_ESTONIAN_CI\":198,\"UTF8_SPANISH_CI\":199,\"UTF8_SWEDISH_CI\":200,\"UTF8_TURKISH_CI\":201,\"UTF8_CZECH_CI\":202,\"UTF8_DANISH_CI\":203,\"UTF8_LITHUANIAN_CI\":204,\"UTF8_SLOVAK_CI\":205,\"UTF8_SPANISH2_CI\":206,\"UTF8_ROMAN_CI\":207,\"UTF8_PERSIAN_CI\":208,\"UTF8_ESPERANTO_CI\":209,\"UTF8_HUNGARIAN_CI\":210,\"UTF8_SINHALA_CI\":211,\"UTF8_GERMAN2_CI\":212,\"UTF8_CROATIAN_CI\":213,\"UTF8_UNICODE_520_CI\":214,\"UTF8_VIETNAMESE_CI\":215,\"UTF8_GENERAL_MYSQL500_CI\":223,\"UTF8MB4_UNICODE_CI\":224,\"UTF8MB4_ICELANDIC_CI\":225,\"UTF8MB4_LATVIAN_CI\":226,\"UTF8MB4_ROMANIAN_CI\":227,\"UTF8MB4_SLOVENIAN_CI\":228,\"UTF8MB4_POLISH_CI\":229,\"UTF8MB4_ESTONIAN_CI\":230,\"UTF8MB4_SPANISH_CI\":231,\"UTF8MB4_SWEDISH_CI\":232,\"UTF8MB4_TURKISH_CI\":233,\"UTF8MB4_CZECH_CI\":234,\"UTF8MB4_DANISH_CI\":235,\"UTF8MB4_LITHUANIAN_CI\":236,\"UTF8MB4_SLOVAK_CI\":237,\"UTF8MB4_SPANISH2_CI\":238,\"UTF8MB4_ROMAN_CI\":239,\"UTF8MB4_PERSIAN_CI\":240,\"UTF8MB4_ESPERANTO_CI\":241,\"UTF8MB4_HUNGARIAN_CI\":242,\"UTF8MB4_SINHALA_CI\":243,\"UTF8MB4_GERMAN2_CI\":244,\"UTF8MB4_CROATIAN_CI\":245,\"UTF8MB4_UNICODE_520_CI\":246,\"UTF8MB4_VIETNAMESE_CI\":247,\"GB18030_CHINESE_CI\":248,\"GB18030_BIN\":249,\"GB18030_UNICODE_520_CI\":250,\"UTF8_GENERAL50_CI\":253,\"UTF8MB4_0900_AI_CI\":255,\"UTF8MB4_CS_0900_AI_CI\":266,\"UTF8MB4_DA_0900_AI_CI\":267,\"UTF8MB4_DE_PB_0900_AI_CI\":256,\"UTF8MB4_EO_0900_AI_CI\":273,\"UTF8MB4_ES_0900_AI_CI\":263,\"UTF8MB4_ES_TRAD_0900_AI_CI\":270,\"UTF8MB4_ET_0900_AI_CI\":262,\"UTF8MB4_HR_0900_AI_CI\":275,\"UTF8MB4_HU_0900_AI_CI\":274,\"UTF8MB4_IS_0900_AI_CI\":257,\"UTF8MB4_LA_0900_AI_CI\":271,\"UTF8MB4_LT_0900_AI_CI\":268,\"UTF8MB4_LV_0900_AI_CI\":258,\"UTF8MB4_PL_0900_AI_CI\":261,\"UTF8MB4_RO_0900_AI_CI\":259,\"UTF8MB4_SK_0900_AI_CI\":269,\"UTF8MB4_SL_0900_AI_CI\":260,\"UTF8MB4_SV_0900_AI_CI\":264,\"UTF8MB4_TR_0900_AI_CI\":265,\"UTF8MB4_VI_0900_AI_CI\":277,\"BIG5\":1,\"DEC8\":3,\"CP850\":4,\"HP8\":6,\"KOI8R\":7,\"LATIN1\":8,\"LATIN2\":9,\"SWE7\":10,\"ASCII\":11,\"UJIS\":12,\"SJIS\":13,\"HEBREW\":16,\"TIS620\":18,\"EUCKR\":19,\"KOI8U\":22,\"GB2312\":24,\"GREEK\":25,\"CP1250\":26,\"GBK\":28,\"LATIN5\":30,\"ARMSCII8\":32,\"UTF8\":33,\"UCS2\":35,\"CP866\":36,\"KEYBCS2\":37,\"MACCE\":38,\"MACROMAN\":39,\"CP852\":40,\"LATIN7\":41,\"UTF8MB4\":45,\"CP1251\":51,\"UTF16\":54,\"UTF16LE\":56,\"CP1256\":57,\"CP1257\":59,\"UTF32\":60,\"CP932\":95,\"EUCJPMS\":97,\"GB18030\":248,\"GEOSTD8\":92},\"CharsetToEncoding\":[\"utf8\",\"big5\",\"latin2\",\"dec8\",\"cp850\",\"latin1\",\"hp8\",\"koi8r\",\"latin1\",\"latin2\",\"swe7\",\"ascii\",\"eucjp\",\"sjis\",\"cp1251\",\"latin1\",\"hebrew\",\"utf8\",\"tis620\",\"euckr\",\"latin7\",\"latin2\",\"koi8u\",\"cp1251\",\"gb2312\",\"greek\",\"cp1250\",\"latin2\",\"gbk\",\"cp1257\",\"latin5\",\"latin1\",\"armscii8\",\"cesu8\",\"cp1250\",\"ucs2\",\"cp866\",\"keybcs2\",\"macintosh\",\"macroman\",\"cp852\",\"latin7\",\"latin7\",\"macintosh\",\"cp1250\",\"utf8\",\"utf8\",\"latin1\",\"latin1\",\"latin1\",\"cp1251\",\"cp1251\",\"cp1251\",\"macroman\",\"utf16\",\"utf16\",\"utf16-le\",\"cp1256\",\"cp1257\",\"cp1257\",\"utf32\",\"utf32\",\"utf16-le\",\"binary\",\"armscii8\",\"ascii\",\"cp1250\",\"cp1256\",\"cp866\",\"dec8\",\"greek\",\"hebrew\",\"hp8\",\"keybcs2\",\"koi8r\",\"koi8u\",\"cesu8\",\"latin2\",\"latin5\",\"latin7\",\"cp850\",\"cp852\",\"swe7\",\"cesu8\",\"big5\",\"euckr\",\"gb2312\",\"gbk\",\"sjis\",\"tis620\",\"ucs2\",\"eucjp\",\"geostd8\",\"geostd8\",\"latin1\",\"cp932\",\"cp932\",\"eucjpms\",\"eucjpms\",\"cp1250\",\"utf8\",\"utf16\",\"utf16\",\"utf16\",\"utf16\",\"utf16\",\"utf16\",\"utf16\",\"utf16\",\"utf16\",\"utf16\",\"utf16\",\"utf16\",\"utf16\",\"utf16\",\"utf16\",\"utf16\",\"utf16\",\"utf16\",\"utf16\",\"utf16\",\"utf16\",\"utf16\",\"utf16\",\"utf16\",\"utf8\",\"utf8\",\"utf8\",\"ucs2\",\"ucs2\",\"ucs2\",\"ucs2\",\"ucs2\",\"ucs2\",\"ucs2\",\"ucs2\",\"ucs2\",\"ucs2\",\"ucs2\",\"ucs2\",\"ucs2\",\"ucs2\",\"ucs2\",\"ucs2\",\"ucs2\",\"ucs2\",\"ucs2\",\"ucs2\",\"ucs2\",\"ucs2\",\"ucs2\",\"ucs2\",\"utf8\",\"utf8\",\"utf8\",\"utf8\",\"utf8\",\"utf8\",\"utf8\",\"ucs2\",\"utf32\",\"utf32\",\"utf32\",\"utf32\",\"utf32\",\"utf32\",\"utf32\",\"utf32\",\"utf32\",\"utf32\",\"utf32\",\"utf32\",\"utf32\",\"utf32\",\"utf32\",\"utf32\",\"utf32\",\"utf32\",\"utf32\",\"utf32\",\"utf32\",\"utf32\",\"utf32\",\"utf32\",\"utf8\",\"utf8\",\"utf8\",\"utf8\",\"utf8\",\"utf8\",\"utf8\",\"utf8\",\"cesu8\",\"cesu8\",\"cesu8\",\"cesu8\",\"cesu8\",\"cesu8\",\"cesu8\",\"cesu8\",\"cesu8\",\"cesu8\",\"cesu8\",\"cesu8\",\"cesu8\",\"cesu8\",\"cesu8\",\"cesu8\",\"cesu8\",\"cesu8\",\"cesu8\",\"cesu8\",\"cesu8\",\"cesu8\",\"cesu8\",\"cesu8\",\"utf8\",\"utf8\",\"utf8\",\"utf8\",\"utf8\",\"utf8\",\"utf8\",\"cesu8\",\"utf8\",\"utf8\",\"utf8\",\"utf8\",\"utf8\",\"utf8\",\"utf8\",\"utf8\",\"utf8\",\"utf8\",\"utf8\",\"utf8\",\"utf8\",\"utf8\",\"utf8\",\"utf8\",\"utf8\",\"utf8\",\"utf8\",\"utf8\",\"utf8\",\"utf8\",\"utf8\",\"utf8\",\"gb18030\",\"gb18030\",\"gb18030\",\"utf8\",\"utf8\",\"utf8\",\"utf8\",\"utf8\",\"utf8\",\"utf8\",\"utf8\",\"utf8\",\"utf8\",\"utf8\",\"utf8\",\"utf8\",\"utf8\",\"utf8\",\"utf8\",\"utf8\",\"utf8\",\"utf8\",\"utf8\",\"utf8\",\"utf8\",\"utf8\",\"utf8\",\"utf8\",\"utf8\",\"utf8\",\"utf8\",\"utf8\",\"utf8\",\"utf8\",\"utf8\",\"utf8\",\"utf8\",\"utf8\",\"utf8\",\"utf8\",\"utf8\",\"utf8\",\"utf8\",\"utf8\",\"utf8\",\"utf8\",\"utf8\",\"utf8\",\"utf8\",\"utf8\",\"utf8\",\"utf8\",\"utf8\",\"utf8\",\"utf8\",\"utf8\",\"utf8\",\"utf8\"]}},\"QueryGenerator\":{\"dialect\":\"mysql\",\"OperatorMap\":{},\"_templateSettings\":{\"escape\":{},\"evaluate\":{},\"interpolate\":{},\"variable\":\"\",\"imports\":{}},\"options\":\"~transcation~sequelize~options\",\"OperatorsAliasMap\":false,\"_dialect\":\"~transcation~sequelize~dialect\",\"sequelize\":\"~transcation~sequelize\"}},\"queryInterface\":{\"sequelize\":\"~transcation~sequelize\",\"QueryGenerator\":\"~transcation~sequelize~dialect~QueryGenerator\"},\"models\":{},\"modelManager\":{\"models\":[null,null,null,null,null,null,null,null,null,null,null,null,null,null,null,null,null,null,null,null,null,null,null,null,null,null,null,null,null,null,null,null,null,null,null,null,null],\"sequelize\":\"~transcation~sequelize\"},\"connectionManager\":\"~transcation~sequelize~dialect~connectionManager\",\"importCache\":{},\"test\":{\"_trackRunningQueries\":false,\"_runningQueries\":0}},\"savepoints\":[],\"_afterCommitHooks\":[],\"options\":{\"autocommit\":null,\"type\":\"DEFERRED\",\"isolationLevel\":null,\"readOnly\":false},\"id\":\"45b64649-fac6-4456-bbb6-832ffab99c4c\",\"connection\":{\"_events\":{},\"_eventsCount\":1,\"config\":{\"host\":\"127.0.0.1\",\"port\":3306,\"user\":\"root\",\"database\":\"testdb5\",\"connectTimeout\":10000,\"insecureAuth\":false,\"supportBigNumbers\":true,\"bigNumberStrings\":false,\"decimalNumbers\":false,\"dateStrings\":false,\"trace\":true,\"stringifyObjects\":false,\"timezone\":\"+00:00\",\"ssl\":false,\"multipleStatements\":false,\"rowsAsArray\":false,\"namedPlaceholders\":false,\"maxPacketSize\":0,\"charsetNumber\":224,\"compress\":false,\"clientFlags\":8582093,\"maxPreparedStatements\":16000},\"stream\":{\"connecting\":false,\"_hadError\":false,\"_handle\":{\"reading\":true,\"onconnection\":null},\"_parent\":null,\"_host\":null,\"_readableState\":{\"objectMode\":false,\"highWaterMark\":16384,\"buffer\":{\"head\":null,\"tail\":null,\"length\":0},\"length\":0,\"pipes\":null,\"pipesCount\":0,\"flowing\":true,\"ended\":false,\"endEmitted\":false,\"reading\":true,\"sync\":false,\"needReadable\":true,\"emittedReadable\":false,\"readableListening\":false,\"resumeScheduled\":false,\"emitClose\":false,\"destroyed\":false,\"defaultEncoding\":\"utf8\",\"awaitDrain\":0,\"readingMore\":false,\"decoder\":null,\"encoding\":null},\"readable\":true,\"_events\":{},\"_eventsCount\":4,\"_writableState\":{\"objectMode\":false,\"highWaterMark\":16384,\"finalCalled\":false,\"needDrain\":false,\"ending\":false,\"ended\":false,\"finished\":false,\"destroyed\":false,\"decodeStrings\":false,\"defaultEncoding\":\"utf8\",\"length\":0,\"writing\":false,\"corked\":0,\"sync\":false,\"bufferProcessing\":false,\"writecb\":null,\"writelen\":0,\"bufferedRequest\":null,\"lastBufferedRequest\":null,\"pendingcb\":0,\"prefinished\":false,\"errorEmitted\":false,\"emitClose\":false,\"bufferedRequestCount\":0,\"corkedRequestsFree\":{\"next\":null,\"entry\":null}},\"writable\":true,\"allowHalfOpen\":false,\"_sockname\":null,\"_pendingData\":null,\"_pendingEncoding\":\"\",\"server\":null,\"_server\":null},\"_internalId\":164,\"_commands\":{\"_head\":0,\"_tail\":0,\"_capacityMask\":3,\"_list\":[null,null,null,null]},\"_paused\":false,\"_paused_packets\":{\"_head\":0,\"_tail\":0,\"_capacityMask\":3,\"_list\":[null,null,null,null]},\"_statements\":{},\"serverCapabilityFlags\":2688546815,\"authorized\":true,\"sequenceId\":2,\"compressedSequenceId\":0,\"threadId\":333,\"_handshakePacket\":{\"protocolVersion\":10,\"serverVersion\":\"5.5.5-10.1.37-MariaDB\",\"capabilityFlags\":2688546815,\"connectionId\":333,\"authPluginData1\":{\"type\":\"Buffer\",\"data\":[46,93,110,47,64,52,33,74]},\"authPluginData2\":{\"type\":\"Buffer\",\"data\":[47,78,121,55,67,44,80,49,67,60,66,120]},\"characterSet\":8,\"statusFlags\":2},\"_fatalError\":null,\"_protocolError\":null,\"_outOfOrderPackets\":[],\"clientEncoding\":\"utf8\",\"packetParser\":{\"buffer\":[],\"bufferLength\":0,\"packetHeaderLength\":4,\"headerLen\":0,\"length\":7,\"largePacketParts\":[],\"firstPacketSequenceId\":0},\"serverEncoding\":\"latin1\",\"connectTimeout\":null,\"connectionId\":333,\"uuid\":\"45b64649-fac6-4456-bbb6-832ffab99c4c\"}},\"fields\":[\"id\",\"reportPerameterId\",\"interviewExpertId\",\"review\",\"rating\",\"createdAt\",\"updatedAt\"],\"auth\":3}', '[13,14,15]', 3, '2019-02-15 12:09:56', '2019-02-15 12:09:56'),
(94, 'interview_experts', 'update', '{\"where\":{\"id\":\"1\"},\"validate\":true,\"hooks\":true,\"individualHooks\":false,\"returning\":false,\"force\":false,\"sideEffects\":true,\"type\":\"BULKUPDATE\",\"fields\":[\"status\",\"feedback\",\"updatedAt\"],\"attributes\":{\"status\":\"completed\",\"feedback\":\"df gdfgdfgd dfg dfg\",\"updatedAt\":\"2019-02-15T12:09:56.569Z\"},\"auth\":3}', '{\"id\":\"1\"}', 3, '2019-02-15 12:09:56', '2019-02-15 12:09:56'),
(95, 'interview_users', 'update', '{\"where\":{\"id\":3},\"validate\":true,\"hooks\":true,\"individualHooks\":false,\"returning\":false,\"force\":false,\"sideEffects\":true,\"type\":\"BULKUPDATE\",\"fields\":[\"status\",\"updatedAt\"],\"attributes\":{\"status\":\"Reviewed\",\"updatedAt\":\"2019-02-15T12:09:56.645Z\"},\"auth\":3}', '{\"id\":3}', 3, '2019-02-15 12:09:56', '2019-02-15 12:09:56');

-- --------------------------------------------------------

--
-- Table structure for table `menu_access_map`
--

CREATE TABLE `menu_access_map` (
  `id` int(11) NOT NULL,
  `menuId` int(11) NOT NULL,
  `roleId` int(11) NOT NULL,
  `addAccess` enum('1','0') NOT NULL,
  `editAccess` enum('1','0') NOT NULL COMMENT '1.Active 0.In-active',
  `gridAccess` enum('1','0') NOT NULL COMMENT '1.Active 0.In-active',
  `viewAccess` enum('1','0') NOT NULL COMMENT '1.Active 0.In-active',
  `deleteAccess` enum('1','0') NOT NULL COMMENT '1.Active 0.In-active',
  `createdAt` datetime DEFAULT NULL,
  `updatedAt` datetime NOT NULL
) ENGINE=InnoDB DEFAULT CHARSET=latin1;

--
-- Dumping data for table `menu_access_map`
--

INSERT INTO `menu_access_map` (`id`, `menuId`, `roleId`, `addAccess`, `editAccess`, `gridAccess`, `viewAccess`, `deleteAccess`, `createdAt`, `updatedAt`) VALUES
(2, 3, 1, '1', '1', '1', '1', '1', NULL, '0000-00-00 00:00:00'),
(3, 2, 4, '1', '1', '1', '1', '0', NULL, '0000-00-00 00:00:00'),
(4, 4, 1, '1', '1', '1', '1', '1', NULL, '0000-00-00 00:00:00'),
(5, 5, 1, '1', '1', '1', '1', '1', NULL, '0000-00-00 00:00:00'),
(6, 7, 1, '1', '1', '1', '1', '1', NULL, '0000-00-00 00:00:00'),
(7, 6, 1, '1', '1', '1', '1', '1', NULL, '0000-00-00 00:00:00'),
(8, 8, 4, '1', '1', '1', '1', '1', NULL, '0000-00-00 00:00:00'),
(9, 9, 4, '1', '1', '1', '1', '1', NULL, '0000-00-00 00:00:00'),
(10, 10, 1, '1', '1', '1', '1', '1', NULL, '0000-00-00 00:00:00'),
(11, 10, 4, '1', '1', '1', '1', '1', NULL, '0000-00-00 00:00:00'),
(12, 10, 4, '1', '1', '1', '1', '0', NULL, '0000-00-00 00:00:00'),
(13, 11, 1, '1', '1', '1', '1', '1', NULL, '0000-00-00 00:00:00'),
(14, 12, 1, '1', '1', '1', '1', '1', NULL, '0000-00-00 00:00:00'),
(15, 2, 1, '1', '1', '1', '1', '1', NULL, '0000-00-00 00:00:00'),
(16, 9, 1, '1', '1', '1', '1', '1', NULL, '0000-00-00 00:00:00'),
(17, 13, 3, '1', '1', '1', '1', '1', NULL, '0000-00-00 00:00:00'),
(18, 14, 3, '1', '1', '1', '1', '1', NULL, '0000-00-00 00:00:00'),
(21, 15, 1, '1', '1', '1', '1', '1', NULL, '0000-00-00 00:00:00'),
(22, 16, 1, '1', '1', '1', '1', '1', NULL, '0000-00-00 00:00:00'),
(23, 17, 1, '1', '1', '1', '1', '1', NULL, '0000-00-00 00:00:00'),
(24, 18, 2, '1', '1', '1', '1', '1', NULL, '0000-00-00 00:00:00'),
(25, 19, 4, '1', '1', '1', '1', '1', NULL, '0000-00-00 00:00:00'),
(26, 12, 4, '1', '1', '1', '1', '1', NULL, '0000-00-00 00:00:00'),
(27, 12, 4, '1', '1', '1', '1', '1', NULL, '0000-00-00 00:00:00'),
(28, 20, 4, '1', '1', '1', '1', '1', NULL, '0000-00-00 00:00:00'),
(29, 12, 3, '1', '1', '1', '1', '1', NULL, '0000-00-00 00:00:00'),
(30, 17, 4, '1', '1', '1', '1', '0', NULL, '0000-00-00 00:00:00'),
(31, 20, 1, '1', '1', '1', '1', '1', NULL, '0000-00-00 00:00:00'),
(32, 21, 2, '1', '1', '1', '1', '0', NULL, '0000-00-00 00:00:00'),
(33, 3, 2, '1', '1', '1', '1', '0', NULL, '0000-00-00 00:00:00'),
(34, 4, 2, '1', '1', '1', '1', '0', NULL, '0000-00-00 00:00:00'),
(35, 5, 2, '1', '1', '1', '1', '0', NULL, '0000-00-00 00:00:00'),
(36, 7, 2, '1', '1', '1', '1', '0', NULL, '0000-00-00 00:00:00'),
(37, 6, 2, '1', '1', '1', '1', '0', NULL, '0000-00-00 00:00:00'),
(38, 10, 2, '1', '1', '1', '1', '0', NULL, '0000-00-00 00:00:00'),
(39, 11, 2, '1', '1', '1', '1', '0', NULL, '0000-00-00 00:00:00'),
(40, 12, 2, '1', '1', '1', '1', '0', NULL, '0000-00-00 00:00:00'),
(41, 2, 2, '1', '1', '1', '1', '0', NULL, '0000-00-00 00:00:00'),
(42, 9, 2, '1', '1', '1', '1', '0', NULL, '0000-00-00 00:00:00'),
(43, 15, 2, '1', '1', '1', '1', '0', NULL, '0000-00-00 00:00:00'),
(44, 16, 2, '1', '1', '1', '1', '0', NULL, '0000-00-00 00:00:00'),
(45, 17, 2, '1', '1', '1', '1', '0', NULL, '0000-00-00 00:00:00'),
(46, 20, 2, '1', '1', '1', '1', '0', NULL, '0000-00-00 00:00:00'),
(47, 21, 4, '1', '1', '1', '1', '0', NULL, '0000-00-00 00:00:00');

-- --------------------------------------------------------

--
-- Table structure for table `menu_master`
--

CREATE TABLE `menu_master` (
  `id` int(11) NOT NULL,
  `moduleId` int(11) NOT NULL,
  `menuLevel` int(11) NOT NULL,
  `menuPriority` int(11) NOT NULL,
  `menuTitle` varchar(100) NOT NULL,
  `menuLink` varchar(100) NOT NULL,
  `menuStatus` enum('1','0') NOT NULL DEFAULT '1' COMMENT '1.Active 2.In-Active',
  `menuIcon` varchar(20) NOT NULL,
  `createdAt` datetime DEFAULT NULL,
  `updatedAt` datetime NOT NULL
) ENGINE=InnoDB DEFAULT CHARSET=latin1;

--
-- Dumping data for table `menu_master`
--

INSERT INTO `menu_master` (`id`, `moduleId`, `menuLevel`, `menuPriority`, `menuTitle`, `menuLink`, `menuStatus`, `menuIcon`, `createdAt`, `updatedAt`) VALUES
(2, 2, 1, 1, 'Review Skills', '/main/reviewskills', '1', '', NULL, '2019-01-25 00:00:00'),
(3, 2, 1, 2, 'Organization', '/main/organization', '1', '', NULL, '2019-01-25 00:00:00'),
(4, 2, 2, 1, 'Upload Questions', '/main/bulkquestions', '1', '', NULL, '0000-00-00 00:00:00'),
(5, 6, 3, 1, 'Upload Users', '/main/bulkuser', '1', '', NULL, '0000-00-00 00:00:00'),
(6, 2, 1, 1, 'Expert Level', '/main/expertlevel', '1', '', NULL, '0000-00-00 00:00:00'),
(7, 2, 1, 1, 'Domain', '/main/domain', '1', '', NULL, '0000-00-00 00:00:00'),
(8, 2, 1, 1, 'User Group', '/main/usergroup', '1', '', NULL, '0000-00-00 00:00:00'),
(9, 2, 1, 1, 'Interview Type', '/main/interviewtype', '1', '', NULL, '0000-00-00 00:00:00'),
(10, 6, 1, 1, 'User Creation', '/main/userdomainmap', '1', '', NULL, '0000-00-00 00:00:00'),
(11, 2, 1, 1, 'Questions', '/main/questions', '1', '', NULL, '0000-00-00 00:00:00'),
(12, 1, 1, 1, 'Dashboard', '/main/dashboard', '1', '', NULL, '0000-00-00 00:00:00'),
(13, 3, 1, 1, 'ExpertView', '/main/expertview', '1', '', NULL, '0000-00-00 00:00:00'),
(14, 3, 1, 1, 'Expert Review', '/main/expertreview', '1', '', NULL, '0000-00-00 00:00:00'),
(15, 3, 1, 1, 'View Interviews', '/main/userinterview', '1', '', NULL, '0000-00-00 00:00:00'),
(16, 4, 1, 1, 'Coupon Generation', '/main/generate-coupon', '1', '', NULL, '0000-00-00 00:00:00'),
(17, 4, 1, 1, 'Subscription', '/main/paymentmgmt', '1', '', NULL, '0000-00-00 00:00:00'),
(18, 3, 1, 1, 'Assign Interview', '/main/assign-interview', '1', '', NULL, '0000-00-00 00:00:00'),
(19, 3, 1, 1, 'Process Interview', '/main/process-interview', '1', '', NULL, '0000-00-00 00:00:00'),
(20, 4, 1, 1, 'Cheque Management', '/main/chequemgmt', '1', '', NULL, '0000-00-00 00:00:00'),
(21, 3, 1, 1, 'Create Interview', '/main/create-interview', '1', '', NULL, '0000-00-00 00:00:00');

-- --------------------------------------------------------

--
-- Table structure for table `menu_modules_master`
--

CREATE TABLE `menu_modules_master` (
  `id` int(11) NOT NULL,
  `menuTitle` varchar(100) NOT NULL,
  `menuLink` varchar(255) NOT NULL,
  `priority` int(11) NOT NULL,
  `status` enum('1','0') NOT NULL DEFAULT '1' COMMENT '1. Active 2.In-active',
  `icon` varchar(30) NOT NULL,
  `createdAt` datetime DEFAULT NULL,
  `updatedAt` datetime DEFAULT NULL
) ENGINE=InnoDB DEFAULT CHARSET=latin1;

--
-- Dumping data for table `menu_modules_master`
--

INSERT INTO `menu_modules_master` (`id`, `menuTitle`, `menuLink`, `priority`, `status`, `icon`, `createdAt`, `updatedAt`) VALUES
(1, 'Dashboards', '#', 1, '1', '', '2019-01-25 04:13:16', NULL),
(2, 'Masters', '#', 2, '1', '', NULL, NULL),
(3, 'Interview', '#', 4, '1', '', NULL, NULL),
(4, 'Accounts', '#', 5, '1', '', NULL, NULL),
(5, 'Reports', '#', 6, '1', '', NULL, NULL),
(6, 'User Management', '#', 3, '1', '', NULL, NULL);

-- --------------------------------------------------------

--
-- Table structure for table `organization`
--

CREATE TABLE `organization` (
  `id` int(11) NOT NULL,
  `name` varchar(255) NOT NULL,
  `type` enum('university','corporate') NOT NULL,
  `url` varchar(255) NOT NULL,
  `email` varchar(255) NOT NULL,
  `createdAt` datetime NOT NULL,
  `updatedAt` datetime NOT NULL
) ENGINE=InnoDB DEFAULT CHARSET=latin1;

--
-- Dumping data for table `organization`
--

INSERT INTO `organization` (`id`, `name`, `type`, `url`, `email`, `createdAt`, `updatedAt`) VALUES
(1, 'Andhra University', 'university', 'www.au.org', 'iamchandu.1992@gmail.com', '2019-02-13 05:51:18', '2019-02-13 05:51:18');

-- --------------------------------------------------------

--
-- Table structure for table `organization_campus`
--

CREATE TABLE `organization_campus` (
  `id` int(11) NOT NULL,
  `branchName` varchar(50) NOT NULL,
  `organizationId` int(11) NOT NULL,
  `address` text NOT NULL,
  `city` varchar(255) NOT NULL,
  `pincode` varchar(15) NOT NULL,
  `url` varchar(255) NOT NULL,
  `contactPerson` varchar(45) NOT NULL,
  `contactPersonEmail` varchar(45) NOT NULL,
  `contactPersonPhone` varchar(14) NOT NULL,
  `contactPersonDesgination` varchar(45) NOT NULL,
  `createdAt` datetime NOT NULL,
  `updatedAt` datetime NOT NULL,
  `status` enum('active','inactive') NOT NULL
) ENGINE=InnoDB DEFAULT CHARSET=latin1;

--
-- Dumping data for table `organization_campus`
--

INSERT INTO `organization_campus` (`id`, `branchName`, `organizationId`, `address`, `city`, `pincode`, `url`, `contactPerson`, `contactPersonEmail`, `contactPersonPhone`, `contactPersonDesgination`, `createdAt`, `updatedAt`, `status`) VALUES
(1, 'ANITS', 1, 'Vizag', 'Vizag', '530002', 'www.anits.org', 'Chandu', 'iamchandu.1992@gmail.com', '9533104866', 'Principal', '2019-02-13 05:51:18', '2019-02-13 05:51:18', 'active'),
(2, 'SANKETIKA', 1, 'Vizag', 'Vizag', '530002', 'www.sanketika.org', 'Chandu', 'sudheer@hmail.com', '7894652130', 'Principal', '2019-02-13 05:51:18', '2019-02-13 05:51:18', 'active');

-- --------------------------------------------------------

--
-- Table structure for table `payments`
--

CREATE TABLE `payments` (
  `id` int(11) NOT NULL,
  `mode` enum('cc','dc','paypal','cheque') NOT NULL,
  `chequeNo` varchar(255) DEFAULT NULL,
  `bankName` varchar(255) DEFAULT NULL,
  `chequeImage` varchar(255) DEFAULT NULL,
  `chequeClearedDate` date DEFAULT NULL,
  `price` decimal(10,2) NOT NULL,
  `pgResponse` text,
  `status` enum('open','inprogress','sucess','failed','cancel') NOT NULL,
  `createdAt` datetime NOT NULL,
  `updatedAt` datetime NOT NULL
) ENGINE=InnoDB DEFAULT CHARSET=latin1;

--
-- Dumping data for table `payments`
--

INSERT INTO `payments` (`id`, `mode`, `chequeNo`, `bankName`, `chequeImage`, `chequeClearedDate`, `price`, `pgResponse`, `status`, `createdAt`, `updatedAt`) VALUES
(1, 'paypal', '0', NULL, NULL, NULL, '2.00', '{\"paymentToken\":\"EC-9AC67984Y7611000H\",\"orderID\":\"EC-9AC67984Y7611000H\",\"payerID\":\"6T7Q9QUJCYEMS\",\"paymentID\":\"PAYID-LRR4ZOA7LS82375LL660003B\",\"intent\":\"sale\",\"returnUrl\":\"https://www.paypal.com/checkoutnow/error?paymentId=PAYID-LRR4ZOA7LS82375LL660003B&token=EC-9AC67984Y7611000H&PayerID=6T7Q9QUJCYEMS\"}', 'sucess', '2019-02-13 07:53:07', '2019-02-13 07:53:07'),
(2, 'cheque', '7675675', 'sbi', NULL, '2019-02-13', '5.00', NULL, 'sucess', '2019-02-13 00:00:00', '2019-02-13 00:00:00'),
(3, 'paypal', '0', NULL, NULL, NULL, '9.00', NULL, 'sucess', '2019-01-01 00:00:00', '0000-00-00 00:00:00'),
(4, 'cheque', '767676', 'sbi', NULL, '2019-02-13', '6.00', NULL, 'sucess', '2018-12-15 00:00:00', '0000-00-00 00:00:00');

-- --------------------------------------------------------

--
-- Table structure for table `questions`
--

CREATE TABLE `questions` (
  `id` int(11) NOT NULL,
  `question` text NOT NULL,
  `answer` text,
  `expLevelId` int(11) NOT NULL,
  `difficulty` enum('low','medium','high') NOT NULL,
  `mandatory` int(11) NOT NULL COMMENT '0-not mandatory,1-mandatory',
  `global` int(11) NOT NULL COMMENT '0-private,1-public',
  `domainId` int(11) NOT NULL,
  `subDomainId` int(11) NOT NULL,
  `keywords` text NOT NULL,
  `status` enum('active','inactive') NOT NULL,
  `organizationId` int(11) DEFAULT NULL,
  `userId` int(11) NOT NULL,
  `createdAt` datetime NOT NULL,
  `updatedAt` datetime NOT NULL
) ENGINE=InnoDB DEFAULT CHARSET=latin1;

--
-- Dumping data for table `questions`
--

INSERT INTO `questions` (`id`, `question`, `answer`, `expLevelId`, `difficulty`, `mandatory`, `global`, `domainId`, `subDomainId`, `keywords`, `status`, `organizationId`, `userId`, `createdAt`, `updatedAt`) VALUES
(1, 'Can you tell me a little about your  yourself?', 'This question seems simple, so many people fail to prepare for it, but it\'s crucial. ', 1, 'low', 1, 1, 1, 1, 'simple,specific accomplishments ,experiences', 'active', NULL, 1, '2019-02-13 06:54:22', '2019-02-13 06:54:22'),
(2, 'What was your technical and logical experience?', 'This question seems simple, so many people fail to prepare for it, but it\'s crucial. ', 1, 'low', 1, 1, 1, 1, 'simple,specific accomplishments ,experiences', 'active', NULL, 1, '2019-02-13 06:54:22', '2019-02-13 06:54:22'),
(3, 'how to make an ajax call using angular js?', 'This question seems simple, so many people fail to prepare for it, but it\'s crucial. ', 1, 'medium', 1, 1, 1, 1, 'simple,specific accomplishments ,experiences', 'active', NULL, 1, '2019-02-13 06:54:22', '2019-02-13 06:54:22'),
(4, 'what is service method?', 'This question seems simple, so many people fail to prepare for it, but it\'s crucial. ', 1, 'low', 0, 1, 1, 1, 'simple,specific accomplishments ,experiences', 'active', NULL, 1, '2019-02-13 06:54:22', '2019-02-13 06:54:22'),
(5, 'what are angular js expression?', 'This question seems simple, so many people fail to prepare for it, but it\'s crucial. ', 1, 'low', 0, 1, 1, 1, 'simple,specific accomplishments ,experiences', 'active', NULL, 1, '2019-02-13 06:54:22', '2019-02-13 06:54:22'),
(6, 'Expalian ng-init directive', 'This question seems simple, so many people fail to prepare for it, but it\'s crucial. ', 1, 'medium', 0, 1, 1, 1, 'simple,specific accomplishments ,experiences', 'active', NULL, 1, '2019-02-13 06:54:22', '2019-02-13 06:54:22'),
(7, 'How to validate data in angular js?', 'This question seems simple, so many people fail to prepare for it, but it\'s crucial. ', 1, 'high', 0, 1, 1, 1, 'simple,specific accomplishments ,experiences', 'active', NULL, 1, '2019-02-13 06:54:22', '2019-02-13 06:54:22'),
(8, 'what is angular and why angular?', 'This question seems simple, so many people fail to prepare for it, but it\'s crucial. ', 1, 'low', 0, 1, 1, 1, 'simple,specific accomplishments ,experiences', 'active', NULL, 1, '2019-02-13 06:54:22', '2019-02-13 06:54:22'),
(9, 'name the buildindg blocks of angular', 'This question seems simple, so many people fail to prepare for it, but it\'s crucial. ', 1, 'low', 0, 1, 1, 1, 'simple,specific accomplishments ,experiences', 'active', NULL, 1, '2019-02-13 06:54:22', '2019-02-13 06:54:22'),
(10, 'what ois transpling in angular?', 'This question seems simple, so many people fail to prepare for it, but it\'s crucial. ', 2, 'medium', 0, 1, 1, 1, 'simple,specific accomplishments ,experiences', 'active', NULL, 1, '2019-02-13 06:54:22', '2019-02-13 06:54:22'),
(11, 'what is view encapsulation?', 'This question seems simple, so many people fail to prepare for it, but it\'s crucial. ', 1, 'high', 0, 1, 1, 1, 'simple,specific accomplishments ,experiences', 'active', NULL, 1, '2019-02-13 06:54:22', '2019-02-13 06:54:22'),
(12, 'why java is a plat form independent?', 'This question seems simple, so many people fail to prepare for it, but it\'s crucial. ', 1, 'low', 0, 1, 1, 1, 'simple,specific accomplishments ,experiences', 'active', NULL, 1, '2019-02-13 06:54:22', '2019-02-13 06:54:22'),
(13, 'what is jdk?', 'This question seems simple, so many people fail to prepare for it, but it\'s crucial. ', 1, 'low', 0, 1, 1, 1, 'simple,specific accomplishments ,experiences', 'active', NULL, 1, '2019-02-13 06:54:22', '2019-02-13 06:54:22'),
(14, 'what is constructors?', 'This question seems simple, so many people fail to prepare for it, but it\'s crucial. ', 1, 'medium', 0, 1, 1, 1, 'simple,specific accomplishments ,experiences', 'active', NULL, 1, '2019-02-13 06:54:22', '2019-02-13 06:54:22'),
(15, 'what is polymorphism?', 'This question seems simple, so many people fail to prepare for it, but it\'s crucial. ', 1, 'medium', 0, 1, 1, 1, 'simple,specific accomplishments ,experiences', 'active', NULL, 1, '2019-02-13 06:54:22', '2019-02-13 06:54:22'),
(16, 'expalian about interfaces?', 'This question seems simple, so many people fail to prepare for it, but it\'s crucial. ', 1, 'high', 0, 1, 1, 1, 'simple,specific accomplishments ,experiences', 'active', NULL, 1, '2019-02-13 06:54:22', '2019-02-13 06:54:22'),
(17, 'what is abstract classes', 'This question seems simple, so many people fail to prepare for it, but it\'s crucial. ', 2, 'low', 0, 1, 1, 1, 'simple,specific accomplishments ,experiences', 'active', NULL, 1, '2019-02-13 06:54:22', '2019-02-13 06:54:22'),
(18, 'what is method over loading', 'This question seems simple, so many people fail to prepare for it, but it\'s crucial. ', 2, 'low', 0, 1, 1, 1, 'simple,specific accomplishments ,experiences', 'active', NULL, 1, '2019-02-13 06:54:22', '2019-02-13 06:54:22'),
(19, 'what is association?', 'This question seems simple, so many people fail to prepare for it, but it\'s crucial. ', 1, 'medium', 0, 1, 1, 1, 'simple,specific accomplishments ,experiences', 'active', NULL, 1, '2019-02-13 06:54:22', '2019-02-13 06:54:22'),
(20, 'what is servelets?', 'This question seems simple, so many people fail to prepare for it, but it\'s crucial. ', 1, 'low', 0, 1, 1, 1, 'simple,specific accomplishments ,experiences', 'active', NULL, 1, '2019-02-13 06:54:22', '2019-02-13 06:54:22'),
(21, 'explain threads?', 'This question seems simple, so many people fail to prepare for it, but it\'s crucial. ', 1, 'high', 0, 1, 1, 1, 'simple,specific accomplishments ,experiences', 'active', NULL, 1, '2019-02-13 06:54:22', '2019-02-13 06:54:22'),
(22, 'What is PEP 8?', 'This question seems simple, so many people fail to prepare for it, but it\'s crucial. ', 1, 'low', 0, 1, 1, 1, 'simple,specific accomplishments ,experiences', 'active', NULL, 1, '2019-02-13 06:54:22', '2019-02-13 06:54:22'),
(23, 'What is pickling and unpickling?', 'This question seems simple, so many people fail to prepare for it, but it\'s crucial. ', 2, 'low', 0, 1, 1, 1, 'simple,specific accomplishments ,experiences', 'active', NULL, 1, '2019-02-13 06:54:22', '2019-02-13 06:54:22'),
(24, 'How memory is managed in Python?', 'This question seems simple, so many people fail to prepare for it, but it\'s crucial. ', 2, 'high', 0, 1, 1, 1, 'simple,specific accomplishments ,experiences', 'active', NULL, 1, '2019-02-13 06:54:22', '2019-02-13 06:54:22'),
(25, 'What are Python decorators?', 'This question seems simple, so many people fail to prepare for it, but it\'s crucial. ', 2, 'low', 0, 1, 1, 1, 'simple,specific accomplishments ,experiences', 'active', NULL, 1, '2019-02-13 06:54:22', '2019-02-13 06:54:22'),
(26, 'How Python is interpreted?', 'This question seems simple, so many people fail to prepare for it, but it\'s crucial. ', 2, 'high', 0, 1, 1, 2, 'simple,specific accomplishments ,experiences', 'active', NULL, 1, '2019-02-13 06:54:22', '2019-02-13 06:54:22'),
(27, 'What is namespace in Python?', 'This question seems simple, so many people fail to prepare for it, but it\'s crucial. ', 2, 'low', 0, 1, 1, 2, 'simple,specific accomplishments ,experiences', 'active', NULL, 1, '2019-02-13 06:54:22', '2019-02-13 06:54:22'),
(28, 'What is lambda in Python?', 'This question seems simple, so many people fail to prepare for it, but it\'s crucial. ', 2, 'high', 0, 1, 1, 2, 'simple,specific accomplishments ,experiences', 'active', NULL, 1, '2019-02-13 06:54:22', '2019-02-13 06:54:22'),
(29, 'In Python what are iterators?', 'This question seems simple, so many people fail to prepare for it, but it\'s crucial. ', 2, 'low', 0, 1, 1, 2, 'simple,specific accomplishments ,experiences', 'active', NULL, 1, '2019-02-13 06:54:22', '2019-02-13 06:54:22'),
(30, 'What is unittest in Python?', 'This question seems simple, so many people fail to prepare for it, but it\'s crucial. ', 1, 'low', 0, 1, 1, 2, 'simple,specific accomplishments ,experiences', 'active', NULL, 1, '2019-02-13 06:54:22', '2019-02-13 06:54:22'),
(31, 'What is module and package in Python?', 'This question seems simple, so many people fail to prepare for it, but it\'s crucial. ', 2, 'medium', 0, 1, 1, 2, 'simple,specific accomplishments ,experiences', 'active', NULL, 1, '2019-02-13 06:54:22', '2019-02-13 06:54:22');

-- --------------------------------------------------------

--
-- Table structure for table `report_perameters`
--

CREATE TABLE `report_perameters` (
  `id` int(11) NOT NULL,
  `name` varchar(255) NOT NULL,
  `createdAt` datetime NOT NULL,
  `updatedAt` datetime NOT NULL,
  `organizationId` int(11) NOT NULL,
  `status` enum('active','inactive') NOT NULL
) ENGINE=InnoDB DEFAULT CHARSET=latin1;

--
-- Dumping data for table `report_perameters`
--

INSERT INTO `report_perameters` (`id`, `name`, `createdAt`, `updatedAt`, `organizationId`, `status`) VALUES
(1, 'Communication', '2019-02-13 06:59:54', '2019-02-13 06:59:54', 1, 'active'),
(2, 'Attitude', '2019-02-13 07:00:05', '2019-02-13 07:00:05', 1, 'active'),
(3, 'Soft Skills', '2019-02-13 07:00:14', '2019-02-13 07:00:14', 1, 'active'),
(4, 'AngularJS', '2019-02-14 09:30:27', '2019-02-14 09:30:39', 2, 'active');

-- --------------------------------------------------------

--
-- Table structure for table `roles`
--

CREATE TABLE `roles` (
  `id` int(11) NOT NULL,
  `role_name` varchar(255) DEFAULT NULL,
  `level` int(11) NOT NULL,
  `createdAt` datetime NOT NULL,
  `updatedAt` datetime NOT NULL
) ENGINE=InnoDB DEFAULT CHARSET=latin1;

--
-- Dumping data for table `roles`
--

INSERT INTO `roles` (`id`, `role_name`, `level`, `createdAt`, `updatedAt`) VALUES
(1, 'Super User', 1, '2019-01-02 00:00:00', '2019-01-02 00:00:00'),
(2, 'Admin', 2, '2019-01-02 00:00:00', '2019-01-02 00:00:00'),
(3, 'Expert', 3, '2019-01-02 00:00:00', '2019-01-02 00:00:00'),
(4, 'Organization', 3, '2019-01-02 00:00:00', '2019-01-02 00:00:00'),
(5, 'User', 4, '2019-01-02 00:00:00', '2019-01-02 00:00:00');

-- --------------------------------------------------------

--
-- Table structure for table `sub_domains`
--

CREATE TABLE `sub_domains` (
  `id` int(11) NOT NULL,
  `domainId` int(11) NOT NULL,
  `subDomainName` varchar(255) NOT NULL,
  `status` enum('active','inactive') NOT NULL,
  `createdAt` datetime NOT NULL,
  `updatedAt` datetime NOT NULL
) ENGINE=InnoDB DEFAULT CHARSET=latin1;

--
-- Dumping data for table `sub_domains`
--

INSERT INTO `sub_domains` (`id`, `domainId`, `subDomainName`, `status`, `createdAt`, `updatedAt`) VALUES
(1, 1, 'Angular', 'active', '2019-02-13 05:52:31', '2019-02-13 05:52:31'),
(2, 1, 'Node', 'active', '2019-02-13 05:52:31', '2019-02-13 05:52:31'),
(3, 1, 'C', 'active', '2019-02-13 05:52:31', '2019-02-13 05:52:31'),
(4, 1, 'JAVA', 'active', '2019-02-13 05:52:31', '2019-02-13 05:52:31');

-- --------------------------------------------------------

--
-- Table structure for table `users`
--

CREATE TABLE `users` (
  `id` int(11) NOT NULL,
  `fname` varchar(255) DEFAULT NULL COMMENT 'First Name',
  `mname` varchar(255) DEFAULT NULL COMMENT 'Middle Name',
  `lname` varchar(255) DEFAULT NULL COMMENT 'Last Name',
  `email` varchar(255) DEFAULT NULL,
  `password` varchar(255) DEFAULT NULL,
  `phone` varchar(12) DEFAULT NULL,
  `gender` enum('male','female','others') NOT NULL,
  `organizationId` int(11) DEFAULT NULL,
  `status` enum('active','inactive','suspend','') DEFAULT NULL,
  `createdAt` datetime NOT NULL,
  `updatedAt` datetime NOT NULL,
  `roleId` int(11) DEFAULT NULL
) ENGINE=InnoDB DEFAULT CHARSET=latin1;

--
-- Dumping data for table `users`
--

INSERT INTO `users` (`id`, `fname`, `mname`, `lname`, `email`, `password`, `phone`, `gender`, `organizationId`, `status`, `createdAt`, `updatedAt`, `roleId`) VALUES
(1, 'admin', 'admin', 'admin', 'admin@test.com', 'ceb6c970658f31504a901b89dcd3e461', '888888888', 'male', NULL, 'active', '2019-02-12 19:09:37', '2019-02-12 19:09:37', 2),
(2, 'super', 'super', 'super', 'super@test.com', 'ceb6c970658f31504a901b89dcd3e461', '888888888', 'male', NULL, 'active', '2019-02-12 19:10:35', '2019-02-12 19:10:35', 1),
(3, 'expert', 'expert', 'expert', 'expert@test.com', '16d7a4fca7442dda3ad93c9a726597e4', '8888888888', 'male', NULL, 'active', '2019-02-12 19:11:31', '2019-02-12 19:11:31', 3),
(4, 'user', 'user', 'user', 'user@test.com', 'ceb6c970658f31504a901b89dcd3e461', '888888888', 'male', NULL, 'active', '2019-02-12 19:12:02', '2019-02-12 19:12:02', 5),
(5, 'Prasanth', 'Kumar', 'P', 'prasanthsai27@gmail.com', 'ceb6c970658f31504a901b89dcd3e461', '8500641681', 'male', 1, 'active', '2019-02-13 06:56:38', '2019-02-13 06:56:38', 4),
(6, 'Sudheer', 'kumar', 'B', 'sudheerkumar121@gmail.com', 'ceb6c970658f31504a901b89dcd3e461', '9533104863', 'male', NULL, 'active', '2019-02-13 07:19:40', '2019-02-13 07:19:40', 5),
(7, 'Murali', 'M', 'M', 'muralytechnos1226@gmail.com', '34cc2d6881fa3b48cf5de52384755dd7', '8759462514', 'male', NULL, 'active', '2019-02-13 10:36:00', '2019-02-13 10:36:00', 5),
(8, 'Santhosh', 'Kumar', 'V', 'santosh@test.com', '880f14f2c6e2161a18e153da99a608d3', '8987648889', 'male', 1, 'active', '2019-02-14 06:47:15', '2019-02-14 06:47:15', 4),
(9, 'santhosh', 'Kumar', 'V', 'santosh@testing.com', '5993b72d18857ab06ec21aaad101b97e', '8787649879', 'male', 1, 'active', '2019-02-14 07:01:32', '2019-02-14 07:01:32', 4),
(10, 'Santhosh ', 'kumar', 'Sathya', 'santosh@schemaxtech.com', '5ea9477c6f31a2ce1be5fb1ab2fa3989', '8987564783', 'male', 2, 'active', '2019-02-14 09:25:32', '2019-02-14 09:25:32', 4);

-- --------------------------------------------------------

--
-- Table structure for table `user_groups`
--

CREATE TABLE `user_groups` (
  `id` int(11) NOT NULL,
  `groupName` varchar(60) NOT NULL,
  `organizationId` int(11) NOT NULL,
  `createdAt` datetime NOT NULL,
  `updatedAt` datetime NOT NULL
) ENGINE=InnoDB DEFAULT CHARSET=latin1;

--
-- Dumping data for table `user_groups`
--

INSERT INTO `user_groups` (`id`, `groupName`, `organizationId`, `createdAt`, `updatedAt`) VALUES
(1, 'CSE', 1, '2019-02-13 07:03:27', '2019-02-13 07:03:27'),
(2, 'IT', 1, '2019-02-13 07:03:39', '2019-02-13 07:03:39');

-- --------------------------------------------------------

--
-- Table structure for table `user_groups_map`
--

CREATE TABLE `user_groups_map` (
  `id` int(11) NOT NULL,
  `userId` int(11) NOT NULL,
  `groupId` int(11) NOT NULL,
  `createdAt` datetime NOT NULL,
  `updatedAt` datetime NOT NULL
) ENGINE=InnoDB DEFAULT CHARSET=latin1;

--
-- Dumping data for table `user_groups_map`
--

INSERT INTO `user_groups_map` (`id`, `userId`, `groupId`, `createdAt`, `updatedAt`) VALUES
(1, 5, 1, '0000-00-00 00:00:00', '0000-00-00 00:00:00'),
(2, 5, 2, '0000-00-00 00:00:00', '0000-00-00 00:00:00'),
(3, 8, 2, '2019-02-14 06:47:15', '2019-02-14 06:47:15'),
(4, 9, 2, '2019-02-14 07:01:32', '2019-02-14 07:01:32'),
(5, 9, 1, '2019-02-14 07:01:32', '2019-02-14 07:01:32'),
(6, 10, 2, '2019-02-14 09:25:32', '2019-02-14 09:25:32');

-- --------------------------------------------------------

--
-- Table structure for table `user_login_logs`
--

CREATE TABLE `user_login_logs` (
  `id` int(11) NOT NULL,
  `userId` int(11) NOT NULL,
  `token` text NOT NULL,
  `agent` text NOT NULL,
  `createdAt` datetime NOT NULL,
  `updatedAt` datetime NOT NULL
) ENGINE=InnoDB DEFAULT CHARSET=latin1;

--
-- Dumping data for table `user_login_logs`
--

INSERT INTO `user_login_logs` (`id`, `userId`, `token`, `agent`, `createdAt`, `updatedAt`) VALUES
(1, 1, 'eyJhbGciOiJIUzI1NiIsInR5cCI6IkpXVCJ9.eyJ1c2VySWQiOjEsIm9yZ2FuaXphdGlvbiI6bnVsbCwicm9sZSI6Miwicm9sZUxldmVsIjoyLCJlbWFpbCI6ImFkbWluQHRlc3QuY29tIiwiaWF0IjoxNTQ5OTk4Nzg2LCJleHAiOjE1NTAwODUxODZ9.hHzJE6E4O_Z9gwsYWtaUk3fs5OkMmJvU5Qe2P7WDqvw', '{\"host\":\"localhost:3000\",\"connection\":\"keep-alive\",\"content-length\":\"48\",\"accept\":\"application/json, text/plain, */*\",\"origin\":\"http://localhost:4200\",\"authorization\":\"eyJhbGciOiJIUzI1NiIsInR5cCI6IkpXVCJ9.eyJ1c2VySWQiOjMsIm9yZ2FuaXphdGlvbiI6MSwicm9sZSI6NCwicm9sZUxldmVsIjozLCJlbWFpbCI6InRjaGFuZHVAc2NoZW1heHRlY2guY29tIiwiaWF0IjoxNTQ5OTc4OTc0LCJleHAiOjE1NTAwNjUzNzR9.deuFW1bjfGptq_dgFqNHEf_QAQRCcGRMzmTfXouPgC4\",\"user-agent\":\"Mozilla/5.0 (Windows NT 10.0; Win64; x64) AppleWebKit/537.36 (KHTML, like Gecko) Chrome/71.0.3578.98 Safari/537.36\",\"content-type\":\"application/json\",\"referer\":\"http://localhost:4200/login\",\"accept-encoding\":\"gzip, deflate, br\",\"accept-language\":\"en-US,en;q=0.9\"}', '2019-02-12 19:13:06', '2019-02-12 19:13:06'),
(2, 2, 'eyJhbGciOiJIUzI1NiIsInR5cCI6IkpXVCJ9.eyJ1c2VySWQiOjIsIm9yZ2FuaXphdGlvbiI6bnVsbCwicm9sZSI6MSwicm9sZUxldmVsIjoxLCJlbWFpbCI6InN1cGVyQHRlc3QuY29tIiwiaWF0IjoxNTQ5OTk4ODE0LCJleHAiOjE1NTAwODUyMTR9.OVGaYLdJpdByclX7uPgoewmY2n21_gsMvCLSlY2XmvM', '{\"host\":\"localhost:3000\",\"connection\":\"keep-alive\",\"content-length\":\"48\",\"accept\":\"application/json, text/plain, */*\",\"origin\":\"http://localhost:4200\",\"user-agent\":\"Mozilla/5.0 (Windows NT 10.0; Win64; x64) AppleWebKit/537.36 (KHTML, like Gecko) Chrome/71.0.3578.98 Safari/537.36\",\"content-type\":\"application/json\",\"referer\":\"http://localhost:4200/login?returnUrl=%2Fmain%2Fdashboard\",\"accept-encoding\":\"gzip, deflate, br\",\"accept-language\":\"en-US,en;q=0.9\"}', '2019-02-12 19:13:34', '2019-02-12 19:13:34'),
(3, 3, 'eyJhbGciOiJIUzI1NiIsInR5cCI6IkpXVCJ9.eyJ1c2VySWQiOjMsIm9yZ2FuaXphdGlvbiI6bnVsbCwicm9sZSI6Mywicm9sZUxldmVsIjozLCJlbWFpbCI6ImV4cGVydEB0ZXN0LmNvbSIsImlhdCI6MTU0OTk5ODgzNiwiZXhwIjoxNTUwMDg1MjM2fQ.KLvzEHDHYkPD-AzgPINWevsHGffH1w-z3ORTv7gIK9Q', '{\"host\":\"localhost:3000\",\"connection\":\"keep-alive\",\"content-length\":\"49\",\"accept\":\"application/json, text/plain, */*\",\"origin\":\"http://localhost:4200\",\"user-agent\":\"Mozilla/5.0 (Windows NT 10.0; Win64; x64) AppleWebKit/537.36 (KHTML, like Gecko) Chrome/71.0.3578.98 Safari/537.36\",\"content-type\":\"application/json\",\"referer\":\"http://localhost:4200/login?returnUrl=%2Fmain%2Fdashboard\",\"accept-encoding\":\"gzip, deflate, br\",\"accept-language\":\"en-US,en;q=0.9\"}', '2019-02-12 19:13:56', '2019-02-12 19:13:56'),
(4, 4, 'eyJhbGciOiJIUzI1NiIsInR5cCI6IkpXVCJ9.eyJ1c2VySWQiOjQsIm9yZ2FuaXphdGlvbiI6bnVsbCwicm9sZSI6NSwicm9sZUxldmVsIjo0LCJlbWFpbCI6InVzZXJAdGVzdC5jb20iLCJpYXQiOjE1NDk5OTg4NjAsImV4cCI6MTU1MDA4NTI2MH0.E1qH_FD7YVERemRjNeKhUzhruCCA8LHHIvrxMjZE3js', '{\"host\":\"localhost:3000\",\"connection\":\"keep-alive\",\"content-length\":\"47\",\"accept\":\"application/json, text/plain, */*\",\"origin\":\"http://localhost:4200\",\"user-agent\":\"Mozilla/5.0 (Windows NT 10.0; Win64; x64) AppleWebKit/537.36 (KHTML, like Gecko) Chrome/71.0.3578.98 Safari/537.36\",\"content-type\":\"application/json\",\"referer\":\"http://localhost:4200/login?returnUrl=%2Fmain%2Fdashboard\",\"accept-encoding\":\"gzip, deflate, br\",\"accept-language\":\"en-US,en;q=0.9\"}', '2019-02-12 19:14:20', '2019-02-12 19:14:20'),
(5, 1, 'eyJhbGciOiJIUzI1NiIsInR5cCI6IkpXVCJ9.eyJ1c2VySWQiOjEsIm9yZ2FuaXphdGlvbiI6bnVsbCwicm9sZSI6Miwicm9sZUxldmVsIjoyLCJlbWFpbCI6ImFkbWluQHRlc3QuY29tIiwiaWF0IjoxNTUwMDM2ODUwLCJleHAiOjE1NTAxMjMyNTB9.RmiREjS18fhC-upvplaQOqwA7KAprLGbDCP27zfbH-U', '{\"host\":\"192.168.0.126:3000\",\"connection\":\"keep-alive\",\"content-length\":\"48\",\"accept\":\"application/json, text/plain, */*\",\"origin\":\"http://localhost:4200\",\"authorization\":\"eyJhbGciOiJIUzI1NiIsInR5cCI6IkpXVCJ9.eyJ1c2VySWQiOjQsIm9yZ2FuaXphdGlvbiI6bnVsbCwicm9sZSI6NSwicm9sZUxldmVsIjo0LCJlbWFpbCI6InVzZXJAdGVzdC5jb20iLCJpYXQiOjE1NDk5OTg4NjAsImV4cCI6MTU1MDA4NTI2MH0.E1qH_FD7YVERemRjNeKhUzhruCCA8LHHIvrxMjZE3js\",\"user-agent\":\"Mozilla/5.0 (Windows NT 10.0; Win64; x64) AppleWebKit/537.36 (KHTML, like Gecko) Chrome/71.0.3578.98 Safari/537.36\",\"content-type\":\"application/json\",\"referer\":\"http://localhost:4200/login\",\"accept-encoding\":\"gzip, deflate\",\"accept-language\":\"en-US,en;q=0.9\"}', '2019-02-13 05:47:30', '2019-02-13 05:47:30'),
(6, 5, 'eyJhbGciOiJIUzI1NiIsInR5cCI6IkpXVCJ9.eyJ1c2VySWQiOjUsIm9yZ2FuaXphdGlvbiI6MSwicm9sZSI6NCwicm9sZUxldmVsIjozLCJlbWFpbCI6InByYXNhbnRoc2FpMjdAZ21haWwuY29tIiwiaWF0IjoxNTUwMDQxMTcwLCJleHAiOjE1NTAxMjc1NzB9.X1vUTQvhX7PzZsHvdUFc_4H9-99XNIuOlTPmtGYYB8s', '{\"host\":\"192.168.0.126:3000\",\"connection\":\"keep-alive\",\"content-length\":\"57\",\"accept\":\"application/json, text/plain, */*\",\"origin\":\"http://localhost:4200\",\"user-agent\":\"Mozilla/5.0 (Windows NT 10.0; Win64; x64) AppleWebKit/537.36 (KHTML, like Gecko) Chrome/71.0.3578.98 Safari/537.36\",\"content-type\":\"application/json\",\"referer\":\"http://localhost:4200/login?returnUrl=%2Fmain%2Fquestions\",\"accept-encoding\":\"gzip, deflate\",\"accept-language\":\"en-US,en;q=0.9\"}', '2019-02-13 06:59:30', '2019-02-13 06:59:30'),
(7, 6, 'eyJhbGciOiJIUzI1NiIsInR5cCI6IkpXVCJ9.eyJ1c2VySWQiOjYsIm9yZ2FuaXphdGlvbiI6bnVsbCwicm9sZSI6NSwicm9sZUxldmVsIjo0LCJlbWFpbCI6InN1ZGhlZXJrdW1hcjEyMUBnbWFpbC5jb20iLCJpYXQiOjE1NTAwNDIzOTksImV4cCI6MTU1MDEyODc5OX0.m9dRXIFc6NVUriG9TWgLMoo6co_MBkdRqP1eXk59CMc', '{\"host\":\"192.168.0.126:3000\",\"connection\":\"keep-alive\",\"content-length\":\"59\",\"accept\":\"application/json, text/plain, */*\",\"origin\":\"http://localhost:4200\",\"user-agent\":\"Mozilla/5.0 (Windows NT 10.0; Win64; x64) AppleWebKit/537.36 (KHTML, like Gecko) Chrome/71.0.3578.98 Safari/537.36\",\"content-type\":\"application/json\",\"referer\":\"http://localhost:4200/login\",\"accept-encoding\":\"gzip, deflate\",\"accept-language\":\"en-US,en;q=0.9\"}', '2019-02-13 07:19:59', '2019-02-13 07:19:59'),
(8, 1, 'eyJhbGciOiJIUzI1NiIsInR5cCI6IkpXVCJ9.eyJ1c2VySWQiOjEsIm9yZ2FuaXphdGlvbiI6bnVsbCwicm9sZSI6Miwicm9sZUxldmVsIjoyLCJlbWFpbCI6ImFkbWluQHRlc3QuY29tIiwiaWF0IjoxNTUwMDQ0NjMwLCJleHAiOjE1NTAxMzEwMzB9.oq4f9h_PVljvPr5CDvKpMfU0eF6ckQNAzv7NKzwxcmA', '{\"host\":\"192.168.0.126:3000\",\"connection\":\"keep-alive\",\"content-length\":\"48\",\"accept\":\"application/json, text/plain, */*\",\"origin\":\"http://localhost:4200\",\"user-agent\":\"Mozilla/5.0 (Windows NT 6.1; Win64; x64) AppleWebKit/537.36 (KHTML, like Gecko) Chrome/72.0.3626.96 Safari/537.36\",\"content-type\":\"application/json\",\"referer\":\"http://localhost:4200/login\",\"accept-encoding\":\"gzip, deflate\",\"accept-language\":\"en-IN,en-GB;q=0.9,en-US;q=0.8,en;q=0.7\"}', '2019-02-13 07:57:10', '2019-02-13 07:57:10'),
(9, 2, 'eyJhbGciOiJIUzI1NiIsInR5cCI6IkpXVCJ9.eyJ1c2VySWQiOjIsIm9yZ2FuaXphdGlvbiI6bnVsbCwicm9sZSI6MSwicm9sZUxldmVsIjoxLCJlbWFpbCI6InN1cGVyQHRlc3QuY29tIiwiaWF0IjoxNTUwMDQ0ODk2LCJleHAiOjE1NTAxMzEyOTZ9.jzT58rXb4alveY0gD1cr9B7HmK13qvqpt7GO4vqrpsE', '{\"host\":\"192.168.0.126:3000\",\"connection\":\"keep-alive\",\"content-length\":\"48\",\"accept\":\"application/json, text/plain, */*\",\"origin\":\"http://localhost:4200\",\"user-agent\":\"Mozilla/5.0 (Windows NT 10.0; Win64; x64) AppleWebKit/537.36 (KHTML, like Gecko) Chrome/71.0.3578.98 Safari/537.36\",\"content-type\":\"application/json\",\"referer\":\"http://localhost:4200/login\",\"accept-encoding\":\"gzip, deflate\",\"accept-language\":\"en-US,en;q=0.9\"}', '2019-02-13 08:01:36', '2019-02-13 08:01:36'),
(10, 1, 'eyJhbGciOiJIUzI1NiIsInR5cCI6IkpXVCJ9.eyJ1c2VySWQiOjEsIm9yZ2FuaXphdGlvbiI6bnVsbCwicm9sZSI6Miwicm9sZUxldmVsIjoyLCJlbWFpbCI6ImFkbWluQHRlc3QuY29tIiwiaWF0IjoxNTUwMDQ1MDExLCJleHAiOjE1NTAxMzE0MTF9.870tp5l76GYEhyD1F5bnOZ820JVkhBj2EdTKFBmKjpg', '{\"host\":\"192.168.0.126:3000\",\"connection\":\"keep-alive\",\"content-length\":\"48\",\"accept\":\"application/json, text/plain, */*\",\"origin\":\"http://localhost:4200\",\"user-agent\":\"Mozilla/5.0 (Windows NT 10.0; Win64; x64) AppleWebKit/537.36 (KHTML, like Gecko) Chrome/71.0.3578.98 Safari/537.36\",\"content-type\":\"application/json\",\"referer\":\"http://localhost:4200/login?returnUrl=%2Fmain%2Fdashboard\",\"accept-encoding\":\"gzip, deflate\",\"accept-language\":\"en-US,en;q=0.9\"}', '2019-02-13 08:03:31', '2019-02-13 08:03:31'),
(11, 3, 'eyJhbGciOiJIUzI1NiIsInR5cCI6IkpXVCJ9.eyJ1c2VySWQiOjMsIm9yZ2FuaXphdGlvbiI6bnVsbCwicm9sZSI6Mywicm9sZUxldmVsIjozLCJlbWFpbCI6ImV4cGVydEB0ZXN0LmNvbSIsImlhdCI6MTU1MDA0NTE0MSwiZXhwIjoxNTUwMTMxNTQxfQ.uzUB8J23pwS8-8o3cfkpsIs1_-1NQuUDvxP669m4PdQ', '{\"host\":\"192.168.0.126:3000\",\"connection\":\"keep-alive\",\"content-length\":\"49\",\"accept\":\"application/json, text/plain, */*\",\"origin\":\"http://localhost:4200\",\"user-agent\":\"Mozilla/5.0 (Windows NT 10.0; Win64; x64) AppleWebKit/537.36 (KHTML, like Gecko) Chrome/71.0.3578.98 Safari/537.36\",\"content-type\":\"application/json\",\"referer\":\"http://localhost:4200/login?returnUrl=%2Fmain%2Fuserinterview\",\"accept-encoding\":\"gzip, deflate\",\"accept-language\":\"en-US,en;q=0.9\"}', '2019-02-13 08:05:41', '2019-02-13 08:05:41'),
(12, 1, 'eyJhbGciOiJIUzI1NiIsInR5cCI6IkpXVCJ9.eyJ1c2VySWQiOjEsIm9yZ2FuaXphdGlvbiI6bnVsbCwicm9sZSI6Miwicm9sZUxldmVsIjoyLCJlbWFpbCI6ImFkbWluQHRlc3QuY29tIiwiaWF0IjoxNTUwMDQ5MjU2LCJleHAiOjE1NTAxMzU2NTZ9.RrmEjK5HUXeNgSpnNzJneR4nGdmueFZ1MnCRoHQYuhk', '{\"host\":\"192.168.0.126:3000\",\"connection\":\"keep-alive\",\"content-length\":\"48\",\"accept\":\"application/json, text/plain, */*\",\"origin\":\"http://localhost:4200\",\"user-agent\":\"Mozilla/5.0 (Windows NT 10.0; Win64; x64) AppleWebKit/537.36 (KHTML, like Gecko) Chrome/71.0.3578.98 Safari/537.36\",\"content-type\":\"application/json\",\"referer\":\"http://localhost:4200/login\",\"accept-encoding\":\"gzip, deflate\",\"accept-language\":\"en-US,en;q=0.9\"}', '2019-02-13 09:14:16', '2019-02-13 09:14:16'),
(13, 3, 'eyJhbGciOiJIUzI1NiIsInR5cCI6IkpXVCJ9.eyJ1c2VySWQiOjMsIm9yZ2FuaXphdGlvbiI6bnVsbCwicm9sZSI6Mywicm9sZUxldmVsIjozLCJlbWFpbCI6ImV4cGVydEB0ZXN0LmNvbSIsImlhdCI6MTU1MDA0OTQ3OSwiZXhwIjoxNTUwMTM1ODc5fQ.4ACp_QPfUjS6QDBONWBwMGYFeXUy97C2EjWzt5K3wYc', '{\"host\":\"192.168.0.126:3000\",\"connection\":\"keep-alive\",\"content-length\":\"49\",\"accept\":\"application/json, text/plain, */*\",\"origin\":\"http://localhost:4200\",\"user-agent\":\"Mozilla/5.0 (Windows NT 10.0; Win64; x64) AppleWebKit/537.36 (KHTML, like Gecko) Chrome/71.0.3578.98 Safari/537.36\",\"content-type\":\"application/json\",\"referer\":\"http://localhost:4200/login?returnUrl=%2Fmain%2Fdashboard\",\"accept-encoding\":\"gzip, deflate\",\"accept-language\":\"en-US,en;q=0.9\"}', '2019-02-13 09:17:59', '2019-02-13 09:17:59'),
(14, 1, 'eyJhbGciOiJIUzI1NiIsInR5cCI6IkpXVCJ9.eyJ1c2VySWQiOjEsIm9yZ2FuaXphdGlvbiI6bnVsbCwicm9sZSI6Miwicm9sZUxldmVsIjoyLCJlbWFpbCI6ImFkbWluQHRlc3QuY29tIiwiaWF0IjoxNTUwMDUwMjE3LCJleHAiOjE1NTAxMzY2MTd9.tftExbxxmBc0nE48Ts3ukIr6FLqLCglezdiZPWdXQME', '{\"host\":\"192.168.0.126:3000\",\"connection\":\"keep-alive\",\"content-length\":\"48\",\"accept\":\"application/json, text/plain, */*\",\"origin\":\"http://localhost:4200\",\"user-agent\":\"Mozilla/5.0 (Windows NT 10.0; Win64; x64) AppleWebKit/537.36 (KHTML, like Gecko) Chrome/71.0.3578.98 Safari/537.36\",\"content-type\":\"application/json\",\"referer\":\"http://localhost:4200/login?returnUrl=%2Fmain%2Fdashboard\",\"accept-encoding\":\"gzip, deflate\",\"accept-language\":\"en-US,en;q=0.9\"}', '2019-02-13 09:30:17', '2019-02-13 09:30:17'),
(15, 1, 'eyJhbGciOiJIUzI1NiIsInR5cCI6IkpXVCJ9.eyJ1c2VySWQiOjEsIm9yZ2FuaXphdGlvbiI6bnVsbCwicm9sZSI6Miwicm9sZUxldmVsIjoyLCJlbWFpbCI6ImFkbWluQHRlc3QuY29tIiwiaWF0IjoxNTUwMDUzMzMzLCJleHAiOjE1NTAxMzk3MzN9.vCcpyc1w7orLIX5c0Xcl4HgQyM53h5KYLJPErrZKNR0', '{\"host\":\"192.168.0.126:3000\",\"connection\":\"keep-alive\",\"content-length\":\"48\",\"accept\":\"application/json, text/plain, */*\",\"origin\":\"http://localhost:4200\",\"authorization\":\"eyJhbGciOiJIUzI1NiIsInR5cCI6IkpXVCJ9.eyJ1c2VySWQiOjEsIm9yZ2FuaXphdGlvbiI6MSwicm9sZSI6MSwicm9sZUxldmVsIjoxLCJlbWFpbCI6InN1ZGhlZXJrdW1hcjEyMUBnbWFpbC5jb20iLCJpYXQiOjE1NTAwMzMwNDcsImV4cCI6MTU1MDExOTQ0N30.dme7xpmx58bmvijXdrVAH21vnzVMRi3plHpn5PkPQaI\",\"user-agent\":\"Mozilla/5.0 (Windows NT 10.0; Win64; x64) AppleWebKit/537.36 (KHTML, like Gecko) Chrome/71.0.3578.98 Safari/537.36\",\"content-type\":\"application/json\",\"referer\":\"http://localhost:4200/login\",\"accept-encoding\":\"gzip, deflate\",\"accept-language\":\"en-GB,en-US;q=0.9,en;q=0.8,te;q=0.7\"}', '2019-02-13 10:22:13', '2019-02-13 10:22:13'),
(16, 2, 'eyJhbGciOiJIUzI1NiIsInR5cCI6IkpXVCJ9.eyJ1c2VySWQiOjIsIm9yZ2FuaXphdGlvbiI6bnVsbCwicm9sZSI6MSwicm9sZUxldmVsIjoxLCJlbWFpbCI6InN1cGVyQHRlc3QuY29tIiwiaWF0IjoxNTUwMDUzNDE4LCJleHAiOjE1NTAxMzk4MTh9.U4uKZGv9SaR8bYwPxZweVR4Zpl6Cq6Wpz2dVoBUesv8', '{\"host\":\"192.168.0.126:3000\",\"connection\":\"keep-alive\",\"content-length\":\"48\",\"accept\":\"application/json, text/plain, */*\",\"origin\":\"http://localhost:4200\",\"user-agent\":\"Mozilla/5.0 (Windows NT 10.0; Win64; x64) AppleWebKit/537.36 (KHTML, like Gecko) Chrome/71.0.3578.98 Safari/537.36\",\"content-type\":\"application/json\",\"referer\":\"http://localhost:4200/login\",\"accept-encoding\":\"gzip, deflate\",\"accept-language\":\"en-GB,en-US;q=0.9,en;q=0.8,te;q=0.7\"}', '2019-02-13 10:23:38', '2019-02-13 10:23:38'),
(17, 1, 'eyJhbGciOiJIUzI1NiIsInR5cCI6IkpXVCJ9.eyJ1c2VySWQiOjEsIm9yZ2FuaXphdGlvbiI6bnVsbCwicm9sZSI6Miwicm9sZUxldmVsIjoyLCJlbWFpbCI6ImFkbWluQHRlc3QuY29tIiwiaWF0IjoxNTUwMDUzNjA5LCJleHAiOjE1NTAxNDAwMDl9.0DhLzd7HKlJz5TNjAoyvzInfkG473xR3KoN2I5s_0VE', '{\"host\":\"192.168.0.126:3000\",\"connection\":\"keep-alive\",\"content-length\":\"48\",\"accept\":\"application/json, text/plain, */*\",\"origin\":\"http://localhost:4200\",\"user-agent\":\"Mozilla/5.0 (Windows NT 10.0; Win64; x64) AppleWebKit/537.36 (KHTML, like Gecko) Chrome/71.0.3578.98 Safari/537.36\",\"content-type\":\"application/json\",\"referer\":\"http://localhost:4200/login\",\"accept-encoding\":\"gzip, deflate\",\"accept-language\":\"en-GB,en-US;q=0.9,en;q=0.8,te;q=0.7\"}', '2019-02-13 10:26:49', '2019-02-13 10:26:49'),
(18, 2, 'eyJhbGciOiJIUzI1NiIsInR5cCI6IkpXVCJ9.eyJ1c2VySWQiOjIsIm9yZ2FuaXphdGlvbiI6bnVsbCwicm9sZSI6MSwicm9sZUxldmVsIjoxLCJlbWFpbCI6InN1cGVyQHRlc3QuY29tIiwiaWF0IjoxNTUwMDUzNjczLCJleHAiOjE1NTAxNDAwNzN9.k7R-o-ffPpbFIv3uqq_K8yHa206_XNLNUkBNgMzFaLA', '{\"host\":\"192.168.0.126:3000\",\"connection\":\"keep-alive\",\"content-length\":\"48\",\"accept\":\"application/json, text/plain, */*\",\"origin\":\"http://localhost:4200\",\"user-agent\":\"Mozilla/5.0 (Windows NT 10.0; Win64; x64) AppleWebKit/537.36 (KHTML, like Gecko) Chrome/71.0.3578.98 Safari/537.36\",\"content-type\":\"application/json\",\"referer\":\"http://localhost:4200/login?returnUrl=%2Fmain%2Fbulkquestions\",\"accept-encoding\":\"gzip, deflate\",\"accept-language\":\"en-GB,en-US;q=0.9,en;q=0.8,te;q=0.7\"}', '2019-02-13 10:27:53', '2019-02-13 10:27:53'),
(19, 1, 'eyJhbGciOiJIUzI1NiIsInR5cCI6IkpXVCJ9.eyJ1c2VySWQiOjEsIm9yZ2FuaXphdGlvbiI6bnVsbCwicm9sZSI6Miwicm9sZUxldmVsIjoyLCJlbWFpbCI6ImFkbWluQHRlc3QuY29tIiwiaWF0IjoxNTUwMDUzODEyLCJleHAiOjE1NTAxNDAyMTJ9.5dKfCL_Yl10w3XJ7CYehzJ1gQ10zIAq1s_mzfFZ1bHU', '{\"host\":\"192.168.0.126:3000\",\"connection\":\"keep-alive\",\"content-length\":\"48\",\"accept\":\"application/json, text/plain, */*\",\"origin\":\"http://localhost:4200\",\"user-agent\":\"Mozilla/5.0 (Windows NT 10.0; Win64; x64) AppleWebKit/537.36 (KHTML, like Gecko) Chrome/71.0.3578.98 Safari/537.36\",\"content-type\":\"application/json\",\"referer\":\"http://localhost:4200/login\",\"accept-encoding\":\"gzip, deflate\",\"accept-language\":\"en-GB,en-US;q=0.9,en;q=0.8,te;q=0.7\"}', '2019-02-13 10:30:12', '2019-02-13 10:30:12'),
(20, 1, 'eyJhbGciOiJIUzI1NiIsInR5cCI6IkpXVCJ9.eyJ1c2VySWQiOjEsIm9yZ2FuaXphdGlvbiI6bnVsbCwicm9sZSI6Miwicm9sZUxldmVsIjoyLCJlbWFpbCI6ImFkbWluQHRlc3QuY29tIiwiaWF0IjoxNTUwMDUzODE0LCJleHAiOjE1NTAxNDAyMTR9.dl9O9bOznHv-c_BKMNgPXwxejcki5snoRAtndyUM6yI', '{\"host\":\"192.168.0.126:3000\",\"connection\":\"keep-alive\",\"content-length\":\"48\",\"accept\":\"application/json, text/plain, */*\",\"origin\":\"http://localhost:4200\",\"user-agent\":\"Mozilla/5.0 (Windows NT 10.0; Win64; x64) AppleWebKit/537.36 (KHTML, like Gecko) Chrome/72.0.3626.96 Safari/537.36\",\"content-type\":\"application/json\",\"referer\":\"http://localhost:4200/login?returnUrl=%2Fmain%2Fquestions\",\"accept-encoding\":\"gzip, deflate\",\"accept-language\":\"en-GB,en-US;q=0.9,en;q=0.8\"}', '2019-02-13 10:30:14', '2019-02-13 10:30:14'),
(21, 6, 'eyJhbGciOiJIUzI1NiIsInR5cCI6IkpXVCJ9.eyJ1c2VySWQiOjYsIm9yZ2FuaXphdGlvbiI6bnVsbCwicm9sZSI6NSwicm9sZUxldmVsIjo0LCJlbWFpbCI6InN1ZGhlZXJrdW1hcjEyMUBnbWFpbC5jb20iLCJpYXQiOjE1NTAwNTM4NzcsImV4cCI6MTU1MDE0MDI3N30.3KJ_E5T6AclJ28VXboW-1D8RHAUSv_9tkn-JED_M958', '{\"host\":\"192.168.0.126:3000\",\"connection\":\"keep-alive\",\"content-length\":\"59\",\"accept\":\"application/json, text/plain, */*\",\"origin\":\"http://localhost:4200\",\"user-agent\":\"Mozilla/5.0 (Windows NT 10.0; Win64; x64) AppleWebKit/537.36 (KHTML, like Gecko) Chrome/71.0.3578.98 Safari/537.36\",\"content-type\":\"application/json\",\"referer\":\"http://localhost:4200/login?returnUrl=%2Fmain%2Fuserinterview\",\"accept-encoding\":\"gzip, deflate\",\"accept-language\":\"en-GB,en-US;q=0.9,en;q=0.8,te;q=0.7\"}', '2019-02-13 10:31:17', '2019-02-13 10:31:17'),
(22, 5, 'eyJhbGciOiJIUzI1NiIsInR5cCI6IkpXVCJ9.eyJ1c2VySWQiOjUsIm9yZ2FuaXphdGlvbiI6MSwicm9sZSI6NCwicm9sZUxldmVsIjozLCJlbWFpbCI6InByYXNhbnRoc2FpMjdAZ21haWwuY29tIiwiaWF0IjoxNTUwMDUzOTQ0LCJleHAiOjE1NTAxNDAzNDR9.QaCB8a7ivcEnmmCseEyP54DV7mkkJnbdYpBVDNMGr1M', '{\"host\":\"192.168.0.126:3000\",\"connection\":\"keep-alive\",\"content-length\":\"57\",\"accept\":\"application/json, text/plain, */*\",\"origin\":\"http://localhost:4200\",\"authorization\":\"eyJhbGciOiJIUzI1NiIsInR5cCI6IkpXVCJ9.eyJ1c2VySWQiOjYsIm9yZ2FuaXphdGlvbiI6bnVsbCwicm9sZSI6NSwicm9sZUxldmVsIjo0LCJlbWFpbCI6InN1ZGhlZXJrdW1hcjEyMUBnbWFpbC5jb20iLCJpYXQiOjE1NTAwNTM4NzcsImV4cCI6MTU1MDE0MDI3N30.3KJ_E5T6AclJ28VXboW-1D8RHAUSv_9tkn-JED_M958\",\"user-agent\":\"Mozilla/5.0 (Windows NT 10.0; Win64; x64) AppleWebKit/537.36 (KHTML, like Gecko) Chrome/71.0.3578.98 Safari/537.36\",\"content-type\":\"application/json\",\"referer\":\"http://localhost:4200/login\",\"accept-encoding\":\"gzip, deflate\",\"accept-language\":\"en-GB,en-US;q=0.9,en;q=0.8,te;q=0.7\"}', '2019-02-13 10:32:24', '2019-02-13 10:32:24'),
(23, 1, 'eyJhbGciOiJIUzI1NiIsInR5cCI6IkpXVCJ9.eyJ1c2VySWQiOjEsIm9yZ2FuaXphdGlvbiI6bnVsbCwicm9sZSI6Miwicm9sZUxldmVsIjoyLCJlbWFpbCI6ImFkbWluQHRlc3QuY29tIiwiaWF0IjoxNTUwMDU0MDAyLCJleHAiOjE1NTAxNDA0MDJ9.wLPYUriInU1ZoSSkDkhZRFf16VUGal1jSHnvWx2MsNY', '{\"host\":\"192.168.0.126:3000\",\"connection\":\"keep-alive\",\"content-length\":\"48\",\"accept\":\"application/json, text/plain, */*\",\"origin\":\"http://localhost:4200\",\"user-agent\":\"Mozilla/5.0 (Windows NT 6.1; Win64; x64) AppleWebKit/537.36 (KHTML, like Gecko) Chrome/72.0.3626.96 Safari/537.36\",\"content-type\":\"application/json\",\"referer\":\"http://localhost:4200/login?returnUrl=%2Fmain%2Fquestions\",\"accept-encoding\":\"gzip, deflate\",\"accept-language\":\"en-IN,en-GB;q=0.9,en-US;q=0.8,en;q=0.7\"}', '2019-02-13 10:33:22', '2019-02-13 10:33:22'),
(24, 7, 'eyJhbGciOiJIUzI1NiIsInR5cCI6IkpXVCJ9.eyJ1c2VySWQiOjcsIm9yZ2FuaXphdGlvbiI6bnVsbCwicm9sZSI6NSwicm9sZUxldmVsIjo0LCJlbWFpbCI6Im11cmFseXRlY2hub3MxMjI2QGdtYWlsLmNvbSIsImlhdCI6MTU1MDA1NDE4MCwiZXhwIjoxNTUwMTQwNTgwfQ.-37j3NJB-X1JR4M35PTUBrNmL_0HeCcF1gdlrP1kFhg', '{\"host\":\"192.168.0.126:3000\",\"connection\":\"keep-alive\",\"content-length\":\"59\",\"accept\":\"application/json, text/plain, */*\",\"origin\":\"http://localhost:4200\",\"user-agent\":\"Mozilla/5.0 (Windows NT 10.0; Win64; x64) AppleWebKit/537.36 (KHTML, like Gecko) Chrome/71.0.3578.98 Safari/537.36\",\"content-type\":\"application/json\",\"referer\":\"http://localhost:4200/login\",\"accept-encoding\":\"gzip, deflate\",\"accept-language\":\"en-GB,en-US;q=0.9,en;q=0.8,te;q=0.7\"}', '2019-02-13 10:36:20', '2019-02-13 10:36:20'),
(25, 1, 'eyJhbGciOiJIUzI1NiIsInR5cCI6IkpXVCJ9.eyJ1c2VySWQiOjEsIm9yZ2FuaXphdGlvbiI6bnVsbCwicm9sZSI6Miwicm9sZUxldmVsIjoyLCJlbWFpbCI6ImFkbWluQHRlc3QuY29tIiwiaWF0IjoxNTUwMDU4NjIwLCJleHAiOjE1NTAxNDUwMjB9.A10kXMaouLBsoVn8yUxI9dhWFLcb3xdFIGyJrJhHntw', '{\"host\":\"192.168.0.126:3000\",\"connection\":\"keep-alive\",\"content-length\":\"48\",\"accept\":\"application/json, text/plain, */*\",\"origin\":\"http://localhost:4200\",\"authorization\":\"eyJhbGciOiJIUzI1NiIsInR5cCI6IkpXVCJ9.eyJ1c2VySWQiOjcsIm9yZ2FuaXphdGlvbiI6bnVsbCwicm9sZSI6NSwicm9sZUxldmVsIjo0LCJlbWFpbCI6Im11cmFseXRlY2hub3MxMjI2QGdtYWlsLmNvbSIsImlhdCI6MTU1MDA1NDE4MCwiZXhwIjoxNTUwMTQwNTgwfQ.-37j3NJB-X1JR4M35PTUBrNmL_0HeCcF1gdlrP1kFhg\",\"user-agent\":\"Mozilla/5.0 (Windows NT 10.0; Win64; x64) AppleWebKit/537.36 (KHTML, like Gecko) Chrome/71.0.3578.98 Safari/537.36\",\"content-type\":\"application/json\",\"referer\":\"http://localhost:4200/login\",\"accept-encoding\":\"gzip, deflate\",\"accept-language\":\"en-GB,en-US;q=0.9,en;q=0.8,te;q=0.7\"}', '2019-02-13 11:50:20', '2019-02-13 11:50:20'),
(26, 3, 'eyJhbGciOiJIUzI1NiIsInR5cCI6IkpXVCJ9.eyJ1c2VySWQiOjMsIm9yZ2FuaXphdGlvbiI6bnVsbCwicm9sZSI6Mywicm9sZUxldmVsIjozLCJlbWFpbCI6ImV4cGVydEB0ZXN0LmNvbSIsImlhdCI6MTU1MDA1ODgwNywiZXhwIjoxNTUwMTQ1MjA3fQ.Fswb60SHOr-V2iSZQ18nad0URYvosawTXBSRD8pG9G4', '{\"host\":\"192.168.0.126:3000\",\"connection\":\"keep-alive\",\"content-length\":\"49\",\"accept\":\"application/json, text/plain, */*\",\"origin\":\"http://localhost:4200\",\"user-agent\":\"Mozilla/5.0 (Windows NT 10.0; Win64; x64) AppleWebKit/537.36 (KHTML, like Gecko) Chrome/71.0.3578.98 Safari/537.36\",\"content-type\":\"application/json\",\"referer\":\"http://localhost:4200/login?returnUrl=%2Fmain%2Fuserprofile\",\"accept-encoding\":\"gzip, deflate\",\"accept-language\":\"en-US,en;q=0.9\"}', '2019-02-13 11:53:27', '2019-02-13 11:53:27'),
(27, 3, 'eyJhbGciOiJIUzI1NiIsInR5cCI6IkpXVCJ9.eyJ1c2VySWQiOjMsIm9yZ2FuaXphdGlvbiI6bnVsbCwicm9sZSI6Mywicm9sZUxldmVsIjozLCJlbWFpbCI6ImV4cGVydEB0ZXN0LmNvbSIsImlhdCI6MTU1MDA1ODg2MSwiZXhwIjoxNTUwMTQ1MjYxfQ.VBiDi0mxjtmfs9CLHP7Kxu2eB0cybBlvmCp3MRb6szs', '{\"host\":\"192.168.0.126:3000\",\"connection\":\"keep-alive\",\"content-length\":\"49\",\"accept\":\"application/json, text/plain, */*\",\"origin\":\"http://localhost:4200\",\"user-agent\":\"Mozilla/5.0 (Windows NT 10.0; Win64; x64) AppleWebKit/537.36 (KHTML, like Gecko) Chrome/71.0.3578.98 Safari/537.36\",\"content-type\":\"application/json\",\"referer\":\"http://localhost:4200/login?returnUrl=%2Fmain%2Fuserdomainmap\",\"accept-encoding\":\"gzip, deflate\",\"accept-language\":\"en-GB,en-US;q=0.9,en;q=0.8,te;q=0.7\"}', '2019-02-13 11:54:21', '2019-02-13 11:54:21'),
(28, 1, 'eyJhbGciOiJIUzI1NiIsInR5cCI6IkpXVCJ9.eyJ1c2VySWQiOjEsIm9yZ2FuaXphdGlvbiI6bnVsbCwicm9sZSI6Miwicm9sZUxldmVsIjoyLCJlbWFpbCI6ImFkbWluQHRlc3QuY29tIiwiaWF0IjoxNTUwMDU4OTQ1LCJleHAiOjE1NTAxNDUzNDV9.ePMOBaXZsAHy0rV4OwdMbQOGd4j1QgBuRuks0SnpMxI', '{\"host\":\"192.168.0.126:3000\",\"connection\":\"keep-alive\",\"content-length\":\"48\",\"accept\":\"application/json, text/plain, */*\",\"origin\":\"http://localhost:4200\",\"user-agent\":\"Mozilla/5.0 (Windows NT 10.0; Win64; x64) AppleWebKit/537.36 (KHTML, like Gecko) Chrome/71.0.3578.98 Safari/537.36\",\"content-type\":\"application/json\",\"referer\":\"http://localhost:4200/login?returnUrl=%2Fmain%2Fexpertreview\",\"accept-encoding\":\"gzip, deflate\",\"accept-language\":\"en-GB,en-US;q=0.9,en;q=0.8,te;q=0.7\"}', '2019-02-13 11:55:45', '2019-02-13 11:55:45'),
(29, 3, 'eyJhbGciOiJIUzI1NiIsInR5cCI6IkpXVCJ9.eyJ1c2VySWQiOjMsIm9yZ2FuaXphdGlvbiI6bnVsbCwicm9sZSI6Mywicm9sZUxldmVsIjozLCJlbWFpbCI6ImV4cGVydEB0ZXN0LmNvbSIsImlhdCI6MTU1MDA1OTI0MCwiZXhwIjoxNTUwMTQ1NjQwfQ.mSslZyeHBWFvgjy43pk5KzccvJcY53IBC6l1SCVwSAM', '{\"host\":\"192.168.0.126:3000\",\"connection\":\"keep-alive\",\"content-length\":\"49\",\"accept\":\"application/json, text/plain, */*\",\"origin\":\"http://localhost:4200\",\"authorization\":\"eyJhbGciOiJIUzI1NiIsInR5cCI6IkpXVCJ9.eyJ1c2VySWQiOjMsIm9yZ2FuaXphdGlvbiI6bnVsbCwicm9sZSI6Mywicm9sZUxldmVsIjozLCJlbWFpbCI6ImV4cGVydEB0ZXN0LmNvbSIsImlhdCI6MTU1MDA1ODgwNywiZXhwIjoxNTUwMTQ1MjA3fQ.Fswb60SHOr-V2iSZQ18nad0URYvosawTXBSRD8pG9G4\",\"user-agent\":\"Mozilla/5.0 (Windows NT 10.0; Win64; x64) AppleWebKit/537.36 (KHTML, like Gecko) Chrome/71.0.3578.98 Safari/537.36\",\"content-type\":\"application/json\",\"referer\":\"http://localhost:4200/login\",\"accept-encoding\":\"gzip, deflate\",\"accept-language\":\"en-US,en;q=0.9\"}', '2019-02-13 12:00:40', '2019-02-13 12:00:40'),
(30, 3, 'eyJhbGciOiJIUzI1NiIsInR5cCI6IkpXVCJ9.eyJ1c2VySWQiOjMsIm9yZ2FuaXphdGlvbiI6bnVsbCwicm9sZSI6Mywicm9sZUxldmVsIjozLCJlbWFpbCI6ImV4cGVydEB0ZXN0LmNvbSIsImlhdCI6MTU1MDA2MDI2NSwiZXhwIjoxNTUwMTQ2NjY1fQ.4R_8Wy-1_o-Mi-1gc2-tDzrR1A6OsLCkGQzY2tRGkT4', '{\"host\":\"localhost:3000\",\"connection\":\"keep-alive\",\"content-length\":\"49\",\"authorization\":\"eyJhbGciOiJIUzI1NiIsInR5cCI6IkpXVCJ9.eyJ1c2VySWQiOjEsIm9yZ2FuaXphdGlvbiI6MTAsInJvbGUiOjEsImlhdCI6MTU0NzAxOTk5MSwiZXhwIjoxNTQ3MTA2MzkxfQ.cQMO2TGZrSUuOeZvQRJCEbJSoHlYjmotktsaL5m8e5A\",\"postman-token\":\"9cea451f-c100-24fa-75bc-9f9b6d4b3172\",\"cache-control\":\"no-cache\",\"origin\":\"chrome-extension://fhbjgbiflinjbdggehcddcbncdddomop\",\"user-agent\":\"Mozilla/5.0 (Windows NT 10.0; Win64; x64) AppleWebKit/537.36 (KHTML, like Gecko) Chrome/71.0.3578.98 Safari/537.36\",\"content-type\":\"application/json\",\"accept\":\"*/*\",\"accept-encoding\":\"gzip, deflate, br\",\"accept-language\":\"en-US,en;q=0.9\"}', '2019-02-13 12:17:45', '2019-02-13 12:17:45'),
(31, 6, 'eyJhbGciOiJIUzI1NiIsInR5cCI6IkpXVCJ9.eyJ1c2VySWQiOjYsIm9yZ2FuaXphdGlvbiI6bnVsbCwicm9sZSI6NSwicm9sZUxldmVsIjo0LCJlbWFpbCI6InN1ZGhlZXJrdW1hcjEyMUBnbWFpbC5jb20iLCJpYXQiOjE1NTAwNjEyMTgsImV4cCI6MTU1MDE0NzYxOH0.ZcsJ9CnDbdWnA6R2godPLkH9wm7lOmVw3Y7cLRUj4dI', '{\"host\":\"192.168.0.126:3000\",\"connection\":\"keep-alive\",\"content-length\":\"59\",\"accept\":\"application/json, text/plain, */*\",\"origin\":\"http://localhost:4200\",\"user-agent\":\"Mozilla/5.0 (Windows NT 10.0; Win64; x64) AppleWebKit/537.36 (KHTML, like Gecko) Chrome/71.0.3578.98 Safari/537.36\",\"content-type\":\"application/json\",\"referer\":\"http://localhost:4200/login?returnUrl=%2Fmain%2Fpaymentmgmt\",\"accept-encoding\":\"gzip, deflate\",\"accept-language\":\"en-GB,en-US;q=0.9,en;q=0.8,te;q=0.7\"}', '2019-02-13 12:33:38', '2019-02-13 12:33:38'),
(32, 1, 'eyJhbGciOiJIUzI1NiIsInR5cCI6IkpXVCJ9.eyJ1c2VySWQiOjEsIm9yZ2FuaXphdGlvbiI6bnVsbCwicm9sZSI6Miwicm9sZUxldmVsIjoyLCJlbWFpbCI6ImFkbWluQHRlc3QuY29tIiwiaWF0IjoxNTUwMDYyNTYxLCJleHAiOjE1NTAxNDg5NjF9.Dhx_eKEgAmB3hY6HZkmkKPelJiffCkh1a3pdRxqBbuA', '{\"host\":\"192.168.0.126:3000\",\"connection\":\"keep-alive\",\"content-length\":\"48\",\"accept\":\"application/json, text/plain, */*\",\"origin\":\"http://localhost:4200\",\"authorization\":\"eyJhbGciOiJIUzI1NiIsInR5cCI6IkpXVCJ9.eyJ1c2VySWQiOjEsIm9yZ2FuaXphdGlvbiI6bnVsbCwicm9sZSI6Miwicm9sZUxldmVsIjoyLCJlbWFpbCI6ImFkbWluQHRlc3QuY29tIiwiaWF0IjoxNTUwMDU0MDAyLCJleHAiOjE1NTAxNDA0MDJ9.wLPYUriInU1ZoSSkDkhZRFf16VUGal1jSHnvWx2MsNY\",\"user-agent\":\"Mozilla/5.0 (Windows NT 6.1; Win64; x64) AppleWebKit/537.36 (KHTML, like Gecko) Chrome/72.0.3626.96 Safari/537.36\",\"content-type\":\"application/json\",\"referer\":\"http://localhost:4200/login\",\"accept-encoding\":\"gzip, deflate\",\"accept-language\":\"en-IN,en-GB;q=0.9,en-US;q=0.8,en;q=0.7\"}', '2019-02-13 12:56:01', '2019-02-13 12:56:01'),
(33, 3, 'eyJhbGciOiJIUzI1NiIsInR5cCI6IkpXVCJ9.eyJ1c2VySWQiOjMsIm9yZ2FuaXphdGlvbiI6bnVsbCwicm9sZSI6Mywicm9sZUxldmVsIjozLCJlbWFpbCI6ImV4cGVydEB0ZXN0LmNvbSIsImlhdCI6MTU1MDA2MjYxMiwiZXhwIjoxNTUwMTQ5MDEyfQ.WsCdD2C0PUSH8yAJ_vITBwS-ohzAP3vnHqe8v3W9yJg', '{\"host\":\"192.168.0.126:3000\",\"connection\":\"keep-alive\",\"content-length\":\"49\",\"accept\":\"application/json, text/plain, */*\",\"origin\":\"http://localhost:4200\",\"user-agent\":\"Mozilla/5.0 (Windows NT 6.1; Win64; x64) AppleWebKit/537.36 (KHTML, like Gecko) Chrome/72.0.3626.96 Safari/537.36\",\"content-type\":\"application/json\",\"referer\":\"http://localhost:4200/login?returnUrl=%2Fmain%2Fdashboard\",\"accept-encoding\":\"gzip, deflate\",\"accept-language\":\"en-IN,en-GB;q=0.9,en-US;q=0.8,en;q=0.7\"}', '2019-02-13 12:56:52', '2019-02-13 12:56:52'),
(34, 3, 'eyJhbGciOiJIUzI1NiIsInR5cCI6IkpXVCJ9.eyJ1c2VySWQiOjMsIm9yZ2FuaXphdGlvbiI6bnVsbCwicm9sZSI6Mywicm9sZUxldmVsIjozLCJlbWFpbCI6ImV4cGVydEB0ZXN0LmNvbSIsImlhdCI6MTU1MDA2MzM2MCwiZXhwIjoxNTUwMTQ5NzYwfQ.Uh63xmja5yuUSX2YiuQ1oLiNuhsE3DKbEJgbNhjRARo', '{\"host\":\"192.168.0.126:3000\",\"connection\":\"keep-alive\",\"content-length\":\"52\",\"authorization\":\"eyJhbGciOiJIUzI1NiIsInR5cCI6IkpXVCJ9.eyJ1c2VySWQiOjMsIm9yZ2FuaXphdGlvbiI6bnVsbCwicm9sZSI6Miwicm9sZUxldmVsIjoyLCJpYXQiOjE1NDk3MTYzMTIsImV4cCI6MTU0OTgwMjcxMn0.4pAjGjeTEQh9RhbynEYZhk5FMmFXhGcif_-p3qd72Gw\",\"postman-token\":\"7a5d2faa-d715-dcd3-c0d5-367f2bb3ac14\",\"cache-control\":\"no-cache\",\"origin\":\"chrome-extension://fhbjgbiflinjbdggehcddcbncdddomop\",\"user-agent\":\"Mozilla/5.0 (Windows NT 6.1; Win64; x64) AppleWebKit/537.36 (KHTML, like Gecko) Chrome/72.0.3626.96 Safari/537.36\",\"content-type\":\"application/json\",\"accept\":\"*/*\",\"accept-encoding\":\"gzip, deflate\",\"accept-language\":\"en-IN,en-GB;q=0.9,en-US;q=0.8,en;q=0.7\"}', '2019-02-13 13:09:20', '2019-02-13 13:09:20'),
(35, 3, 'eyJhbGciOiJIUzI1NiIsInR5cCI6IkpXVCJ9.eyJ1c2VySWQiOjMsIm9yZ2FuaXphdGlvbiI6bnVsbCwicm9sZSI6Mywicm9sZUxldmVsIjozLCJlbWFpbCI6ImV4cGVydEB0ZXN0LmNvbSIsImlhdCI6MTU1MDA2MzQ2NiwiZXhwIjoxNTUwMTQ5ODY2fQ.6MSLAw6JwQqSKbUnEeNXRdtHEV2O5M54x9-IrVSu-co', '{\"host\":\"192.168.0.126:3000\",\"connection\":\"keep-alive\",\"content-length\":\"52\",\"authorization\":\"eyJhbGciOiJIUzI1NiIsInR5cCI6IkpXVCJ9.eyJ1c2VySWQiOjMsIm9yZ2FuaXphdGlvbiI6bnVsbCwicm9sZSI6Miwicm9sZUxldmVsIjoyLCJpYXQiOjE1NDk3MTYzMTIsImV4cCI6MTU0OTgwMjcxMn0.4pAjGjeTEQh9RhbynEYZhk5FMmFXhGcif_-p3qd72Gw\",\"postman-token\":\"bcc1d54d-3995-18e5-97b4-763f8912a15a\",\"cache-control\":\"no-cache\",\"origin\":\"chrome-extension://fhbjgbiflinjbdggehcddcbncdddomop\",\"user-agent\":\"Mozilla/5.0 (Windows NT 6.1; Win64; x64) AppleWebKit/537.36 (KHTML, like Gecko) Chrome/72.0.3626.96 Safari/537.36\",\"content-type\":\"application/json\",\"accept\":\"*/*\",\"accept-encoding\":\"gzip, deflate\",\"accept-language\":\"en-IN,en-GB;q=0.9,en-US;q=0.8,en;q=0.7\"}', '2019-02-13 13:11:06', '2019-02-13 13:11:06'),
(36, 3, 'eyJhbGciOiJIUzI1NiIsInR5cCI6IkpXVCJ9.eyJ1c2VySWQiOjMsIm9yZ2FuaXphdGlvbiI6bnVsbCwicm9sZSI6Mywicm9sZUxldmVsIjozLCJlbWFpbCI6ImV4cGVydEB0ZXN0LmNvbSIsImlhdCI6MTU1MDA2MzUyOSwiZXhwIjoxNTUwMTQ5OTI5fQ.2SPlv7ZN_za9JTsCcClcfslhi5MrK6VQIfQle-Mx3dw', '{\"host\":\"192.168.0.126:3000\",\"connection\":\"keep-alive\",\"content-length\":\"52\",\"authorization\":\"eyJhbGciOiJIUzI1NiIsInR5cCI6IkpXVCJ9.eyJ1c2VySWQiOjMsIm9yZ2FuaXphdGlvbiI6bnVsbCwicm9sZSI6Miwicm9sZUxldmVsIjoyLCJpYXQiOjE1NDk3MTYzMTIsImV4cCI6MTU0OTgwMjcxMn0.4pAjGjeTEQh9RhbynEYZhk5FMmFXhGcif_-p3qd72Gw\",\"postman-token\":\"fec945b3-b65d-ca51-3016-8c40b31f3f88\",\"cache-control\":\"no-cache\",\"origin\":\"chrome-extension://fhbjgbiflinjbdggehcddcbncdddomop\",\"user-agent\":\"Mozilla/5.0 (Windows NT 6.1; Win64; x64) AppleWebKit/537.36 (KHTML, like Gecko) Chrome/72.0.3626.96 Safari/537.36\",\"content-type\":\"application/json\",\"accept\":\"*/*\",\"accept-encoding\":\"gzip, deflate\",\"accept-language\":\"en-IN,en-GB;q=0.9,en-US;q=0.8,en;q=0.7\"}', '2019-02-13 13:12:09', '2019-02-13 13:12:09'),
(37, 1, 'eyJhbGciOiJIUzI1NiIsInR5cCI6IkpXVCJ9.eyJ1c2VySWQiOjEsIm9yZ2FuaXphdGlvbiI6bnVsbCwicm9sZSI6Miwicm9sZUxldmVsIjoyLCJlbWFpbCI6ImFkbWluQHRlc3QuY29tIiwiaWF0IjoxNTUwMDY1MzA3LCJleHAiOjE1NTAxNTE3MDd9.CmTHvRZgYeKMqEfgGmrNOhg39RMTOjpbMq6mLAAG-dk', '{\"host\":\"192.168.0.126:3000\",\"connection\":\"keep-alive\",\"content-length\":\"48\",\"accept\":\"application/json, text/plain, */*\",\"origin\":\"http://localhost:4200\",\"user-agent\":\"Mozilla/5.0 (Windows NT 6.1; Win64; x64) AppleWebKit/537.36 (KHTML, like Gecko) Chrome/72.0.3626.96 Safari/537.36\",\"content-type\":\"application/json\",\"referer\":\"http://localhost:4200/login?returnUrl=%2Fmain%2Fdashboard\",\"accept-encoding\":\"gzip, deflate\",\"accept-language\":\"en-IN,en-GB;q=0.9,en-US;q=0.8,en;q=0.7\"}', '2019-02-13 13:41:47', '2019-02-13 13:41:47'),
(38, 3, 'eyJhbGciOiJIUzI1NiIsInR5cCI6IkpXVCJ9.eyJ1c2VySWQiOjMsIm9yZ2FuaXphdGlvbiI6bnVsbCwicm9sZSI6Mywicm9sZUxldmVsIjozLCJlbWFpbCI6ImV4cGVydEB0ZXN0LmNvbSIsImlhdCI6MTU1MDA2NjUyNSwiZXhwIjoxNTUwMTUyOTI1fQ.JxfaXDirWagpXwKlw0b5c0sA_Q02eSsTQh1d8Z2Y4zI', '{\"host\":\"192.168.0.126:3000\",\"connection\":\"keep-alive\",\"content-length\":\"49\",\"accept\":\"application/json, text/plain, */*\",\"origin\":\"http://localhost:4200\",\"user-agent\":\"Mozilla/5.0 (Windows NT 6.1; Win64; x64) AppleWebKit/537.36 (KHTML, like Gecko) Chrome/72.0.3626.96 Safari/537.36\",\"content-type\":\"application/json\",\"referer\":\"http://localhost:4200/login?returnUrl=%2Fmain%2Fdashboard\",\"accept-encoding\":\"gzip, deflate\",\"accept-language\":\"en-IN,en-GB;q=0.9,en-US;q=0.8,en;q=0.7\"}', '2019-02-13 14:02:05', '2019-02-13 14:02:05'),
(39, 5, 'eyJhbGciOiJIUzI1NiIsInR5cCI6IkpXVCJ9.eyJ1c2VySWQiOjUsIm9yZ2FuaXphdGlvbiI6MSwicm9sZSI6NCwicm9sZUxldmVsIjozLCJlbWFpbCI6InByYXNhbnRoc2FpMjdAZ21haWwuY29tIiwiaWF0IjoxNTUwMDgwNDM1LCJleHAiOjE1NTAxNjY4MzV9.qjp6bzTEPEgJnkncE6UATNTL0Qa7HucdcBxLAxe8WkE', '{\"host\":\"localhost:3000\",\"connection\":\"keep-alive\",\"content-length\":\"57\",\"authorization\":\"eyJhbGciOiJIUzI1NiIsInR5cCI6IkpXVCJ9.eyJ1c2VySWQiOjEsIm9yZ2FuaXphdGlvbiI6MTAsInJvbGUiOjEsImlhdCI6MTU0NzAxOTk5MSwiZXhwIjoxNTQ3MTA2MzkxfQ.cQMO2TGZrSUuOeZvQRJCEbJSoHlYjmotktsaL5m8e5A\",\"postman-token\":\"35aea9b0-0d9d-b33c-f515-6a159efac62b\",\"cache-control\":\"no-cache\",\"origin\":\"chrome-extension://fhbjgbiflinjbdggehcddcbncdddomop\",\"user-agent\":\"Mozilla/5.0 (Windows NT 10.0; Win64; x64) AppleWebKit/537.36 (KHTML, like Gecko) Chrome/71.0.3578.98 Safari/537.36\",\"content-type\":\"application/json\",\"accept\":\"*/*\",\"accept-encoding\":\"gzip, deflate, br\",\"accept-language\":\"en-US,en;q=0.9\"}', '2019-02-13 17:53:55', '2019-02-13 17:53:55'),
(40, 3, 'eyJhbGciOiJIUzI1NiIsInR5cCI6IkpXVCJ9.eyJ1c2VySWQiOjMsIm9yZ2FuaXphdGlvbiI6bnVsbCwicm9sZSI6Mywicm9sZUxldmVsIjozLCJlbWFpbCI6ImV4cGVydEB0ZXN0LmNvbSIsImlhdCI6MTU1MDEyMzE4NSwiZXhwIjoxNTUwMjA5NTg1fQ.sx8KFlWbzCf9ccUxe5x0dyGOEYDWiPRtwJOXAzXGRGo', '{\"host\":\"192.168.0.126:3000\",\"connection\":\"keep-alive\",\"content-length\":\"49\",\"accept\":\"application/json, text/plain, */*\",\"origin\":\"http://localhost:4200\",\"authorization\":\"eyJhbGciOiJIUzI1NiIsInR5cCI6IkpXVCJ9.eyJ1c2VySWQiOjMsIm9yZ2FuaXphdGlvbiI6bnVsbCwicm9sZSI6Mywicm9sZUxldmVsIjozLCJlbWFpbCI6ImV4cGVydEB0ZXN0LmNvbSIsImlhdCI6MTU1MDA1OTI0MCwiZXhwIjoxNTUwMTQ1NjQwfQ.mSslZyeHBWFvgjy43pk5KzccvJcY53IBC6l1SCVwSAM\",\"user-agent\":\"Mozilla/5.0 (Windows NT 10.0; Win64; x64) AppleWebKit/537.36 (KHTML, like Gecko) Chrome/71.0.3578.98 Safari/537.36\",\"content-type\":\"application/json\",\"referer\":\"http://localhost:4200/login\",\"accept-encoding\":\"gzip, deflate\",\"accept-language\":\"en-US,en;q=0.9\"}', '2019-02-14 05:46:25', '2019-02-14 05:46:25'),
(41, 1, 'eyJhbGciOiJIUzI1NiIsInR5cCI6IkpXVCJ9.eyJ1c2VySWQiOjEsIm9yZ2FuaXphdGlvbiI6bnVsbCwicm9sZSI6Miwicm9sZUxldmVsIjoyLCJlbWFpbCI6ImFkbWluQHRlc3QuY29tIiwiaWF0IjoxNTUwMTIzMjQ4LCJleHAiOjE1NTAyMDk2NDh9.QJ7_FhyBPArTHBJ_WMEpnmRzW3jxxPcA1ejmRmUdTmY', '{\"host\":\"192.168.0.126:3000\",\"connection\":\"keep-alive\",\"content-length\":\"48\",\"accept\":\"application/json, text/plain, */*\",\"origin\":\"http://localhost:4200\",\"authorization\":\"eyJhbGciOiJIUzI1NiIsInR5cCI6IkpXVCJ9.eyJ1c2VySWQiOjIsIm9yZ2FuaXphdGlvbiI6bnVsbCwicm9sZSI6Miwicm9sZUxldmVsIjoyLCJlbWFpbCI6InJhdml0ZWphbXVubmExMTFAZ21haWwuY29tIiwiaWF0IjoxNTUwMDgwMjU1LCJleHAiOjE1NTAxNjY2NTV9.0Yb_oxD5WE2Tvwxu5i5rv1UCFFyeUbR3wCzi-AzZ4Og\",\"user-agent\":\"Mozilla/5.0 (Windows NT 10.0; Win64; x64) AppleWebKit/537.36 (KHTML, like Gecko) Chrome/71.0.3578.98 Safari/537.36\",\"content-type\":\"application/json\",\"referer\":\"http://localhost:4200/login\",\"accept-encoding\":\"gzip, deflate\",\"accept-language\":\"en-GB,en-US;q=0.9,en;q=0.8,te;q=0.7\"}', '2019-02-14 05:47:28', '2019-02-14 05:47:28'),
(42, 1, 'eyJhbGciOiJIUzI1NiIsInR5cCI6IkpXVCJ9.eyJ1c2VySWQiOjEsIm9yZ2FuaXphdGlvbiI6bnVsbCwicm9sZSI6Miwicm9sZUxldmVsIjoyLCJlbWFpbCI6ImFkbWluQHRlc3QuY29tIiwiaWF0IjoxNTUwMTIzMzkxLCJleHAiOjE1NTAyMDk3OTF9.K7V9fLe8j0jisiKaxUTFSFl5auuWKOZmFjmvnhZJ9nQ', '{\"host\":\"192.168.0.126:3000\",\"connection\":\"keep-alive\",\"content-length\":\"48\",\"accept\":\"application/json, text/plain, */*\",\"origin\":\"http://localhost:4200\",\"authorization\":\"eyJhbGciOiJIUzI1NiIsInR5cCI6IkpXVCJ9.eyJ1c2VySWQiOjEsIm9yZ2FuaXphdGlvbiI6bnVsbCwicm9sZSI6Miwicm9sZUxldmVsIjoyLCJlbWFpbCI6ImFkbWluQHRlc3QuY29tIiwiaWF0IjoxNTUwMDUzODE0LCJleHAiOjE1NTAxNDAyMTR9.dl9O9bOznHv-c_BKMNgPXwxejcki5snoRAtndyUM6yI\",\"user-agent\":\"Mozilla/5.0 (Windows NT 10.0; Win64; x64) AppleWebKit/537.36 (KHTML, like Gecko) Chrome/72.0.3626.96 Safari/537.36\",\"content-type\":\"application/json\",\"referer\":\"http://localhost:4200/login\",\"accept-encoding\":\"gzip, deflate\",\"accept-language\":\"en-GB,en-US;q=0.9,en;q=0.8\"}', '2019-02-14 05:49:51', '2019-02-14 05:49:51'),
(43, 1, 'eyJhbGciOiJIUzI1NiIsInR5cCI6IkpXVCJ9.eyJ1c2VySWQiOjEsIm9yZ2FuaXphdGlvbiI6bnVsbCwicm9sZSI6Miwicm9sZUxldmVsIjoyLCJlbWFpbCI6ImFkbWluQHRlc3QuY29tIiwiaWF0IjoxNTUwMTIzODI2LCJleHAiOjE1NTAyMTAyMjZ9.iErvJGaAZCTvIVD8qYcbfTEtU-3pWFj2FPN-jqkdd4I', '{\"host\":\"192.168.0.126:3000\",\"connection\":\"keep-alive\",\"content-length\":\"48\",\"accept\":\"application/json, text/plain, */*\",\"origin\":\"http://localhost:4200\",\"user-agent\":\"Mozilla/5.0 (Windows NT 10.0; Win64; x64) AppleWebKit/537.36 (KHTML, like Gecko) Chrome/71.0.3578.98 Safari/537.36\",\"content-type\":\"application/json\",\"referer\":\"http://localhost:4200/login\",\"accept-encoding\":\"gzip, deflate\",\"accept-language\":\"en-US,en;q=0.9\"}', '2019-02-14 05:57:06', '2019-02-14 05:57:06'),
(44, 1, 'eyJhbGciOiJIUzI1NiIsInR5cCI6IkpXVCJ9.eyJ1c2VySWQiOjEsIm9yZ2FuaXphdGlvbiI6bnVsbCwicm9sZSI6Miwicm9sZUxldmVsIjoyLCJlbWFpbCI6ImFkbWluQHRlc3QuY29tIiwiaWF0IjoxNTUwMTI1MTMxLCJleHAiOjE1NTAyMTE1MzF9.KMRf7eWFVP8kT1nzUOBZoHrFL5uJQq6Me7EvD8uEx1w', '{\"host\":\"192.168.0.126:3000\",\"connection\":\"keep-alive\",\"content-length\":\"48\",\"accept\":\"application/json, text/plain, */*\",\"origin\":\"http://localhost:4200\",\"authorization\":\"eyJhbGciOiJIUzI1NiIsInR5cCI6IkpXVCJ9.eyJ1c2VySWQiOjEsIm9yZ2FuaXphdGlvbiI6bnVsbCwicm9sZSI6Miwicm9sZUxldmVsIjoyLCJlbWFpbCI6ImFkbWluQHRlc3QuY29tIiwiaWF0IjoxNTUwMTIzMzkxLCJleHAiOjE1NTAyMDk3OTF9.K7V9fLe8j0jisiKaxUTFSFl5auuWKOZmFjmvnhZJ9nQ\",\"user-agent\":\"Mozilla/5.0 (Windows NT 10.0; Win64; x64) AppleWebKit/537.36 (KHTML, like Gecko) Chrome/72.0.3626.96 Safari/537.36\",\"content-type\":\"application/json\",\"referer\":\"http://localhost:4200/login\",\"accept-encoding\":\"gzip, deflate\",\"accept-language\":\"en-GB,en-US;q=0.9,en;q=0.8\"}', '2019-02-14 06:18:51', '2019-02-14 06:18:51'),
(45, 1, 'eyJhbGciOiJIUzI1NiIsInR5cCI6IkpXVCJ9.eyJ1c2VySWQiOjEsIm9yZ2FuaXphdGlvbiI6bnVsbCwicm9sZSI6Miwicm9sZUxldmVsIjoyLCJlbWFpbCI6ImFkbWluQHRlc3QuY29tIiwiaWF0IjoxNTUwMTI2Mjg3LCJleHAiOjE1NTAyMTI2ODd9.vdX47hnGzyVRmQ-EaBj7pHDoCkK5BzqHxruuLzZfZK4', '{\"host\":\"192.168.0.126:3000\",\"connection\":\"keep-alive\",\"content-length\":\"48\",\"accept\":\"application/json, text/plain, */*\",\"origin\":\"http://192.168.0.126:4200\",\"authorization\":\"eyJhbGciOiJIUzI1NiIsInR5cCI6IkpXVCJ9.eyJ1c2VySWQiOjEsIm9yZ2FuaXphdGlvbiI6bnVsbCwicm9sZSI6MSwicm9sZUxldmVsIjoxLCJpYXQiOjE1NDkwMDU0NDMsImV4cCI6MTU0OTA5MTg0M30.q0ihkF0vikr7N1Yp8vmW1O71r3idQn_Mizv4aHKLT94\",\"user-agent\":\"Mozilla/5.0 (Windows NT 6.1; Win64; x64) AppleWebKit/537.36 (KHTML, like Gecko) Chrome/71.0.3578.98 Safari/537.36\",\"content-type\":\"application/json\",\"referer\":\"http://192.168.0.126:4200/login\",\"accept-encoding\":\"gzip, deflate\",\"accept-language\":\"en-US,en;q=0.9\"}', '2019-02-14 06:38:07', '2019-02-14 06:38:07'),
(46, 2, 'eyJhbGciOiJIUzI1NiIsInR5cCI6IkpXVCJ9.eyJ1c2VySWQiOjIsIm9yZ2FuaXphdGlvbiI6bnVsbCwicm9sZSI6MSwicm9sZUxldmVsIjoxLCJlbWFpbCI6InN1cGVyQHRlc3QuY29tIiwiaWF0IjoxNTUwMTI2NjAyLCJleHAiOjE1NTAyMTMwMDJ9.kqGhRr8SIyD5SlM_MgK93Qf594s07qYCxGO2-mZWK10', '{\"host\":\"192.168.0.126:3000\",\"connection\":\"keep-alive\",\"content-length\":\"48\",\"accept\":\"application/json, text/plain, */*\",\"origin\":\"http://localhost:4200\",\"user-agent\":\"Mozilla/5.0 (Windows NT 10.0; Win64; x64) AppleWebKit/537.36 (KHTML, like Gecko) Chrome/71.0.3578.98 Safari/537.36\",\"content-type\":\"application/json\",\"referer\":\"http://localhost:4200/login\",\"accept-encoding\":\"gzip, deflate\",\"accept-language\":\"en-US,en;q=0.9\"}', '2019-02-14 06:43:22', '2019-02-14 06:43:22'),
(47, 3, 'eyJhbGciOiJIUzI1NiIsInR5cCI6IkpXVCJ9.eyJ1c2VySWQiOjMsIm9yZ2FuaXphdGlvbiI6bnVsbCwicm9sZSI6Mywicm9sZUxldmVsIjozLCJlbWFpbCI6ImV4cGVydEB0ZXN0LmNvbSIsImlhdCI6MTU1MDEyODQzMiwiZXhwIjoxNTUwMjE0ODMyfQ.KwJJYrarfJD0wxfFjJZaKjNshIoyvEtBKzg4Sl2LU1s', '{\"host\":\"192.168.0.126:3000\",\"connection\":\"keep-alive\",\"content-length\":\"49\",\"accept\":\"application/json, text/plain, */*\",\"origin\":\"http://localhost:4200\",\"user-agent\":\"Mozilla/5.0 (Windows NT 6.1; Win64; x64) AppleWebKit/537.36 (KHTML, like Gecko) Chrome/72.0.3626.96 Safari/537.36\",\"content-type\":\"application/json\",\"referer\":\"http://localhost:4200/login?returnUrl=%2Fmain%2Fdashboard\",\"accept-encoding\":\"gzip, deflate\",\"accept-language\":\"en-IN,en-GB;q=0.9,en-US;q=0.8,en;q=0.7\"}', '2019-02-14 07:13:52', '2019-02-14 07:13:52'),
(48, 4, 'eyJhbGciOiJIUzI1NiIsInR5cCI6IkpXVCJ9.eyJ1c2VySWQiOjQsIm9yZ2FuaXphdGlvbiI6bnVsbCwicm9sZSI6NSwicm9sZUxldmVsIjo0LCJlbWFpbCI6InVzZXJAdGVzdC5jb20iLCJpYXQiOjE1NTAxMjg1MTksImV4cCI6MTU1MDIxNDkxOX0.x7X3AwMu2AZgCvZS_suW_OCJ1msC3lWJ-OgfxlIfHUA', '{\"host\":\"192.168.0.126:3000\",\"connection\":\"keep-alive\",\"content-length\":\"47\",\"accept\":\"application/json, text/plain, */*\",\"origin\":\"http://localhost:4200\",\"user-agent\":\"Mozilla/5.0 (Windows NT 6.1; Win64; x64) AppleWebKit/537.36 (KHTML, like Gecko) Chrome/72.0.3626.96 Safari/537.36\",\"content-type\":\"application/json\",\"referer\":\"http://localhost:4200/login?returnUrl=%2Fmain%2Fdashboard\",\"accept-encoding\":\"gzip, deflate\",\"accept-language\":\"en-IN,en-GB;q=0.9,en-US;q=0.8,en;q=0.7\"}', '2019-02-14 07:15:19', '2019-02-14 07:15:19'),
(49, 1, 'eyJhbGciOiJIUzI1NiIsInR5cCI6IkpXVCJ9.eyJ1c2VySWQiOjEsIm9yZ2FuaXphdGlvbiI6bnVsbCwicm9sZSI6Miwicm9sZUxldmVsIjoyLCJlbWFpbCI6ImFkbWluQHRlc3QuY29tIiwiaWF0IjoxNTUwMTI4NjM2LCJleHAiOjE1NTAyMTUwMzZ9.QPT_GLxn9bk3mwid_rgowGaDup_CZFLu4-X-72zJGFg', '{\"host\":\"192.168.0.126:3000\",\"connection\":\"keep-alive\",\"content-length\":\"48\",\"accept\":\"application/json, text/plain, */*\",\"origin\":\"http://192.168.0.126:4200\",\"authorization\":\"eyJhbGciOiJIUzI1NiIsInR5cCI6IkpXVCJ9.eyJ1c2VySWQiOjEsIm9yZ2FuaXphdGlvbiI6bnVsbCwicm9sZSI6Miwicm9sZUxldmVsIjoyLCJlbWFpbCI6ImFkbWluQHRlc3QuY29tIiwiaWF0IjoxNTUwMTI2Mjg3LCJleHAiOjE1NTAyMTI2ODd9.vdX47hnGzyVRmQ-EaBj7pHDoCkK5BzqHxruuLzZfZK4\",\"user-agent\":\"Mozilla/5.0 (Windows NT 6.1; Win64; x64) AppleWebKit/537.36 (KHTML, like Gecko) Chrome/71.0.3578.98 Safari/537.36\",\"content-type\":\"application/json\",\"referer\":\"http://192.168.0.126:4200/login\",\"accept-encoding\":\"gzip, deflate\",\"accept-language\":\"en-US,en;q=0.9\"}', '2019-02-14 07:17:16', '2019-02-14 07:17:16'),
(50, 1, 'eyJhbGciOiJIUzI1NiIsInR5cCI6IkpXVCJ9.eyJ1c2VySWQiOjEsIm9yZ2FuaXphdGlvbiI6bnVsbCwicm9sZSI6Miwicm9sZUxldmVsIjoyLCJlbWFpbCI6ImFkbWluQHRlc3QuY29tIiwiaWF0IjoxNTUwMTI4NjUzLCJleHAiOjE1NTAyMTUwNTN9.mmbByD0_EZGr5oTN_yZ8tCkzKPdzVuG084qfYlMpDrk', '{\"host\":\"192.168.0.126:3000\",\"connection\":\"keep-alive\",\"content-length\":\"48\",\"accept\":\"application/json, text/plain, */*\",\"origin\":\"http://192.168.0.126:4200\",\"user-agent\":\"Mozilla/5.0 (Windows NT 10.0; Win64; x64) AppleWebKit/537.36 (KHTML, like Gecko) Chrome/71.0.3578.98 Safari/537.36\",\"content-type\":\"application/json\",\"referer\":\"http://192.168.0.126:4200/login\",\"accept-encoding\":\"gzip, deflate\",\"accept-language\":\"en-US,en;q=0.9\"}', '2019-02-14 07:17:33', '2019-02-14 07:17:33'),
(51, 2, 'eyJhbGciOiJIUzI1NiIsInR5cCI6IkpXVCJ9.eyJ1c2VySWQiOjIsIm9yZ2FuaXphdGlvbiI6bnVsbCwicm9sZSI6MSwicm9sZUxldmVsIjoxLCJlbWFpbCI6InN1cGVyQHRlc3QuY29tIiwiaWF0IjoxNTUwMTI4NzEwLCJleHAiOjE1NTAyMTUxMTB9.UHLG14ddxst5q6Cc1YCOuPgtmH9tYMWXgxjTMlzGJ_k', '{\"host\":\"192.168.0.126:3000\",\"connection\":\"keep-alive\",\"content-length\":\"48\",\"accept\":\"application/json, text/plain, */*\",\"origin\":\"http://localhost:4200\",\"authorization\":\"eyJhbGciOiJIUzI1NiIsInR5cCI6IkpXVCJ9.eyJ1c2VySWQiOjQsIm9yZ2FuaXphdGlvbiI6bnVsbCwicm9sZSI6NSwicm9sZUxldmVsIjo0LCJlbWFpbCI6InVzZXJAdGVzdC5jb20iLCJpYXQiOjE1NTAxMjg1MTksImV4cCI6MTU1MDIxNDkxOX0.x7X3AwMu2AZgCvZS_suW_OCJ1msC3lWJ-OgfxlIfHUA\",\"user-agent\":\"Mozilla/5.0 (Windows NT 6.1; Win64; x64) AppleWebKit/537.36 (KHTML, like Gecko) Chrome/72.0.3626.96 Safari/537.36\",\"content-type\":\"application/json\",\"referer\":\"http://localhost:4200/login\",\"accept-encoding\":\"gzip, deflate\",\"accept-language\":\"en-IN,en-GB;q=0.9,en-US;q=0.8,en;q=0.7\"}', '2019-02-14 07:18:30', '2019-02-14 07:18:30'),
(52, 5, 'eyJhbGciOiJIUzI1NiIsInR5cCI6IkpXVCJ9.eyJ1c2VySWQiOjUsIm9yZ2FuaXphdGlvbiI6MSwicm9sZSI6NCwicm9sZUxldmVsIjozLCJlbWFpbCI6InByYXNhbnRoc2FpMjdAZ21haWwuY29tIiwiaWF0IjoxNTUwMTI4Nzg1LCJleHAiOjE1NTAyMTUxODV9.3t12NibfD8eN3yq8tO_b_Cr-OC0CEiGa4LSDdU9udpQ', '{\"host\":\"192.168.0.126:3000\",\"connection\":\"keep-alive\",\"content-length\":\"57\",\"accept\":\"application/json, text/plain, */*\",\"origin\":\"http://localhost:4200\",\"user-agent\":\"Mozilla/5.0 (Windows NT 6.1; Win64; x64) AppleWebKit/537.36 (KHTML, like Gecko) Chrome/72.0.3626.96 Safari/537.36\",\"content-type\":\"application/json\",\"referer\":\"http://localhost:4200/login?returnUrl=%2Fmain%2Fdashboard\",\"accept-encoding\":\"gzip, deflate\",\"accept-language\":\"en-IN,en-GB;q=0.9,en-US;q=0.8,en;q=0.7\"}', '2019-02-14 07:19:45', '2019-02-14 07:19:45'),
(53, 3, 'eyJhbGciOiJIUzI1NiIsInR5cCI6IkpXVCJ9.eyJ1c2VySWQiOjMsIm9yZ2FuaXphdGlvbiI6bnVsbCwicm9sZSI6Mywicm9sZUxldmVsIjozLCJlbWFpbCI6ImV4cGVydEB0ZXN0LmNvbSIsImlhdCI6MTU1MDEyOTE5MSwiZXhwIjoxNTUwMjE1NTkxfQ.CLTdebYhxVWqghz422-FfPBDOgeLaq7R0vh2sE119g0', '{\"host\":\"192.168.0.126:3000\",\"connection\":\"keep-alive\",\"content-length\":\"49\",\"accept\":\"application/json, text/plain, */*\",\"origin\":\"http://localhost:4200\",\"user-agent\":\"Mozilla/5.0 (Windows NT 6.1; Win64; x64) AppleWebKit/537.36 (KHTML, like Gecko) Chrome/72.0.3626.96 Safari/537.36\",\"content-type\":\"application/json\",\"referer\":\"http://localhost:4200/login?returnUrl=%2Fmain%2Fdashboard\",\"accept-encoding\":\"gzip, deflate\",\"accept-language\":\"en-IN,en-GB;q=0.9,en-US;q=0.8,en;q=0.7\"}', '2019-02-14 07:26:31', '2019-02-14 07:26:31'),
(54, 5, 'eyJhbGciOiJIUzI1NiIsInR5cCI6IkpXVCJ9.eyJ1c2VySWQiOjUsIm9yZ2FuaXphdGlvbiI6MSwicm9sZSI6NCwicm9sZUxldmVsIjozLCJlbWFpbCI6InByYXNhbnRoc2FpMjdAZ21haWwuY29tIiwiaWF0IjoxNTUwMTMwMzE4LCJleHAiOjE1NTAyMTY3MTh9.EVfGgT60JnZ-cNq44aMrTil6eVq8E4gglJS3l1VbB1s', '{\"host\":\"192.168.0.126:3000\",\"connection\":\"keep-alive\",\"content-length\":\"57\",\"accept\":\"application/json, text/plain, */*\",\"origin\":\"http://localhost:4200\",\"user-agent\":\"Mozilla/5.0 (Windows NT 6.1; Win64; x64) AppleWebKit/537.36 (KHTML, like Gecko) Chrome/72.0.3626.96 Safari/537.36\",\"content-type\":\"application/json\",\"referer\":\"http://localhost:4200/login?returnUrl=%2Fmain%2Fdashboard\",\"accept-encoding\":\"gzip, deflate\",\"accept-language\":\"en-IN,en-GB;q=0.9,en-US;q=0.8,en;q=0.7\"}', '2019-02-14 07:45:18', '2019-02-14 07:45:18'),
(55, 3, 'eyJhbGciOiJIUzI1NiIsInR5cCI6IkpXVCJ9.eyJ1c2VySWQiOjMsIm9yZ2FuaXphdGlvbiI6bnVsbCwicm9sZSI6Mywicm9sZUxldmVsIjozLCJlbWFpbCI6ImV4cGVydEB0ZXN0LmNvbSIsImlhdCI6MTU1MDEzMDc2NSwiZXhwIjoxNTUwMjE3MTY1fQ.bKcs33NoD3xea6P_uoYO_Ys5VVXUaYsJRUMi5DjDALs', '{\"host\":\"192.168.0.126:3000\",\"connection\":\"keep-alive\",\"content-length\":\"49\",\"accept\":\"application/json, text/plain, */*\",\"origin\":\"http://localhost:4200\",\"user-agent\":\"Mozilla/5.0 (Windows NT 10.0; Win64; x64) AppleWebKit/537.36 (KHTML, like Gecko) Chrome/71.0.3578.98 Safari/537.36\",\"content-type\":\"application/json\",\"referer\":\"http://localhost:4200/login\",\"accept-encoding\":\"gzip, deflate\",\"accept-language\":\"en-US,en;q=0.9\"}', '2019-02-14 07:52:45', '2019-02-14 07:52:45'),
(56, 1, 'eyJhbGciOiJIUzI1NiIsInR5cCI6IkpXVCJ9.eyJ1c2VySWQiOjEsIm9yZ2FuaXphdGlvbiI6bnVsbCwicm9sZSI6Miwicm9sZUxldmVsIjoyLCJlbWFpbCI6ImFkbWluQHRlc3QuY29tIiwiaWF0IjoxNTUwMTMxNjY3LCJleHAiOjE1NTAyMTgwNjd9.QW0R-f7j3WrAhUXb-DqLtf8ZjGIHyrxTNPBrWUI6ISE', '{\"host\":\"192.168.0.126:3000\",\"connection\":\"keep-alive\",\"content-length\":\"48\",\"accept\":\"application/json, text/plain, */*\",\"origin\":\"http://localhost:4200\",\"authorization\":\"eyJhbGciOiJIUzI1NiIsInR5cCI6IkpXVCJ9.eyJ1c2VySWQiOjEsIm9yZ2FuaXphdGlvbiI6bnVsbCwicm9sZSI6Miwicm9sZUxldmVsIjoyLCJlbWFpbCI6ImFkbWluQHRlc3QuY29tIiwiaWF0IjoxNTUwMTI1MTMxLCJleHAiOjE1NTAyMTE1MzF9.KMRf7eWFVP8kT1nzUOBZoHrFL5uJQq6Me7EvD8uEx1w\",\"user-agent\":\"Mozilla/5.0 (Windows NT 10.0; Win64; x64) AppleWebKit/537.36 (KHTML, like Gecko) Chrome/72.0.3626.96 Safari/537.36\",\"content-type\":\"application/json\",\"referer\":\"http://localhost:4200/login\",\"accept-encoding\":\"gzip, deflate\",\"accept-language\":\"en-GB,en-US;q=0.9,en;q=0.8\"}', '2019-02-14 08:07:47', '2019-02-14 08:07:47');
INSERT INTO `user_login_logs` (`id`, `userId`, `token`, `agent`, `createdAt`, `updatedAt`) VALUES
(57, 3, 'eyJhbGciOiJIUzI1NiIsInR5cCI6IkpXVCJ9.eyJ1c2VySWQiOjMsIm9yZ2FuaXphdGlvbiI6bnVsbCwicm9sZSI6Mywicm9sZUxldmVsIjozLCJlbWFpbCI6ImV4cGVydEB0ZXN0LmNvbSIsImlhdCI6MTU1MDEzMjUwNCwiZXhwIjoxNTUwMjE4OTA0fQ.QkrtlAymIfp4HZx3SWZF6Ku3y4xCo5okTrAhzvC2zys', '{\"host\":\"192.168.0.126:3000\",\"connection\":\"keep-alive\",\"content-length\":\"49\",\"accept\":\"application/json, text/plain, */*\",\"origin\":\"http://localhost:4200\",\"user-agent\":\"Mozilla/5.0 (Windows NT 6.1; Win64; x64) AppleWebKit/537.36 (KHTML, like Gecko) Chrome/72.0.3626.96 Safari/537.36\",\"content-type\":\"application/json\",\"referer\":\"http://localhost:4200/login?returnUrl=%2Fmain%2Fdashboard\",\"accept-encoding\":\"gzip, deflate\",\"accept-language\":\"en-IN,en-GB;q=0.9,en-US;q=0.8,en;q=0.7\"}', '2019-02-14 08:21:44', '2019-02-14 08:21:44'),
(58, 1, 'eyJhbGciOiJIUzI1NiIsInR5cCI6IkpXVCJ9.eyJ1c2VySWQiOjEsIm9yZ2FuaXphdGlvbiI6bnVsbCwicm9sZSI6Miwicm9sZUxldmVsIjoyLCJlbWFpbCI6ImFkbWluQHRlc3QuY29tIiwiaWF0IjoxNTUwMTMyNzQ5LCJleHAiOjE1NTAyMTkxNDl9.yLGlVoZ2-ZtYPK7JhxvG6NafwOS0iW6tl23DdnDHvK0', '{\"host\":\"192.168.0.126:3000\",\"connection\":\"keep-alive\",\"content-length\":\"48\",\"accept\":\"application/json, text/plain, */*\",\"origin\":\"http://localhost:4200\",\"authorization\":\"eyJhbGciOiJIUzI1NiIsInR5cCI6IkpXVCJ9.eyJ1c2VySWQiOjEsIm9yZ2FuaXphdGlvbiI6bnVsbCwicm9sZSI6Miwicm9sZUxldmVsIjoyLCJlbWFpbCI6ImFkbWluQHRlc3QuY29tIiwiaWF0IjoxNTUwMTMxNjY3LCJleHAiOjE1NTAyMTgwNjd9.QW0R-f7j3WrAhUXb-DqLtf8ZjGIHyrxTNPBrWUI6ISE\",\"user-agent\":\"Mozilla/5.0 (Windows NT 10.0; Win64; x64) AppleWebKit/537.36 (KHTML, like Gecko) Chrome/72.0.3626.109 Safari/537.36\",\"content-type\":\"application/json\",\"referer\":\"http://localhost:4200/login\",\"accept-encoding\":\"gzip, deflate\",\"accept-language\":\"en-GB,en-US;q=0.9,en;q=0.8\"}', '2019-02-14 08:25:49', '2019-02-14 08:25:49'),
(59, 10, 'eyJhbGciOiJIUzI1NiIsInR5cCI6IkpXVCJ9.eyJ1c2VySWQiOjEwLCJvcmdhbml6YXRpb24iOjIsInJvbGUiOjQsInJvbGVMZXZlbCI6MywiZW1haWwiOiJzYW50b3NoQHNjaGVtYXh0ZWNoLmNvbSIsImlhdCI6MTU1MDEzNjUyNywiZXhwIjoxNTUwMjIyOTI3fQ.6NAJK7mRUQ8pO0jk3W8xQbhXEo04uG4-b2NvLl7Q1DA', '{\"host\":\"192.168.0.126:3000\",\"connection\":\"keep-alive\",\"content-length\":\"63\",\"accept\":\"application/json, text/plain, */*\",\"origin\":\"http://192.168.0.126:4200\",\"user-agent\":\"Mozilla/5.0 (Windows NT 6.1; Win64; x64) AppleWebKit/537.36 (KHTML, like Gecko) Chrome/71.0.3578.98 Safari/537.36\",\"content-type\":\"application/json\",\"referer\":\"http://192.168.0.126:4200/login\",\"accept-encoding\":\"gzip, deflate\",\"accept-language\":\"en-US,en;q=0.9\"}', '2019-02-14 09:28:47', '2019-02-14 09:28:47'),
(60, 6, 'eyJhbGciOiJIUzI1NiIsInR5cCI6IkpXVCJ9.eyJ1c2VySWQiOjYsIm9yZ2FuaXphdGlvbiI6bnVsbCwicm9sZSI6NSwicm9sZUxldmVsIjo0LCJlbWFpbCI6InN1ZGhlZXJrdW1hcjEyMUBnbWFpbC5jb20iLCJpYXQiOjE1NTAxMzc3MTYsImV4cCI6MTU1MDIyNDExNn0.1IpwUtehlSduDDSpa-6PgBlEqOnzkslzgUANgg-Csgk', '{\"host\":\"192.168.0.126:3000\",\"connection\":\"keep-alive\",\"content-length\":\"59\",\"accept\":\"application/json, text/plain, */*\",\"origin\":\"http://192.168.0.126:4200\",\"user-agent\":\"Mozilla/5.0 (Windows NT 10.0; Win64; x64) AppleWebKit/537.36 (KHTML, like Gecko) Chrome/71.0.3578.98 Safari/537.36\",\"content-type\":\"application/json\",\"referer\":\"http://192.168.0.126:4200/login?returnUrl=%2Fmain%2Fuserprofile\",\"accept-encoding\":\"gzip, deflate\",\"accept-language\":\"en-US,en;q=0.9\"}', '2019-02-14 09:48:36', '2019-02-14 09:48:36'),
(61, 3, 'eyJhbGciOiJIUzI1NiIsInR5cCI6IkpXVCJ9.eyJ1c2VySWQiOjMsIm9yZ2FuaXphdGlvbiI6bnVsbCwicm9sZSI6Mywicm9sZUxldmVsIjozLCJlbWFpbCI6ImV4cGVydEB0ZXN0LmNvbSIsImlhdCI6MTU1MDEzODU2MiwiZXhwIjoxNTUwMjI0OTYyfQ.eR0AGBXEZrIVvEUlpn98RqXPNiqm75lsYRu06L9WhXA', '{\"host\":\"localhost:3000\",\"connection\":\"keep-alive\",\"content-length\":\"49\",\"accept\":\"application/json, text/plain, */*\",\"origin\":\"http://localhost:4200\",\"user-agent\":\"Mozilla/5.0 (Windows NT 10.0) AppleWebKit/537.36 (KHTML, like Gecko) Chrome/72.0.3626.96 Safari/537.36\",\"content-type\":\"application/json\",\"referer\":\"http://localhost:4200/login\",\"accept-encoding\":\"gzip, deflate, br\",\"accept-language\":\"en-US,en;q=0.9\"}', '2019-02-14 10:02:42', '2019-02-14 10:02:42'),
(62, 3, 'eyJhbGciOiJIUzI1NiIsInR5cCI6IkpXVCJ9.eyJ1c2VySWQiOjMsIm9yZ2FuaXphdGlvbiI6bnVsbCwicm9sZSI6Mywicm9sZUxldmVsIjozLCJlbWFpbCI6ImV4cGVydEB0ZXN0LmNvbSIsImlhdCI6MTU1MDE1MDk1MCwiZXhwIjoxNTUwMjM3MzUwfQ.CUJOiWoXTuJx8YNCeMDFt7jano7z2crGSJ_anxeErcM', '{\"host\":\"localhost:3000\",\"connection\":\"keep-alive\",\"content-length\":\"49\",\"accept\":\"application/json, text/plain, */*\",\"origin\":\"http://localhost:4200\",\"authorization\":\"eyJhbGciOiJIUzI1NiIsInR5cCI6IkpXVCJ9.eyJ1c2VySWQiOjMsIm9yZ2FuaXphdGlvbiI6bnVsbCwicm9sZSI6Mywicm9sZUxldmVsIjozLCJlbWFpbCI6ImV4cGVydEB0ZXN0LmNvbSIsImlhdCI6MTU1MDEzODU2MiwiZXhwIjoxNTUwMjI0OTYyfQ.eR0AGBXEZrIVvEUlpn98RqXPNiqm75lsYRu06L9WhXA\",\"user-agent\":\"Mozilla/5.0 (Windows NT 10.0) AppleWebKit/537.36 (KHTML, like Gecko) Chrome/72.0.3626.96 Safari/537.36\",\"content-type\":\"application/json\",\"referer\":\"http://localhost:4200/login\",\"accept-encoding\":\"gzip, deflate, br\",\"accept-language\":\"en-US,en;q=0.9\"}', '2019-02-14 13:29:10', '2019-02-14 13:29:10'),
(63, 3, 'eyJhbGciOiJIUzI1NiIsInR5cCI6IkpXVCJ9.eyJ1c2VySWQiOjMsIm9yZ2FuaXphdGlvbiI6bnVsbCwicm9sZSI6Mywicm9sZUxldmVsIjozLCJlbWFpbCI6ImV4cGVydEB0ZXN0LmNvbSIsImlhdCI6MTU1MDE1MDk1MCwiZXhwIjoxNTUwMjM3MzUwfQ.CUJOiWoXTuJx8YNCeMDFt7jano7z2crGSJ_anxeErcM', '{\"host\":\"localhost:3000\",\"connection\":\"keep-alive\",\"content-length\":\"49\",\"accept\":\"application/json, text/plain, */*\",\"origin\":\"http://localhost:4200\",\"authorization\":\"eyJhbGciOiJIUzI1NiIsInR5cCI6IkpXVCJ9.eyJ1c2VySWQiOjMsIm9yZ2FuaXphdGlvbiI6bnVsbCwicm9sZSI6Mywicm9sZUxldmVsIjozLCJlbWFpbCI6ImV4cGVydEB0ZXN0LmNvbSIsImlhdCI6MTU1MDEzODU2MiwiZXhwIjoxNTUwMjI0OTYyfQ.eR0AGBXEZrIVvEUlpn98RqXPNiqm75lsYRu06L9WhXA\",\"user-agent\":\"Mozilla/5.0 (Windows NT 10.0) AppleWebKit/537.36 (KHTML, like Gecko) Chrome/72.0.3626.96 Safari/537.36\",\"content-type\":\"application/json\",\"referer\":\"http://localhost:4200/login\",\"accept-encoding\":\"gzip, deflate, br\",\"accept-language\":\"en-US,en;q=0.9\"}', '2019-02-14 13:29:10', '2019-02-14 13:29:10'),
(64, 3, 'eyJhbGciOiJIUzI1NiIsInR5cCI6IkpXVCJ9.eyJ1c2VySWQiOjMsIm9yZ2FuaXphdGlvbiI6bnVsbCwicm9sZSI6Mywicm9sZUxldmVsIjozLCJlbWFpbCI6ImV4cGVydEB0ZXN0LmNvbSIsImlhdCI6MTU1MDE1MjE2OCwiZXhwIjoxNTUwMjM4NTY4fQ.ucoQgX3k2mszmvEpkik104jZdST7iyl-mJp1eHuUyzw', '{\"host\":\"localhost:3000\",\"connection\":\"keep-alive\",\"content-length\":\"49\",\"accept\":\"application/json, text/plain, */*\",\"origin\":\"http://localhost:4200\",\"authorization\":\"eyJhbGciOiJIUzI1NiIsInR5cCI6IkpXVCJ9.eyJ1c2VySWQiOjMsIm9yZ2FuaXphdGlvbiI6bnVsbCwicm9sZSI6Mywicm9sZUxldmVsIjozLCJlbWFpbCI6ImV4cGVydEB0ZXN0LmNvbSIsImlhdCI6MTU1MDE1MDk1MCwiZXhwIjoxNTUwMjM3MzUwfQ.CUJOiWoXTuJx8YNCeMDFt7jano7z2crGSJ_anxeErcM\",\"user-agent\":\"Mozilla/5.0 (Windows NT 10.0) AppleWebKit/537.36 (KHTML, like Gecko) Chrome/72.0.3626.96 Safari/537.36\",\"content-type\":\"application/json\",\"referer\":\"http://localhost:4200/login\",\"accept-encoding\":\"gzip, deflate, br\",\"accept-language\":\"en-US,en;q=0.9\"}', '2019-02-14 13:49:28', '2019-02-14 13:49:28'),
(65, 3, 'eyJhbGciOiJIUzI1NiIsInR5cCI6IkpXVCJ9.eyJ1c2VySWQiOjMsIm9yZ2FuaXphdGlvbiI6bnVsbCwicm9sZSI6Mywicm9sZUxldmVsIjozLCJlbWFpbCI6ImV4cGVydEB0ZXN0LmNvbSIsImlhdCI6MTU1MDE1MjQ5MiwiZXhwIjoxNTUwMjM4ODkyfQ.3mCltv5KwQ7b-HgGLW5650mkTHAM0wwJQaaHbOgiTRg', '{\"host\":\"localhost:3000\",\"connection\":\"keep-alive\",\"content-length\":\"49\",\"accept\":\"application/json, text/plain, */*\",\"origin\":\"http://localhost:4200\",\"authorization\":\"eyJhbGciOiJIUzI1NiIsInR5cCI6IkpXVCJ9.eyJ1c2VySWQiOjMsIm9yZ2FuaXphdGlvbiI6bnVsbCwicm9sZSI6Mywicm9sZUxldmVsIjozLCJlbWFpbCI6ImV4cGVydEB0ZXN0LmNvbSIsImlhdCI6MTU1MDE1MjE2OCwiZXhwIjoxNTUwMjM4NTY4fQ.ucoQgX3k2mszmvEpkik104jZdST7iyl-mJp1eHuUyzw\",\"user-agent\":\"Mozilla/5.0 (Windows NT 10.0) AppleWebKit/537.36 (KHTML, like Gecko) Chrome/72.0.3626.96 Safari/537.36\",\"content-type\":\"application/json\",\"referer\":\"http://localhost:4200/login\",\"accept-encoding\":\"gzip, deflate, br\",\"accept-language\":\"en-US,en;q=0.9\"}', '2019-02-14 13:54:52', '2019-02-14 13:54:52'),
(66, 3, 'eyJhbGciOiJIUzI1NiIsInR5cCI6IkpXVCJ9.eyJ1c2VySWQiOjMsIm9yZ2FuaXphdGlvbiI6bnVsbCwicm9sZSI6Mywicm9sZUxldmVsIjozLCJlbWFpbCI6ImV4cGVydEB0ZXN0LmNvbSIsImlhdCI6MTU1MDIxNTAzNSwiZXhwIjoxNTUwMzAxNDM1fQ.8NrVbOttgr2JVEx7fnzqtjXOsGDJaWKDYw7eBBYXkL4', '{\"host\":\"localhost:3000\",\"connection\":\"keep-alive\",\"content-length\":\"49\",\"accept\":\"application/json, text/plain, */*\",\"origin\":\"http://localhost:4200\",\"authorization\":\"eyJhbGciOiJIUzI1NiIsInR5cCI6IkpXVCJ9.eyJ1c2VySWQiOjMsIm9yZ2FuaXphdGlvbiI6bnVsbCwicm9sZSI6Mywicm9sZUxldmVsIjozLCJlbWFpbCI6ImV4cGVydEB0ZXN0LmNvbSIsImlhdCI6MTU1MDE1MjQ5MiwiZXhwIjoxNTUwMjM4ODkyfQ.3mCltv5KwQ7b-HgGLW5650mkTHAM0wwJQaaHbOgiTRg\",\"user-agent\":\"Mozilla/5.0 (Windows NT 10.0) AppleWebKit/537.36 (KHTML, like Gecko) Chrome/72.0.3626.109 Safari/537.36\",\"content-type\":\"application/json\",\"referer\":\"http://localhost:4200/login\",\"accept-encoding\":\"gzip, deflate, br\",\"accept-language\":\"en-US,en;q=0.9\"}', '2019-02-15 07:17:15', '2019-02-15 07:17:15'),
(67, 3, 'eyJhbGciOiJIUzI1NiIsInR5cCI6IkpXVCJ9.eyJ1c2VySWQiOjMsIm9yZ2FuaXphdGlvbiI6bnVsbCwicm9sZSI6Mywicm9sZUxldmVsIjozLCJlbWFpbCI6ImV4cGVydEB0ZXN0LmNvbSIsImlhdCI6MTU1MDIzMDA4NCwiZXhwIjoxNTUwMzE2NDg0fQ.5bwr5HrJUi4Zl0t-3eIPjll_azHr_ck2PN0OTKJWVtc', '{\"host\":\"localhost:3000\",\"connection\":\"keep-alive\",\"content-length\":\"49\",\"accept\":\"application/json, text/plain, */*\",\"origin\":\"http://localhost:4200\",\"user-agent\":\"Mozilla/5.0 (Windows NT 10.0) AppleWebKit/537.36 (KHTML, like Gecko) Chrome/72.0.3626.109 Safari/537.36\",\"content-type\":\"application/json\",\"referer\":\"http://localhost:4200/login?returnUrl=%2Fmain%2Fexpertreview\",\"accept-encoding\":\"gzip, deflate, br\",\"accept-language\":\"en-US,en;q=0.9\"}', '2019-02-15 11:28:04', '2019-02-15 11:28:04');

-- --------------------------------------------------------

--
-- Table structure for table `user_profile`
--

CREATE TABLE `user_profile` (
  `id` int(11) NOT NULL,
  `userId` int(11) NOT NULL,
  `about` text,
  `adress` text,
  `pincode` varchar(15) DEFAULT NULL,
  `linkedinId` varchar(255) DEFAULT NULL,
  `resume` text,
  `createdAt` datetime NOT NULL,
  `updatedAt` datetime NOT NULL
) ENGINE=InnoDB DEFAULT CHARSET=latin1;

--
-- Dumping data for table `user_profile`
--

INSERT INTO `user_profile` (`id`, `userId`, `about`, `adress`, `pincode`, `linkedinId`, `resume`, `createdAt`, `updatedAt`) VALUES
(1, 5, '5 years experiance', 'vizag', '530013', 'linkedin.com', NULL, '2019-02-14 00:00:00', '0000-00-00 00:00:00');

-- --------------------------------------------------------

--
-- Table structure for table `user_profile_edu`
--

CREATE TABLE `user_profile_edu` (
  `id` int(11) NOT NULL,
  `userProfileId` int(11) NOT NULL,
  `education` varchar(255) NOT NULL,
  `university` varchar(255) NOT NULL,
  `courseFrom` int(11) NOT NULL,
  `courseTo` int(11) NOT NULL,
  `specilization` varchar(255) NOT NULL,
  `grade` varchar(10) NOT NULL,
  `createdAt` datetime NOT NULL,
  `updatedAt` datetime NOT NULL
) ENGINE=InnoDB DEFAULT CHARSET=latin1;

--
-- Dumping data for table `user_profile_edu`
--

INSERT INTO `user_profile_edu` (`id`, `userProfileId`, `education`, `university`, `courseFrom`, `courseTo`, `specilization`, `grade`, `createdAt`, `updatedAt`) VALUES
(1, 1, 'B.tech', 'AU', 2008, 2012, 'cse', 'a', '0000-00-00 00:00:00', '0000-00-00 00:00:00'),
(2, 1, 'Inter', 'BOI', 2006, 2008, 'MPC', 'a', '0000-00-00 00:00:00', '0000-00-00 00:00:00');

-- --------------------------------------------------------

--
-- Table structure for table `user_profile_exp`
--

CREATE TABLE `user_profile_exp` (
  `id` int(11) NOT NULL,
  `userProfileId` int(11) NOT NULL,
  `organizationName` varchar(255) NOT NULL,
  `desgination` varchar(255) NOT NULL,
  `joinedDate` date NOT NULL,
  `relivedDate` date DEFAULT NULL,
  `createdAt` datetime NOT NULL,
  `updatedAt` datetime NOT NULL
) ENGINE=InnoDB DEFAULT CHARSET=latin1;

-- --------------------------------------------------------

--
-- Table structure for table `user_profile_subdomains`
--

CREATE TABLE `user_profile_subdomains` (
  `id` int(11) NOT NULL,
  `userId` int(11) NOT NULL,
  `userSkills` int(11) NOT NULL,
  `createdAt` datetime NOT NULL,
  `updatedAt` datetime NOT NULL
) ENGINE=InnoDB DEFAULT CHARSET=latin1;

--
-- Dumping data for table `user_profile_subdomains`
--

INSERT INTO `user_profile_subdomains` (`id`, `userId`, `userSkills`, `createdAt`, `updatedAt`) VALUES
(1, 5, 1, '0000-00-00 00:00:00', '0000-00-00 00:00:00'),
(2, 5, 4, '0000-00-00 00:00:00', '0000-00-00 00:00:00'),
(3, 8, 2, '2019-02-14 06:47:15', '2019-02-14 06:47:15'),
(4, 8, 1, '2019-02-14 06:47:15', '2019-02-14 06:47:15'),
(5, 8, 3, '2019-02-14 06:47:15', '2019-02-14 06:47:15'),
(6, 9, 1, '2019-02-14 07:01:32', '2019-02-14 07:01:32'),
(7, 9, 2, '2019-02-14 07:01:32', '2019-02-14 07:01:32'),
(8, 9, 3, '2019-02-14 07:01:32', '2019-02-14 07:01:32'),
(9, 9, 4, '2019-02-14 07:01:32', '2019-02-14 07:01:32'),
(10, 10, 1, '2019-02-14 09:25:32', '2019-02-14 09:25:32'),
(11, 10, 2, '2019-02-14 09:25:32', '2019-02-14 09:25:32'),
(12, 10, 3, '2019-02-14 09:25:32', '2019-02-14 09:25:32'),
(13, 10, 4, '2019-02-14 09:25:32', '2019-02-14 09:25:32');

--
-- Indexes for dumped tables
--

--
-- Indexes for table `coupons`
--
ALTER TABLE `coupons`
  ADD PRIMARY KEY (`id`),
  ADD KEY `userId` (`userId`);

--
-- Indexes for table `domain`
--
ALTER TABLE `domain`
  ADD PRIMARY KEY (`id`);

--
-- Indexes for table `exp_level`
--
ALTER TABLE `exp_level`
  ADD PRIMARY KEY (`id`),
  ADD KEY `organizationId` (`organizationId`),
  ADD KEY `userId` (`userId`);

--
-- Indexes for table `interview`
--
ALTER TABLE `interview`
  ADD PRIMARY KEY (`id`),
  ADD KEY `domainId` (`domainId`),
  ADD KEY `expertLevelId` (`expLevelId`),
  ADD KEY `instanceId` (`organizationId`),
  ADD KEY `subDomainId` (`subDomainId`),
  ADD KEY `userId` (`userId`);

--
-- Indexes for table `interview_experts`
--
ALTER TABLE `interview_experts`
  ADD PRIMARY KEY (`id`),
  ADD KEY `expertId` (`expertId`),
  ADD KEY `interviewUserId` (`interviewUserId`);

--
-- Indexes for table `interview_experts_feedback`
--
ALTER TABLE `interview_experts_feedback`
  ADD PRIMARY KEY (`id`),
  ADD KEY `interviewExpertId` (`interviewExpertId`),
  ADD KEY `interviewUserQuestionId` (`interviewUserQuestionId`);

--
-- Indexes for table `interview_expert_overall_feedback`
--
ALTER TABLE `interview_expert_overall_feedback`
  ADD PRIMARY KEY (`id`),
  ADD KEY `interviewExpertId` (`interviewExpertId`),
  ADD KEY `reviewskillsId` (`reportPerameterId`);

--
-- Indexes for table `interview_fixed_questions`
--
ALTER TABLE `interview_fixed_questions`
  ADD PRIMARY KEY (`id`),
  ADD KEY `questionId` (`questionId`),
  ADD KEY `interview_fixed_questions_ibfk_1` (`interviewId`);

--
-- Indexes for table `interview_question_template`
--
ALTER TABLE `interview_question_template`
  ADD PRIMARY KEY (`id`),
  ADD KEY `domainId` (`domainId`),
  ADD KEY `expertLevelId` (`expertLevelId`),
  ADD KEY `organizationId` (`organizationId`),
  ADD KEY `subDomainId` (`subDomainId`),
  ADD KEY `userId` (`userId`);

--
-- Indexes for table `interview_question_template_fixed_questions`
--
ALTER TABLE `interview_question_template_fixed_questions`
  ADD PRIMARY KEY (`id`),
  ADD KEY `questionId` (`questionId`),
  ADD KEY `questionTemplateId` (`interviewQuestionTemplateId`);

--
-- Indexes for table `interview_types`
--
ALTER TABLE `interview_types`
  ADD PRIMARY KEY (`id`);

--
-- Indexes for table `interview_type_map`
--
ALTER TABLE `interview_type_map`
  ADD PRIMARY KEY (`id`),
  ADD KEY `instanceId` (`organizationId`),
  ADD KEY `paymentId` (`paymentId`),
  ADD KEY `userId` (`userId`);

--
-- Indexes for table `interview_type_map_child`
--
ALTER TABLE `interview_type_map_child`
  ADD PRIMARY KEY (`id`),
  ADD KEY `interviewTypeId` (`interviewTypeId`),
  ADD KEY `interviewTypeMapId` (`interviewTypeMapId`);

--
-- Indexes for table `interview_users`
--
ALTER TABLE `interview_users`
  ADD PRIMARY KEY (`id`),
  ADD KEY `interviewId` (`interviewId`);

--
-- Indexes for table `interview_user_questions`
--
ALTER TABLE `interview_user_questions`
  ADD PRIMARY KEY (`id`),
  ADD KEY `interviewUserId` (`interviewUserId`),
  ADD KEY `questionId` (`questionId`);

--
-- Indexes for table `logs`
--
ALTER TABLE `logs`
  ADD PRIMARY KEY (`id`),
  ADD KEY `userId` (`userId`);

--
-- Indexes for table `menu_access_map`
--
ALTER TABLE `menu_access_map`
  ADD PRIMARY KEY (`id`),
  ADD KEY `menu_access_role_id_fk` (`roleId`),
  ADD KEY `menu_access_map_ibfk_1` (`menuId`);

--
-- Indexes for table `menu_master`
--
ALTER TABLE `menu_master`
  ADD PRIMARY KEY (`id`),
  ADD KEY `menu_master_module_id_fk` (`moduleId`);

--
-- Indexes for table `menu_modules_master`
--
ALTER TABLE `menu_modules_master`
  ADD PRIMARY KEY (`id`),
  ADD UNIQUE KEY `module_title_unique` (`menuTitle`);

--
-- Indexes for table `organization`
--
ALTER TABLE `organization`
  ADD PRIMARY KEY (`id`);

--
-- Indexes for table `organization_campus`
--
ALTER TABLE `organization_campus`
  ADD PRIMARY KEY (`id`);

--
-- Indexes for table `payments`
--
ALTER TABLE `payments`
  ADD PRIMARY KEY (`id`);

--
-- Indexes for table `questions`
--
ALTER TABLE `questions`
  ADD PRIMARY KEY (`id`),
  ADD KEY `expertLevelId` (`expLevelId`),
  ADD KEY `instanceId` (`organizationId`),
  ADD KEY `userId` (`userId`),
  ADD KEY `domainId` (`domainId`),
  ADD KEY `subDomainId` (`subDomainId`);

--
-- Indexes for table `report_perameters`
--
ALTER TABLE `report_perameters`
  ADD PRIMARY KEY (`id`),
  ADD KEY `organizationId` (`organizationId`);

--
-- Indexes for table `roles`
--
ALTER TABLE `roles`
  ADD PRIMARY KEY (`id`);

--
-- Indexes for table `sub_domains`
--
ALTER TABLE `sub_domains`
  ADD PRIMARY KEY (`id`),
  ADD KEY `domainId` (`domainId`);

--
-- Indexes for table `users`
--
ALTER TABLE `users`
  ADD PRIMARY KEY (`id`),
  ADD KEY `roleId` (`roleId`),
  ADD KEY `instanceId` (`organizationId`);

--
-- Indexes for table `user_groups`
--
ALTER TABLE `user_groups`
  ADD PRIMARY KEY (`id`),
  ADD KEY `organizationId` (`organizationId`);

--
-- Indexes for table `user_groups_map`
--
ALTER TABLE `user_groups_map`
  ADD PRIMARY KEY (`id`),
  ADD KEY `userId` (`userId`),
  ADD KEY `groupId` (`groupId`);

--
-- Indexes for table `user_login_logs`
--
ALTER TABLE `user_login_logs`
  ADD PRIMARY KEY (`id`),
  ADD KEY `userId` (`userId`);

--
-- Indexes for table `user_profile`
--
ALTER TABLE `user_profile`
  ADD PRIMARY KEY (`id`),
  ADD KEY `userId` (`userId`);

--
-- Indexes for table `user_profile_edu`
--
ALTER TABLE `user_profile_edu`
  ADD PRIMARY KEY (`id`),
  ADD KEY `userProfileId` (`userProfileId`);

--
-- Indexes for table `user_profile_exp`
--
ALTER TABLE `user_profile_exp`
  ADD PRIMARY KEY (`id`),
  ADD KEY `userProfileId` (`userProfileId`);

--
-- Indexes for table `user_profile_subdomains`
--
ALTER TABLE `user_profile_subdomains`
  ADD PRIMARY KEY (`id`),
  ADD KEY `userProfileId` (`userId`),
  ADD KEY `userSkills` (`userSkills`);

--
-- AUTO_INCREMENT for dumped tables
--

--
-- AUTO_INCREMENT for table `coupons`
--
ALTER TABLE `coupons`
  MODIFY `id` int(11) NOT NULL AUTO_INCREMENT;

--
-- AUTO_INCREMENT for table `domain`
--
ALTER TABLE `domain`
  MODIFY `id` int(11) NOT NULL AUTO_INCREMENT, AUTO_INCREMENT=2;

--
-- AUTO_INCREMENT for table `exp_level`
--
ALTER TABLE `exp_level`
  MODIFY `id` int(11) NOT NULL AUTO_INCREMENT, AUTO_INCREMENT=3;

--
-- AUTO_INCREMENT for table `interview`
--
ALTER TABLE `interview`
  MODIFY `id` int(11) NOT NULL AUTO_INCREMENT, AUTO_INCREMENT=2;

--
-- AUTO_INCREMENT for table `interview_experts`
--
ALTER TABLE `interview_experts`
  MODIFY `id` int(11) NOT NULL AUTO_INCREMENT, AUTO_INCREMENT=3;

--
-- AUTO_INCREMENT for table `interview_experts_feedback`
--
ALTER TABLE `interview_experts_feedback`
  MODIFY `id` int(11) NOT NULL AUTO_INCREMENT, AUTO_INCREMENT=9;

--
-- AUTO_INCREMENT for table `interview_expert_overall_feedback`
--
ALTER TABLE `interview_expert_overall_feedback`
  MODIFY `id` int(11) NOT NULL AUTO_INCREMENT, AUTO_INCREMENT=16;

--
-- AUTO_INCREMENT for table `interview_fixed_questions`
--
ALTER TABLE `interview_fixed_questions`
  MODIFY `id` int(11) NOT NULL AUTO_INCREMENT, AUTO_INCREMENT=2;

--
-- AUTO_INCREMENT for table `interview_question_template`
--
ALTER TABLE `interview_question_template`
  MODIFY `id` int(11) NOT NULL AUTO_INCREMENT;

--
-- AUTO_INCREMENT for table `interview_question_template_fixed_questions`
--
ALTER TABLE `interview_question_template_fixed_questions`
  MODIFY `id` int(11) NOT NULL AUTO_INCREMENT;

--
-- AUTO_INCREMENT for table `interview_types`
--
ALTER TABLE `interview_types`
  MODIFY `id` int(11) NOT NULL AUTO_INCREMENT, AUTO_INCREMENT=3;

--
-- AUTO_INCREMENT for table `interview_type_map`
--
ALTER TABLE `interview_type_map`
  MODIFY `id` int(11) NOT NULL AUTO_INCREMENT, AUTO_INCREMENT=2;

--
-- AUTO_INCREMENT for table `interview_type_map_child`
--
ALTER TABLE `interview_type_map_child`
  MODIFY `id` int(11) NOT NULL AUTO_INCREMENT, AUTO_INCREMENT=2;

--
-- AUTO_INCREMENT for table `interview_users`
--
ALTER TABLE `interview_users`
  MODIFY `id` int(11) NOT NULL AUTO_INCREMENT, AUTO_INCREMENT=5;

--
-- AUTO_INCREMENT for table `interview_user_questions`
--
ALTER TABLE `interview_user_questions`
  MODIFY `id` int(11) NOT NULL AUTO_INCREMENT, AUTO_INCREMENT=17;

--
-- AUTO_INCREMENT for table `logs`
--
ALTER TABLE `logs`
  MODIFY `id` int(11) NOT NULL AUTO_INCREMENT, AUTO_INCREMENT=96;

--
-- AUTO_INCREMENT for table `menu_access_map`
--
ALTER TABLE `menu_access_map`
  MODIFY `id` int(11) NOT NULL AUTO_INCREMENT, AUTO_INCREMENT=48;

--
-- AUTO_INCREMENT for table `menu_master`
--
ALTER TABLE `menu_master`
  MODIFY `id` int(11) NOT NULL AUTO_INCREMENT, AUTO_INCREMENT=22;

--
-- AUTO_INCREMENT for table `menu_modules_master`
--
ALTER TABLE `menu_modules_master`
  MODIFY `id` int(11) NOT NULL AUTO_INCREMENT, AUTO_INCREMENT=7;

--
-- AUTO_INCREMENT for table `organization`
--
ALTER TABLE `organization`
  MODIFY `id` int(11) NOT NULL AUTO_INCREMENT, AUTO_INCREMENT=2;

--
-- AUTO_INCREMENT for table `organization_campus`
--
ALTER TABLE `organization_campus`
  MODIFY `id` int(11) NOT NULL AUTO_INCREMENT, AUTO_INCREMENT=3;

--
-- AUTO_INCREMENT for table `payments`
--
ALTER TABLE `payments`
  MODIFY `id` int(11) NOT NULL AUTO_INCREMENT, AUTO_INCREMENT=5;

--
-- AUTO_INCREMENT for table `questions`
--
ALTER TABLE `questions`
  MODIFY `id` int(11) NOT NULL AUTO_INCREMENT, AUTO_INCREMENT=32;

--
-- AUTO_INCREMENT for table `report_perameters`
--
ALTER TABLE `report_perameters`
  MODIFY `id` int(11) NOT NULL AUTO_INCREMENT, AUTO_INCREMENT=5;

--
-- AUTO_INCREMENT for table `roles`
--
ALTER TABLE `roles`
  MODIFY `id` int(11) NOT NULL AUTO_INCREMENT, AUTO_INCREMENT=6;

--
-- AUTO_INCREMENT for table `sub_domains`
--
ALTER TABLE `sub_domains`
  MODIFY `id` int(11) NOT NULL AUTO_INCREMENT, AUTO_INCREMENT=5;

--
-- AUTO_INCREMENT for table `users`
--
ALTER TABLE `users`
  MODIFY `id` int(11) NOT NULL AUTO_INCREMENT, AUTO_INCREMENT=11;

--
-- AUTO_INCREMENT for table `user_groups`
--
ALTER TABLE `user_groups`
  MODIFY `id` int(11) NOT NULL AUTO_INCREMENT, AUTO_INCREMENT=3;

--
-- AUTO_INCREMENT for table `user_groups_map`
--
ALTER TABLE `user_groups_map`
  MODIFY `id` int(11) NOT NULL AUTO_INCREMENT, AUTO_INCREMENT=7;

--
-- AUTO_INCREMENT for table `user_login_logs`
--
ALTER TABLE `user_login_logs`
  MODIFY `id` int(11) NOT NULL AUTO_INCREMENT, AUTO_INCREMENT=68;

--
-- AUTO_INCREMENT for table `user_profile`
--
ALTER TABLE `user_profile`
  MODIFY `id` int(11) NOT NULL AUTO_INCREMENT, AUTO_INCREMENT=2;

--
-- AUTO_INCREMENT for table `user_profile_edu`
--
ALTER TABLE `user_profile_edu`
  MODIFY `id` int(11) NOT NULL AUTO_INCREMENT, AUTO_INCREMENT=3;

--
-- AUTO_INCREMENT for table `user_profile_exp`
--
ALTER TABLE `user_profile_exp`
  MODIFY `id` int(11) NOT NULL AUTO_INCREMENT;

--
-- AUTO_INCREMENT for table `user_profile_subdomains`
--
ALTER TABLE `user_profile_subdomains`
  MODIFY `id` int(11) NOT NULL AUTO_INCREMENT, AUTO_INCREMENT=14;

--
-- Constraints for dumped tables
--

--
-- Constraints for table `coupons`
--
ALTER TABLE `coupons`
  ADD CONSTRAINT `coupons_ibfk_1` FOREIGN KEY (`userId`) REFERENCES `users` (`id`);

--
-- Constraints for table `exp_level`
--
ALTER TABLE `exp_level`
  ADD CONSTRAINT `exp_level_ibfk_1` FOREIGN KEY (`organizationId`) REFERENCES `organization_campus` (`id`),
  ADD CONSTRAINT `exp_level_ibfk_2` FOREIGN KEY (`userId`) REFERENCES `users` (`id`);

--
-- Constraints for table `interview`
--
ALTER TABLE `interview`
  ADD CONSTRAINT `interview_ibfk_1` FOREIGN KEY (`domainId`) REFERENCES `domain` (`id`),
  ADD CONSTRAINT `interview_ibfk_2` FOREIGN KEY (`expLevelId`) REFERENCES `exp_level` (`id`),
  ADD CONSTRAINT `interview_ibfk_3` FOREIGN KEY (`organizationId`) REFERENCES `organization_campus` (`id`),
  ADD CONSTRAINT `interview_ibfk_4` FOREIGN KEY (`subDomainId`) REFERENCES `sub_domains` (`id`),
  ADD CONSTRAINT `interview_ibfk_5` FOREIGN KEY (`userId`) REFERENCES `users` (`id`);

--
-- Constraints for table `interview_experts`
--
ALTER TABLE `interview_experts`
  ADD CONSTRAINT `interview_experts_ibfk_1` FOREIGN KEY (`expertId`) REFERENCES `users` (`id`),
  ADD CONSTRAINT `interview_experts_ibfk_2` FOREIGN KEY (`interviewUserId`) REFERENCES `interview_users` (`id`);

--
-- Constraints for table `interview_experts_feedback`
--
ALTER TABLE `interview_experts_feedback`
  ADD CONSTRAINT `interview_experts_feedback_ibfk_1` FOREIGN KEY (`interviewExpertId`) REFERENCES `interview_experts` (`id`),
  ADD CONSTRAINT `interview_experts_feedback_ibfk_2` FOREIGN KEY (`interviewUserQuestionId`) REFERENCES `interview_user_questions` (`id`);

--
-- Constraints for table `interview_expert_overall_feedback`
--
ALTER TABLE `interview_expert_overall_feedback`
  ADD CONSTRAINT `interview_expert_overall_feedback_ibfk_1` FOREIGN KEY (`interviewExpertId`) REFERENCES `interview_experts` (`id`),
  ADD CONSTRAINT `interview_expert_overall_feedback_ibfk_2` FOREIGN KEY (`reportPerameterId`) REFERENCES `report_perameters` (`id`);

--
-- Constraints for table `interview_fixed_questions`
--
ALTER TABLE `interview_fixed_questions`
  ADD CONSTRAINT `interview_fixed_questions_ibfk_1` FOREIGN KEY (`interviewId`) REFERENCES `interview` (`id`),
  ADD CONSTRAINT `interview_fixed_questions_ibfk_2` FOREIGN KEY (`questionId`) REFERENCES `questions` (`id`);

--
-- Constraints for table `interview_question_template`
--
ALTER TABLE `interview_question_template`
  ADD CONSTRAINT `interview_question_template_ibfk_1` FOREIGN KEY (`domainId`) REFERENCES `domain` (`id`),
  ADD CONSTRAINT `interview_question_template_ibfk_2` FOREIGN KEY (`expertLevelId`) REFERENCES `exp_level` (`id`),
  ADD CONSTRAINT `interview_question_template_ibfk_3` FOREIGN KEY (`organizationId`) REFERENCES `interview_type_map` (`id`),
  ADD CONSTRAINT `interview_question_template_ibfk_4` FOREIGN KEY (`subDomainId`) REFERENCES `sub_domains` (`id`),
  ADD CONSTRAINT `interview_question_template_ibfk_5` FOREIGN KEY (`userId`) REFERENCES `users` (`id`);

--
-- Constraints for table `interview_question_template_fixed_questions`
--
ALTER TABLE `interview_question_template_fixed_questions`
  ADD CONSTRAINT `interview_question_template_fixed_questions_ibfk_1` FOREIGN KEY (`questionId`) REFERENCES `questions` (`id`),
  ADD CONSTRAINT `interview_question_template_fixed_questions_ibfk_2` FOREIGN KEY (`interviewQuestionTemplateId`) REFERENCES `interview_question_template` (`id`);

--
-- Constraints for table `interview_type_map`
--
ALTER TABLE `interview_type_map`
  ADD CONSTRAINT `interview_type_map_ibfk_1` FOREIGN KEY (`organizationId`) REFERENCES `organization_campus` (`id`),
  ADD CONSTRAINT `interview_type_map_ibfk_2` FOREIGN KEY (`paymentId`) REFERENCES `payments` (`id`),
  ADD CONSTRAINT `interview_type_map_ibfk_3` FOREIGN KEY (`userId`) REFERENCES `users` (`id`);

--
-- Constraints for table `interview_type_map_child`
--
ALTER TABLE `interview_type_map_child`
  ADD CONSTRAINT `interview_type_map_child_ibfk_1` FOREIGN KEY (`interviewTypeId`) REFERENCES `interview_types` (`id`),
  ADD CONSTRAINT `interview_type_map_child_ibfk_2` FOREIGN KEY (`interviewTypeMapId`) REFERENCES `interview_type_map` (`id`);

--
-- Constraints for table `interview_users`
--
ALTER TABLE `interview_users`
  ADD CONSTRAINT `interview_users_ibfk_1` FOREIGN KEY (`interviewId`) REFERENCES `interview` (`id`);

--
-- Constraints for table `interview_user_questions`
--
ALTER TABLE `interview_user_questions`
  ADD CONSTRAINT `interview_user_questions_ibfk_1` FOREIGN KEY (`interviewUserId`) REFERENCES `interview_users` (`id`),
  ADD CONSTRAINT `interview_user_questions_ibfk_2` FOREIGN KEY (`questionId`) REFERENCES `questions` (`id`);

--
-- Constraints for table `logs`
--
ALTER TABLE `logs`
  ADD CONSTRAINT `logs_ibfk_1` FOREIGN KEY (`userId`) REFERENCES `users` (`id`);

--
-- Constraints for table `menu_access_map`
--
ALTER TABLE `menu_access_map`
  ADD CONSTRAINT `menu_access_map_ibfk_1` FOREIGN KEY (`menuId`) REFERENCES `menu_master` (`id`),
  ADD CONSTRAINT `menu_access_map_ibfk_2` FOREIGN KEY (`roleId`) REFERENCES `roles` (`id`);

--
-- Constraints for table `menu_master`
--
ALTER TABLE `menu_master`
  ADD CONSTRAINT `menu_master_ibfk_1` FOREIGN KEY (`moduleId`) REFERENCES `menu_modules_master` (`id`);

--
-- Constraints for table `questions`
--
ALTER TABLE `questions`
  ADD CONSTRAINT `questions_ibfk_1` FOREIGN KEY (`expLevelId`) REFERENCES `exp_level` (`id`),
  ADD CONSTRAINT `questions_ibfk_2` FOREIGN KEY (`organizationId`) REFERENCES `organization_campus` (`id`),
  ADD CONSTRAINT `questions_ibfk_3` FOREIGN KEY (`userId`) REFERENCES `users` (`id`),
  ADD CONSTRAINT `questions_ibfk_4` FOREIGN KEY (`domainId`) REFERENCES `domain` (`id`),
  ADD CONSTRAINT `questions_ibfk_5` FOREIGN KEY (`subDomainId`) REFERENCES `sub_domains` (`id`);

--
-- Constraints for table `report_perameters`
--
ALTER TABLE `report_perameters`
  ADD CONSTRAINT `report_perameters_ibfk_1` FOREIGN KEY (`organizationId`) REFERENCES `organization_campus` (`id`);

--
-- Constraints for table `sub_domains`
--
ALTER TABLE `sub_domains`
  ADD CONSTRAINT `sub_domains_ibfk_1` FOREIGN KEY (`domainId`) REFERENCES `domain` (`id`);

--
-- Constraints for table `users`
--
ALTER TABLE `users`
  ADD CONSTRAINT `users_ibfk_1` FOREIGN KEY (`roleId`) REFERENCES `roles` (`id`),
  ADD CONSTRAINT `users_ibfk_2` FOREIGN KEY (`organizationId`) REFERENCES `organization_campus` (`id`);

--
-- Constraints for table `user_groups`
--
ALTER TABLE `user_groups`
  ADD CONSTRAINT `user_groups_ibfk_1` FOREIGN KEY (`organizationId`) REFERENCES `organization_campus` (`id`);

--
-- Constraints for table `user_groups_map`
--
ALTER TABLE `user_groups_map`
  ADD CONSTRAINT `user_groups_map_ibfk_1` FOREIGN KEY (`userId`) REFERENCES `users` (`id`),
  ADD CONSTRAINT `user_groups_map_ibfk_2` FOREIGN KEY (`groupId`) REFERENCES `user_groups` (`id`);

--
-- Constraints for table `user_login_logs`
--
ALTER TABLE `user_login_logs`
  ADD CONSTRAINT `user_login_logs_ibfk_1` FOREIGN KEY (`userId`) REFERENCES `users` (`id`);

--
-- Constraints for table `user_profile`
--
ALTER TABLE `user_profile`
  ADD CONSTRAINT `user_profile_ibfk_1` FOREIGN KEY (`userId`) REFERENCES `users` (`id`);

--
-- Constraints for table `user_profile_edu`
--
ALTER TABLE `user_profile_edu`
  ADD CONSTRAINT `user_profile_edu_ibfk_1` FOREIGN KEY (`userProfileId`) REFERENCES `user_profile` (`id`);

--
-- Constraints for table `user_profile_exp`
--
ALTER TABLE `user_profile_exp`
  ADD CONSTRAINT `user_profile_exp_ibfk_1` FOREIGN KEY (`userProfileId`) REFERENCES `user_profile` (`id`);

--
-- Constraints for table `user_profile_subdomains`
--
ALTER TABLE `user_profile_subdomains`
  ADD CONSTRAINT `user_profile_subdomains_ibfk_1` FOREIGN KEY (`userId`) REFERENCES `users` (`id`),
  ADD CONSTRAINT `user_profile_subdomains_ibfk_2` FOREIGN KEY (`userSkills`) REFERENCES `sub_domains` (`id`);
COMMIT;

/*!40101 SET CHARACTER_SET_CLIENT=@OLD_CHARACTER_SET_CLIENT */;
/*!40101 SET CHARACTER_SET_RESULTS=@OLD_CHARACTER_SET_RESULTS */;
/*!40101 SET COLLATION_CONNECTION=@OLD_COLLATION_CONNECTION */;
